2025-10-14 22:14:25,565 [Worker-4: Loading available Gradle versions] INFO  o.e.b.c.i.u.g.PublishedGradleVersions - Gradle version information cache is up-to-date. Trying to read.
2025-10-15 10:40:17,514 [Worker-5: Loading available Gradle versions] INFO  o.e.b.c.i.u.g.PublishedGradleVersions - Gradle version information cache is up-to-date. Trying to read.
2025-10-16 16:10:38,890 [Worker-9: Loading available Gradle versions] INFO  o.e.b.c.i.u.g.PublishedGradleVersions - Gradle version information cache is out-of-date. Trying to update.
2025-10-16 19:45:47,174 [Worker-5: Loading available Gradle versions] INFO  o.e.b.c.i.u.g.PublishedGradleVersions - Gradle version information cache is up-to-date. Trying to read.
2025-10-27 09:42:07,811 [Worker-0: Loading available Gradle versions] INFO  o.e.b.c.i.u.g.PublishedGradleVersions - Gradle version information cache is up-to-date. Trying to read.
2025-10-28 08:14:49,324 [Worker-1: Loading available Gradle versions] INFO  o.e.b.c.i.u.g.PublishedGradleVersions - Gradle version information cache is up-to-date. Trying to read.
2025-10-28 10:02:59,393 [Worker-27: Creating maven-archetype-webapp] INFO  o.e.m.c.i.p.ProjectConfigurationManager - Collecting project info '/pom.xml' C:\Users\VEERESH K C\Servelet-Project-Workspace\com.demo\pom.xml
2025-10-28 10:03:01,088 [Worker-27: Creating maven-archetype-webapp] INFO  o.e.m.c.i.l.LifecycleMappingFactory - Using org.maven.ide.eclipse.wtp.WarLifecycleMapping lifecycle mapping for MavenProject: EmployeeCRUD:com.demo:0.0.1-SNAPSHOT @ C:\Users\VEERESH K C\Servelet-Project-Workspace\com.demo\pom.xml.
2025-10-28 10:03:04,468 [Worker-27: Creating maven-archetype-webapp] WARN  Sisu - Error injecting: org.apache.maven.plugin.war.WarMojo
com.google.inject.ProvisionException: Unable to provision, see the following errors:

1) Error injecting constructor, java.lang.ExceptionInInitializerError: Cannot access defaults field of Properties
  at org.apache.maven.plugin.war.WarMojo.<init>(Unknown Source)
  while locating org.apache.maven.plugin.war.WarMojo

1 error
	at com.google.inject.internal.InternalProvisionException.toProvisionException(InternalProvisionException.java:226)
	at com.google.inject.internal.InjectorImpl$1.get(InjectorImpl.java:1053)
	at com.google.inject.internal.InjectorImpl.getInstance(InjectorImpl.java:1086)
	at org.eclipse.sisu.space.AbstractDeferredClass.get(AbstractDeferredClass.java:48)
	at com.google.inject.internal.ProviderInternalFactory.provision(ProviderInternalFactory.java:85)
	at com.google.inject.internal.InternalFactoryToInitializableAdapter.provision(InternalFactoryToInitializableAdapter.java:57)
	at com.google.inject.internal.ProviderInternalFactory$1.call(ProviderInternalFactory.java:66)
	at com.google.inject.internal.ProvisionListenerStackCallback$Provision.provision(ProvisionListenerStackCallback.java:112)
	at com.google.inject.internal.ProvisionListenerStackCallback$Provision.provision(ProvisionListenerStackCallback.java:127)
	at com.google.inject.internal.ProvisionListenerStackCallback.provision(ProvisionListenerStackCallback.java:66)
	at com.google.inject.internal.ProviderInternalFactory.circularGet(ProviderInternalFactory.java:61)
	at com.google.inject.internal.InternalFactoryToInitializableAdapter.get(InternalFactoryToInitializableAdapter.java:47)
	at com.google.inject.internal.InjectorImpl$1.get(InjectorImpl.java:1050)
	at org.eclipse.sisu.inject.Guice4$1.get(Guice4.java:162)
	at org.eclipse.sisu.inject.LazyBeanEntry.getValue(LazyBeanEntry.java:81)
	at org.eclipse.sisu.plexus.LazyPlexusBean.getValue(LazyPlexusBean.java:51)
	at org.codehaus.plexus.DefaultPlexusContainer.lookup(DefaultPlexusContainer.java:263)
	at org.codehaus.plexus.DefaultPlexusContainer.lookup(DefaultPlexusContainer.java:255)
	at org.apache.maven.plugin.internal.DefaultMavenPluginManager.getConfiguredMojo(DefaultMavenPluginManager.java:520)
	at org.eclipse.m2e.core.internal.embedder.MavenImpl.getConfiguredMojo(MavenImpl.java:359)
	at org.sonatype.m2e.mavenarchiver.internal.AbstractMavenArchiverConfigurator.reflectManifestGeneration(AbstractMavenArchiverConfigurator.java:469)
	at org.sonatype.m2e.mavenarchiver.internal.AbstractMavenArchiverConfigurator.generateManifest(AbstractMavenArchiverConfigurator.java:422)
	at org.sonatype.m2e.mavenarchiver.internal.AbstractMavenArchiverConfigurator.mavenProjectChanged(AbstractMavenArchiverConfigurator.java:227)
	at org.eclipse.m2e.wtp.mavenarchiver.AbstractWTPArchiverConfigurator.mavenProjectChanged(AbstractWTPArchiverConfigurator.java:56)
	at org.eclipse.m2e.core.internal.project.ProjectConfigurationManager.mavenProjectChanged(ProjectConfigurationManager.java:1056)
	at org.eclipse.m2e.core.internal.project.registry.ProjectRegistryManager.notifyProjectChangeListeners(ProjectRegistryManager.java:806)
	at org.eclipse.m2e.core.internal.project.registry.ProjectRegistryManager.applyMutableProjectRegistry(ProjectRegistryManager.java:972)
	at org.eclipse.m2e.core.internal.project.registry.ProjectRegistryManager.refresh(ProjectRegistryManager.java:305)
	at org.eclipse.m2e.core.internal.project.ProjectConfigurationManager.configureNewMavenProjects(ProjectConfigurationManager.java:269)
	at org.eclipse.m2e.core.internal.project.ProjectConfigurationManager.lambda$0(ProjectConfigurationManager.java:178)
	at org.eclipse.m2e.core.internal.embedder.MavenExecutionContext.executeBare(MavenExecutionContext.java:182)
	at org.eclipse.m2e.core.internal.embedder.MavenExecutionContext.execute(MavenExecutionContext.java:117)
	at org.eclipse.m2e.core.internal.embedder.MavenExecutionContext.execute(MavenExecutionContext.java:103)
	at org.eclipse.m2e.core.internal.embedder.MavenImpl.execute(MavenImpl.java:1416)
	at org.eclipse.m2e.core.internal.project.ProjectConfigurationManager.importProjects(ProjectConfigurationManager.java:148)
	at org.eclipse.m2e.core.internal.project.ProjectConfigurationManager.createArchetypeProjects0(ProjectConfigurationManager.java:875)
	at org.eclipse.m2e.core.internal.project.ProjectConfigurationManager.lambda$3(ProjectConfigurationManager.java:806)
	at org.eclipse.m2e.core.internal.embedder.MavenExecutionContext.executeBare(MavenExecutionContext.java:182)
	at org.eclipse.m2e.core.internal.embedder.MavenExecutionContext.execute(MavenExecutionContext.java:156)
	at org.eclipse.m2e.core.internal.embedder.MavenExecutionContext.execute(MavenExecutionContext.java:103)
	at org.eclipse.m2e.core.internal.embedder.MavenImpl.execute(MavenImpl.java:1416)
	at org.eclipse.m2e.core.internal.project.ProjectConfigurationManager.createArchetypeProjects(ProjectConfigurationManager.java:806)
	at org.eclipse.m2e.core.ui.internal.wizards.MavenProjectWizard$3.doCreateMavenProjects(MavenProjectWizard.java:236)
	at org.eclipse.m2e.core.ui.internal.wizards.AbstractCreateMavenProjectJob$1.doCreateMavenProjects(AbstractCreateMavenProjectJob.java:65)
	at org.eclipse.m2e.core.ui.internal.wizards.AbstractCreateMavenProjectsOperation.run(AbstractCreateMavenProjectsOperation.java:76)
	at org.eclipse.m2e.core.ui.internal.wizards.AbstractCreateMavenProjectJob.runInWorkspace(AbstractCreateMavenProjectJob.java:69)
	at org.eclipse.core.internal.resources.InternalWorkspaceJob.run(InternalWorkspaceJob.java:42)
	at org.eclipse.core.internal.jobs.Worker.run(Worker.java:63)
Caused by: java.lang.ExceptionInInitializerError: Cannot access defaults field of Properties
	at com.thoughtworks.xstream.converters.collections.PropertiesConverter.<clinit>(PropertiesConverter.java:46)
	at com.thoughtworks.xstream.XStream.setupConverters(XStream.java:647)
	at com.thoughtworks.xstream.XStream.<init>(XStream.java:445)
	at com.thoughtworks.xstream.XStream.<init>(XStream.java:385)
	at com.thoughtworks.xstream.XStream.<init>(XStream.java:342)
	at org.apache.maven.plugin.war.util.WebappStructureSerializer.<clinit>(WebappStructureSerializer.java:47)
	at org.apache.maven.plugin.war.AbstractWarMojo.<init>(AbstractWarMojo.java:316)
	at org.apache.maven.plugin.war.WarMojo.<init>(WarMojo.java:49)
	at java.base/jdk.internal.reflect.NativeConstructorAccessorImpl.newInstance0(Native Method)
	at java.base/jdk.internal.reflect.NativeConstructorAccessorImpl.newInstance(NativeConstructorAccessorImpl.java:77)
	at java.base/jdk.internal.reflect.DelegatingConstructorAccessorImpl.newInstance(DelegatingConstructorAccessorImpl.java:45)
	at java.base/java.lang.reflect.Constructor.newInstanceWithCaller(Constructor.java:499)
	at java.base/java.lang.reflect.Constructor.newInstance(Constructor.java:480)
	at com.google.inject.internal.DefaultConstructionProxyFactory$ReflectiveProxy.newInstance(DefaultConstructionProxyFactory.java:126)
	at com.google.inject.internal.ConstructorInjector.provision(ConstructorInjector.java:114)
	at com.google.inject.internal.ConstructorInjector.access$000(ConstructorInjector.java:32)
	at com.google.inject.internal.ConstructorInjector$1.call(ConstructorInjector.java:98)
	at com.google.inject.internal.ProvisionListenerStackCallback$Provision.provision(ProvisionListenerStackCallback.java:112)
	at com.google.inject.internal.ProvisionListenerStackCallback$Provision.provision(ProvisionListenerStackCallback.java:127)
	at com.google.inject.internal.ProvisionListenerStackCallback.provision(ProvisionListenerStackCallback.java:66)
	at com.google.inject.internal.ConstructorInjector.construct(ConstructorInjector.java:93)
	at com.google.inject.internal.ConstructorBindingImpl$Factory.get(ConstructorBindingImpl.java:306)
	at com.google.inject.internal.InjectorImpl$1.get(InjectorImpl.java:1050)
	... 46 common frames omitted
2025-10-28 10:03:05,488 [Worker-27: Creating maven-archetype-webapp] INFO  o.e.m.j.i.AbstractJavaProjectConfigurator - Adding source folder /com.demo/src/main/java
2025-10-28 10:03:05,490 [Worker-27: Creating maven-archetype-webapp] INFO  o.e.m.j.i.AbstractJavaProjectConfigurator - Adding resource folder /com.demo/src/main/resources
2025-10-28 10:03:05,492 [Worker-27: Creating maven-archetype-webapp] INFO  o.e.m.j.i.AbstractJavaProjectConfigurator - Adding source folder /com.demo/src/test/java
2025-10-28 10:03:07,842 [Worker-27: Creating maven-archetype-webapp] INFO  o.e.m.c.i.p.ProjectConfigurationManager - Imported and configured 1 project(s) in 8 sec
2025-10-28 10:03:08,375 [Worker-31: Building] WARN  o.e.m.c.i.embedder.EclipseLogger - Using platform encoding (Cp1252 actually) to copy filtered resources, i.e. build is platform dependent!
2025-10-28 10:03:08,388 [Worker-31: Building] INFO  o.e.m.c.i.embedder.EclipseLogger - Copying 0 resource
2025-10-28 10:03:08,394 [Worker-31: Building] WARN  o.e.m.c.i.embedder.EclipseLogger - Using platform encoding (Cp1252 actually) to copy filtered resources, i.e. build is platform dependent!
2025-10-28 10:03:08,396 [Worker-31: Building] INFO  o.e.m.c.i.embedder.EclipseLogger - skip non existing resourceDirectory C:\Users\VEERESH K C\Servelet-Project-Workspace\com.demo\src\test\resources
2025-10-28 10:03:08,410 [Worker-31: Building] WARN  Sisu - Error injecting: org.apache.maven.plugin.war.WarMojo
com.google.inject.ProvisionException: Unable to provision, see the following errors:

1) Error injecting constructor, java.lang.NoClassDefFoundError: Could not initialize class org.apache.maven.plugin.war.util.WebappStructureSerializer
  at org.apache.maven.plugin.war.WarMojo.<init>(Unknown Source)
  while locating org.apache.maven.plugin.war.WarMojo

1 error
	at com.google.inject.internal.InternalProvisionException.toProvisionException(InternalProvisionException.java:226)
	at com.google.inject.internal.InjectorImpl$1.get(InjectorImpl.java:1053)
	at com.google.inject.internal.InjectorImpl.getInstance(InjectorImpl.java:1086)
	at org.eclipse.sisu.space.AbstractDeferredClass.get(AbstractDeferredClass.java:48)
	at com.google.inject.internal.ProviderInternalFactory.provision(ProviderInternalFactory.java:85)
	at com.google.inject.internal.InternalFactoryToInitializableAdapter.provision(InternalFactoryToInitializableAdapter.java:57)
	at com.google.inject.internal.ProviderInternalFactory$1.call(ProviderInternalFactory.java:66)
	at com.google.inject.internal.ProvisionListenerStackCallback$Provision.provision(ProvisionListenerStackCallback.java:112)
	at com.google.inject.internal.ProvisionListenerStackCallback$Provision.provision(ProvisionListenerStackCallback.java:127)
	at com.google.inject.internal.ProvisionListenerStackCallback.provision(ProvisionListenerStackCallback.java:66)
	at com.google.inject.internal.ProviderInternalFactory.circularGet(ProviderInternalFactory.java:61)
	at com.google.inject.internal.InternalFactoryToInitializableAdapter.get(InternalFactoryToInitializableAdapter.java:47)
	at com.google.inject.internal.InjectorImpl$1.get(InjectorImpl.java:1050)
	at org.eclipse.sisu.inject.Guice4$1.get(Guice4.java:162)
	at org.eclipse.sisu.inject.LazyBeanEntry.getValue(LazyBeanEntry.java:81)
	at org.eclipse.sisu.plexus.LazyPlexusBean.getValue(LazyPlexusBean.java:51)
	at org.codehaus.plexus.DefaultPlexusContainer.lookup(DefaultPlexusContainer.java:263)
	at org.codehaus.plexus.DefaultPlexusContainer.lookup(DefaultPlexusContainer.java:255)
	at org.apache.maven.plugin.internal.DefaultMavenPluginManager.getConfiguredMojo(DefaultMavenPluginManager.java:520)
	at org.eclipse.m2e.core.internal.embedder.MavenImpl.getConfiguredMojo(MavenImpl.java:359)
	at org.sonatype.m2e.mavenarchiver.internal.AbstractMavenArchiverConfigurator.reflectManifestGeneration(AbstractMavenArchiverConfigurator.java:469)
	at org.sonatype.m2e.mavenarchiver.internal.AbstractMavenArchiverConfigurator.generateManifest(AbstractMavenArchiverConfigurator.java:422)
	at org.sonatype.m2e.mavenarchiver.internal.AbstractMavenArchiverConfigurator.mavenProjectChanged(AbstractMavenArchiverConfigurator.java:227)
	at org.sonatype.m2e.mavenarchiver.internal.AbstractMavenArchiverConfigurator$1.build(AbstractMavenArchiverConfigurator.java:167)
	at org.eclipse.m2e.core.internal.builder.MavenBuilderImpl.build(MavenBuilderImpl.java:135)
	at org.eclipse.m2e.core.internal.builder.MavenBuilder$1.method(MavenBuilder.java:169)
	at org.eclipse.m2e.core.internal.builder.MavenBuilder$1.method(MavenBuilder.java:1)
	at org.eclipse.m2e.core.internal.builder.MavenBuilder$BuildMethod.lambda$1(MavenBuilder.java:114)
	at org.eclipse.m2e.core.internal.embedder.MavenExecutionContext.executeBare(MavenExecutionContext.java:182)
	at org.eclipse.m2e.core.internal.embedder.MavenExecutionContext.execute(MavenExecutionContext.java:117)
	at org.eclipse.m2e.core.internal.builder.MavenBuilder$BuildMethod.lambda$0(MavenBuilder.java:105)
	at org.eclipse.m2e.core.internal.embedder.MavenExecutionContext.executeBare(MavenExecutionContext.java:182)
	at org.eclipse.m2e.core.internal.embedder.MavenExecutionContext.execute(MavenExecutionContext.java:156)
	at org.eclipse.m2e.core.internal.embedder.MavenExecutionContext.execute(MavenExecutionContext.java:103)
	at org.eclipse.m2e.core.internal.builder.MavenBuilder$BuildMethod.execute(MavenBuilder.java:88)
	at org.eclipse.m2e.core.internal.builder.MavenBuilder.build(MavenBuilder.java:198)
	at org.eclipse.core.internal.events.BuildManager$2.run(BuildManager.java:860)
	at org.eclipse.core.runtime.SafeRunner.run(SafeRunner.java:45)
	at org.eclipse.core.internal.events.BuildManager.basicBuild(BuildManager.java:232)
	at org.eclipse.core.internal.events.BuildManager.basicBuild(BuildManager.java:281)
	at org.eclipse.core.internal.events.BuildManager$1.run(BuildManager.java:334)
	at org.eclipse.core.runtime.SafeRunner.run(SafeRunner.java:45)
	at org.eclipse.core.internal.events.BuildManager.basicBuild(BuildManager.java:337)
	at org.eclipse.core.internal.events.BuildManager.basicBuildLoop(BuildManager.java:392)
	at org.eclipse.core.internal.events.BuildManager.build(BuildManager.java:417)
	at org.eclipse.core.internal.events.AutoBuildJob.doBuild(AutoBuildJob.java:161)
	at org.eclipse.core.internal.events.AutoBuildJob.run(AutoBuildJob.java:255)
	at org.eclipse.core.internal.jobs.Worker.run(Worker.java:63)
Caused by: java.lang.NoClassDefFoundError: Could not initialize class org.apache.maven.plugin.war.util.WebappStructureSerializer
	at org.apache.maven.plugin.war.AbstractWarMojo.<init>(AbstractWarMojo.java:316)
	at org.apache.maven.plugin.war.WarMojo.<init>(WarMojo.java:49)
	at java.base/jdk.internal.reflect.NativeConstructorAccessorImpl.newInstance0(Native Method)
	at java.base/jdk.internal.reflect.NativeConstructorAccessorImpl.newInstance(NativeConstructorAccessorImpl.java:77)
	at java.base/jdk.internal.reflect.DelegatingConstructorAccessorImpl.newInstance(DelegatingConstructorAccessorImpl.java:45)
	at java.base/java.lang.reflect.Constructor.newInstanceWithCaller(Constructor.java:499)
	at java.base/java.lang.reflect.Constructor.newInstance(Constructor.java:480)
	at com.google.inject.internal.DefaultConstructionProxyFactory$ReflectiveProxy.newInstance(DefaultConstructionProxyFactory.java:126)
	at com.google.inject.internal.ConstructorInjector.provision(ConstructorInjector.java:114)
	at com.google.inject.internal.ConstructorInjector.access$000(ConstructorInjector.java:32)
	at com.google.inject.internal.ConstructorInjector$1.call(ConstructorInjector.java:98)
	at com.google.inject.internal.ProvisionListenerStackCallback$Provision.provision(ProvisionListenerStackCallback.java:112)
	at com.google.inject.internal.ProvisionListenerStackCallback$Provision.provision(ProvisionListenerStackCallback.java:127)
	at com.google.inject.internal.ProvisionListenerStackCallback.provision(ProvisionListenerStackCallback.java:66)
	at com.google.inject.internal.ConstructorInjector.construct(ConstructorInjector.java:93)
	at com.google.inject.internal.ConstructorBindingImpl$Factory.get(ConstructorBindingImpl.java:306)
	at com.google.inject.internal.InjectorImpl$1.get(InjectorImpl.java:1050)
	... 46 common frames omitted
2025-10-28 10:12:14,316 [Worker-35: Building] INFO  o.e.m.c.i.l.LifecycleMappingFactory - Using org.maven.ide.eclipse.wtp.WarLifecycleMapping lifecycle mapping for MavenProject: EmployeeCRUD:com.demo:0.0.1-SNAPSHOT @ C:\Users\VEERESH K C\Servelet-Project-Workspace\com.demo\pom.xml.
2025-10-28 10:12:15,077 [Worker-35: Building] WARN  Sisu - Error injecting: org.apache.maven.plugin.war.WarMojo
com.google.inject.ProvisionException: Unable to provision, see the following errors:

1) Error injecting constructor, java.lang.ExceptionInInitializerError: Cannot access defaults field of Properties
  at org.apache.maven.plugin.war.WarMojo.<init>(Unknown Source)
  while locating org.apache.maven.plugin.war.WarMojo

1 error
	at com.google.inject.internal.InternalProvisionException.toProvisionException(InternalProvisionException.java:226)
	at com.google.inject.internal.InjectorImpl$1.get(InjectorImpl.java:1053)
	at com.google.inject.internal.InjectorImpl.getInstance(InjectorImpl.java:1086)
	at org.eclipse.sisu.space.AbstractDeferredClass.get(AbstractDeferredClass.java:48)
	at com.google.inject.internal.ProviderInternalFactory.provision(ProviderInternalFactory.java:85)
	at com.google.inject.internal.InternalFactoryToInitializableAdapter.provision(InternalFactoryToInitializableAdapter.java:57)
	at com.google.inject.internal.ProviderInternalFactory$1.call(ProviderInternalFactory.java:66)
	at com.google.inject.internal.ProvisionListenerStackCallback$Provision.provision(ProvisionListenerStackCallback.java:112)
	at com.google.inject.internal.ProvisionListenerStackCallback$Provision.provision(ProvisionListenerStackCallback.java:127)
	at com.google.inject.internal.ProvisionListenerStackCallback.provision(ProvisionListenerStackCallback.java:66)
	at com.google.inject.internal.ProviderInternalFactory.circularGet(ProviderInternalFactory.java:61)
	at com.google.inject.internal.InternalFactoryToInitializableAdapter.get(InternalFactoryToInitializableAdapter.java:47)
	at com.google.inject.internal.InjectorImpl$1.get(InjectorImpl.java:1050)
	at org.eclipse.sisu.inject.Guice4$1.get(Guice4.java:162)
	at org.eclipse.sisu.inject.LazyBeanEntry.getValue(LazyBeanEntry.java:81)
	at org.eclipse.sisu.plexus.LazyPlexusBean.getValue(LazyPlexusBean.java:51)
	at org.codehaus.plexus.DefaultPlexusContainer.lookup(DefaultPlexusContainer.java:263)
	at org.codehaus.plexus.DefaultPlexusContainer.lookup(DefaultPlexusContainer.java:255)
	at org.apache.maven.plugin.internal.DefaultMavenPluginManager.getConfiguredMojo(DefaultMavenPluginManager.java:520)
	at org.eclipse.m2e.core.internal.embedder.MavenImpl.getConfiguredMojo(MavenImpl.java:359)
	at org.sonatype.m2e.mavenarchiver.internal.AbstractMavenArchiverConfigurator.reflectManifestGeneration(AbstractMavenArchiverConfigurator.java:469)
	at org.sonatype.m2e.mavenarchiver.internal.AbstractMavenArchiverConfigurator.generateManifest(AbstractMavenArchiverConfigurator.java:422)
	at org.sonatype.m2e.mavenarchiver.internal.AbstractMavenArchiverConfigurator.mavenProjectChanged(AbstractMavenArchiverConfigurator.java:227)
	at org.eclipse.m2e.wtp.mavenarchiver.AbstractWTPArchiverConfigurator.mavenProjectChanged(AbstractWTPArchiverConfigurator.java:56)
	at org.eclipse.m2e.core.internal.project.ProjectConfigurationManager.mavenProjectChanged(ProjectConfigurationManager.java:1056)
	at org.eclipse.m2e.core.internal.project.registry.ProjectRegistryManager.notifyProjectChangeListeners(ProjectRegistryManager.java:806)
	at org.eclipse.m2e.core.internal.project.registry.ProjectRegistryManager.applyMutableProjectRegistry(ProjectRegistryManager.java:972)
	at org.eclipse.m2e.core.internal.project.registry.ProjectRegistryManager.refresh(ProjectRegistryManager.java:305)
	at org.eclipse.m2e.core.internal.builder.MavenBuilder$BuildMethod.getProjectFacade(MavenBuilder.java:151)
	at org.eclipse.m2e.core.internal.builder.MavenBuilder$BuildMethod.lambda$0(MavenBuilder.java:89)
	at org.eclipse.m2e.core.internal.embedder.MavenExecutionContext.executeBare(MavenExecutionContext.java:182)
	at org.eclipse.m2e.core.internal.embedder.MavenExecutionContext.execute(MavenExecutionContext.java:156)
	at org.eclipse.m2e.core.internal.embedder.MavenExecutionContext.execute(MavenExecutionContext.java:103)
	at org.eclipse.m2e.core.internal.builder.MavenBuilder$BuildMethod.execute(MavenBuilder.java:88)
	at org.eclipse.m2e.core.internal.builder.MavenBuilder.build(MavenBuilder.java:198)
	at org.eclipse.core.internal.events.BuildManager$2.run(BuildManager.java:860)
	at org.eclipse.core.runtime.SafeRunner.run(SafeRunner.java:45)
	at org.eclipse.core.internal.events.BuildManager.basicBuild(BuildManager.java:232)
	at org.eclipse.core.internal.events.BuildManager.basicBuild(BuildManager.java:281)
	at org.eclipse.core.internal.events.BuildManager$1.run(BuildManager.java:334)
	at org.eclipse.core.runtime.SafeRunner.run(SafeRunner.java:45)
	at org.eclipse.core.internal.events.BuildManager.basicBuild(BuildManager.java:337)
	at org.eclipse.core.internal.events.BuildManager.basicBuildLoop(BuildManager.java:392)
	at org.eclipse.core.internal.events.BuildManager.build(BuildManager.java:417)
	at org.eclipse.core.internal.events.AutoBuildJob.doBuild(AutoBuildJob.java:161)
	at org.eclipse.core.internal.events.AutoBuildJob.run(AutoBuildJob.java:255)
	at org.eclipse.core.internal.jobs.Worker.run(Worker.java:63)
Caused by: java.lang.ExceptionInInitializerError: Cannot access defaults field of Properties
	at com.thoughtworks.xstream.converters.collections.PropertiesConverter.<clinit>(PropertiesConverter.java:46)
	at com.thoughtworks.xstream.XStream.setupConverters(XStream.java:647)
	at com.thoughtworks.xstream.XStream.<init>(XStream.java:445)
	at com.thoughtworks.xstream.XStream.<init>(XStream.java:385)
	at com.thoughtworks.xstream.XStream.<init>(XStream.java:342)
	at org.apache.maven.plugin.war.util.WebappStructureSerializer.<clinit>(WebappStructureSerializer.java:47)
	at org.apache.maven.plugin.war.AbstractWarMojo.<init>(AbstractWarMojo.java:316)
	at org.apache.maven.plugin.war.WarMojo.<init>(WarMojo.java:49)
	at java.base/jdk.internal.reflect.NativeConstructorAccessorImpl.newInstance0(Native Method)
	at java.base/jdk.internal.reflect.NativeConstructorAccessorImpl.newInstance(NativeConstructorAccessorImpl.java:77)
	at java.base/jdk.internal.reflect.DelegatingConstructorAccessorImpl.newInstance(DelegatingConstructorAccessorImpl.java:45)
	at java.base/java.lang.reflect.Constructor.newInstanceWithCaller(Constructor.java:499)
	at java.base/java.lang.reflect.Constructor.newInstance(Constructor.java:480)
	at com.google.inject.internal.DefaultConstructionProxyFactory$ReflectiveProxy.newInstance(DefaultConstructionProxyFactory.java:126)
	at com.google.inject.internal.ConstructorInjector.provision(ConstructorInjector.java:114)
	at com.google.inject.internal.ConstructorInjector.access$000(ConstructorInjector.java:32)
	at com.google.inject.internal.ConstructorInjector$1.call(ConstructorInjector.java:98)
	at com.google.inject.internal.ProvisionListenerStackCallback$Provision.provision(ProvisionListenerStackCallback.java:112)
	at com.google.inject.internal.ProvisionListenerStackCallback$Provision.provision(ProvisionListenerStackCallback.java:127)
	at com.google.inject.internal.ProvisionListenerStackCallback.provision(ProvisionListenerStackCallback.java:66)
	at com.google.inject.internal.ConstructorInjector.construct(ConstructorInjector.java:93)
	at com.google.inject.internal.ConstructorBindingImpl$Factory.get(ConstructorBindingImpl.java:306)
	at com.google.inject.internal.InjectorImpl$1.get(InjectorImpl.java:1050)
	... 45 common frames omitted
2025-10-28 10:12:15,483 [Worker-35: Building] WARN  o.e.m.c.i.embedder.EclipseLogger - Using platform encoding (Cp1252 actually) to copy filtered resources, i.e. build is platform dependent!
2025-10-28 10:12:15,514 [Worker-35: Building] INFO  o.e.m.c.i.embedder.EclipseLogger - Copying 0 resource
2025-10-28 10:12:15,523 [Worker-35: Building] WARN  o.e.m.c.i.embedder.EclipseLogger - Using platform encoding (Cp1252 actually) to copy filtered resources, i.e. build is platform dependent!
2025-10-28 10:12:15,525 [Worker-35: Building] INFO  o.e.m.c.i.embedder.EclipseLogger - skip non existing resourceDirectory C:\Users\VEERESH K C\Servelet-Project-Workspace\com.demo\src\test\resources
2025-10-28 10:12:15,527 [Worker-35: Building] INFO  o.e.m.w.i.f.ResourceFilteringBuildParticipant - Changed resources require a complete clean of filtered resources of com.demo
2025-10-28 10:12:15,529 [Worker-35: Building] INFO  o.e.m.w.i.f.ResourceFilteringBuildParticipant - Executing resource filtering for com.demo
2025-10-28 10:12:15,550 [Worker-35: Building] WARN  o.e.m.c.i.embedder.EclipseLogger - Using platform encoding (Cp1252 actually) to copy filtered resources, i.e. build is platform dependent!
2025-10-28 10:12:15,571 [Worker-35: Building] WARN  Sisu - Error injecting: org.apache.maven.plugin.war.WarMojo
com.google.inject.ProvisionException: Unable to provision, see the following errors:

1) Error injecting constructor, java.lang.NoClassDefFoundError: Could not initialize class org.apache.maven.plugin.war.util.WebappStructureSerializer
  at org.apache.maven.plugin.war.WarMojo.<init>(Unknown Source)
  while locating org.apache.maven.plugin.war.WarMojo

1 error
	at com.google.inject.internal.InternalProvisionException.toProvisionException(InternalProvisionException.java:226)
	at com.google.inject.internal.InjectorImpl$1.get(InjectorImpl.java:1053)
	at com.google.inject.internal.InjectorImpl.getInstance(InjectorImpl.java:1086)
	at org.eclipse.sisu.space.AbstractDeferredClass.get(AbstractDeferredClass.java:48)
	at com.google.inject.internal.ProviderInternalFactory.provision(ProviderInternalFactory.java:85)
	at com.google.inject.internal.InternalFactoryToInitializableAdapter.provision(InternalFactoryToInitializableAdapter.java:57)
	at com.google.inject.internal.ProviderInternalFactory$1.call(ProviderInternalFactory.java:66)
	at com.google.inject.internal.ProvisionListenerStackCallback$Provision.provision(ProvisionListenerStackCallback.java:112)
	at com.google.inject.internal.ProvisionListenerStackCallback$Provision.provision(ProvisionListenerStackCallback.java:127)
	at com.google.inject.internal.ProvisionListenerStackCallback.provision(ProvisionListenerStackCallback.java:66)
	at com.google.inject.internal.ProviderInternalFactory.circularGet(ProviderInternalFactory.java:61)
	at com.google.inject.internal.InternalFactoryToInitializableAdapter.get(InternalFactoryToInitializableAdapter.java:47)
	at com.google.inject.internal.InjectorImpl$1.get(InjectorImpl.java:1050)
	at org.eclipse.sisu.inject.Guice4$1.get(Guice4.java:162)
	at org.eclipse.sisu.inject.LazyBeanEntry.getValue(LazyBeanEntry.java:81)
	at org.eclipse.sisu.plexus.LazyPlexusBean.getValue(LazyPlexusBean.java:51)
	at org.codehaus.plexus.DefaultPlexusContainer.lookup(DefaultPlexusContainer.java:263)
	at org.codehaus.plexus.DefaultPlexusContainer.lookup(DefaultPlexusContainer.java:255)
	at org.apache.maven.plugin.internal.DefaultMavenPluginManager.getConfiguredMojo(DefaultMavenPluginManager.java:520)
	at org.eclipse.m2e.core.internal.embedder.MavenImpl.getConfiguredMojo(MavenImpl.java:359)
	at org.sonatype.m2e.mavenarchiver.internal.AbstractMavenArchiverConfigurator.reflectManifestGeneration(AbstractMavenArchiverConfigurator.java:469)
	at org.sonatype.m2e.mavenarchiver.internal.AbstractMavenArchiverConfigurator.generateManifest(AbstractMavenArchiverConfigurator.java:422)
	at org.sonatype.m2e.mavenarchiver.internal.AbstractMavenArchiverConfigurator.mavenProjectChanged(AbstractMavenArchiverConfigurator.java:227)
	at org.sonatype.m2e.mavenarchiver.internal.AbstractMavenArchiverConfigurator$1.build(AbstractMavenArchiverConfigurator.java:167)
	at org.eclipse.m2e.core.internal.builder.MavenBuilderImpl.build(MavenBuilderImpl.java:135)
	at org.eclipse.m2e.core.internal.builder.MavenBuilder$1.method(MavenBuilder.java:169)
	at org.eclipse.m2e.core.internal.builder.MavenBuilder$1.method(MavenBuilder.java:1)
	at org.eclipse.m2e.core.internal.builder.MavenBuilder$BuildMethod.lambda$1(MavenBuilder.java:114)
	at org.eclipse.m2e.core.internal.embedder.MavenExecutionContext.executeBare(MavenExecutionContext.java:182)
	at org.eclipse.m2e.core.internal.embedder.MavenExecutionContext.execute(MavenExecutionContext.java:117)
	at org.eclipse.m2e.core.internal.builder.MavenBuilder$BuildMethod.lambda$0(MavenBuilder.java:105)
	at org.eclipse.m2e.core.internal.embedder.MavenExecutionContext.executeBare(MavenExecutionContext.java:182)
	at org.eclipse.m2e.core.internal.embedder.MavenExecutionContext.execute(MavenExecutionContext.java:156)
	at org.eclipse.m2e.core.internal.embedder.MavenExecutionContext.execute(MavenExecutionContext.java:103)
	at org.eclipse.m2e.core.internal.builder.MavenBuilder$BuildMethod.execute(MavenBuilder.java:88)
	at org.eclipse.m2e.core.internal.builder.MavenBuilder.build(MavenBuilder.java:198)
	at org.eclipse.core.internal.events.BuildManager$2.run(BuildManager.java:860)
	at org.eclipse.core.runtime.SafeRunner.run(SafeRunner.java:45)
	at org.eclipse.core.internal.events.BuildManager.basicBuild(BuildManager.java:232)
	at org.eclipse.core.internal.events.BuildManager.basicBuild(BuildManager.java:281)
	at org.eclipse.core.internal.events.BuildManager$1.run(BuildManager.java:334)
	at org.eclipse.core.runtime.SafeRunner.run(SafeRunner.java:45)
	at org.eclipse.core.internal.events.BuildManager.basicBuild(BuildManager.java:337)
	at org.eclipse.core.internal.events.BuildManager.basicBuildLoop(BuildManager.java:392)
	at org.eclipse.core.internal.events.BuildManager.build(BuildManager.java:417)
	at org.eclipse.core.internal.events.AutoBuildJob.doBuild(AutoBuildJob.java:161)
	at org.eclipse.core.internal.events.AutoBuildJob.run(AutoBuildJob.java:255)
	at org.eclipse.core.internal.jobs.Worker.run(Worker.java:63)
Caused by: java.lang.NoClassDefFoundError: Could not initialize class org.apache.maven.plugin.war.util.WebappStructureSerializer
	at org.apache.maven.plugin.war.AbstractWarMojo.<init>(AbstractWarMojo.java:316)
	at org.apache.maven.plugin.war.WarMojo.<init>(WarMojo.java:49)
	at java.base/jdk.internal.reflect.NativeConstructorAccessorImpl.newInstance0(Native Method)
	at java.base/jdk.internal.reflect.NativeConstructorAccessorImpl.newInstance(NativeConstructorAccessorImpl.java:77)
	at java.base/jdk.internal.reflect.DelegatingConstructorAccessorImpl.newInstance(DelegatingConstructorAccessorImpl.java:45)
	at java.base/java.lang.reflect.Constructor.newInstanceWithCaller(Constructor.java:499)
	at java.base/java.lang.reflect.Constructor.newInstance(Constructor.java:480)
	at com.google.inject.internal.DefaultConstructionProxyFactory$ReflectiveProxy.newInstance(DefaultConstructionProxyFactory.java:126)
	at com.google.inject.internal.ConstructorInjector.provision(ConstructorInjector.java:114)
	at com.google.inject.internal.ConstructorInjector.access$000(ConstructorInjector.java:32)
	at com.google.inject.internal.ConstructorInjector$1.call(ConstructorInjector.java:98)
	at com.google.inject.internal.ProvisionListenerStackCallback$Provision.provision(ProvisionListenerStackCallback.java:112)
	at com.google.inject.internal.ProvisionListenerStackCallback$Provision.provision(ProvisionListenerStackCallback.java:127)
	at com.google.inject.internal.ProvisionListenerStackCallback.provision(ProvisionListenerStackCallback.java:66)
	at com.google.inject.internal.ConstructorInjector.construct(ConstructorInjector.java:93)
	at com.google.inject.internal.ConstructorBindingImpl$Factory.get(ConstructorBindingImpl.java:306)
	at com.google.inject.internal.InjectorImpl$1.get(InjectorImpl.java:1050)
	... 46 common frames omitted
2025-10-28 10:13:38,579 [Worker-34: reload maven project] INFO  o.e.m.c.i.e.AbstractTransferListenerAdapter - Downloaded https://repo.maven.apache.org/maven2/com/mysql/mysql-connector-j/9.4.0/mysql-connector-j-9.4.0.pom
2025-10-28 10:13:38,971 [Worker-34: reload maven project] INFO  o.e.m.c.i.e.AbstractTransferListenerAdapter - Downloaded https://repo.maven.apache.org/maven2/com/google/protobuf/protobuf-java/4.31.1/protobuf-java-4.31.1.pom
2025-10-28 10:13:39,480 [Worker-34: reload maven project] INFO  o.e.m.c.i.e.AbstractTransferListenerAdapter - Downloaded https://repo.maven.apache.org/maven2/com/google/protobuf/protobuf-parent/4.31.1/protobuf-parent-4.31.1.pom
2025-10-28 10:13:39,826 [Worker-34: reload maven project] INFO  o.e.m.c.i.e.AbstractTransferListenerAdapter - Downloaded https://repo.maven.apache.org/maven2/com/google/protobuf/protobuf-bom/4.31.1/protobuf-bom-4.31.1.pom
2025-10-28 10:13:39,952 [AetherRepositoryConnector-repo.maven.apache.org-0-0] INFO  o.e.m.c.i.e.AbstractTransferListenerAdapter - Downloading https://repo.maven.apache.org/maven2/com/mysql/mysql-connector-j/9.4.0/mysql-connector-j-9.4.0.jar
2025-10-28 10:13:40,115 [AetherRepositoryConnector-repo.maven.apache.org-0-1] INFO  o.e.m.c.i.e.AbstractTransferListenerAdapter - Downloading https://repo.maven.apache.org/maven2/com/google/protobuf/protobuf-java/4.31.1/protobuf-java-4.31.1.jar
2025-10-28 10:13:41,690 [AetherRepositoryConnector-repo.maven.apache.org-0-1] INFO  o.e.m.c.i.e.AbstractTransferListenerAdapter - Downloaded https://repo.maven.apache.org/maven2/com/google/protobuf/protobuf-java/4.31.1/protobuf-java-4.31.1.jar
2025-10-28 10:13:41,802 [AetherRepositoryConnector-repo.maven.apache.org-0-0] INFO  o.e.m.c.i.e.AbstractTransferListenerAdapter - Downloaded https://repo.maven.apache.org/maven2/com/mysql/mysql-connector-j/9.4.0/mysql-connector-j-9.4.0.jar
2025-10-28 10:13:43,595 [Worker-35: Building] INFO  o.e.m.c.i.l.LifecycleMappingFactory - Using org.maven.ide.eclipse.wtp.WarLifecycleMapping lifecycle mapping for MavenProject: EmployeeCRUD:com.demo:0.0.1-SNAPSHOT @ C:\Users\VEERESH K C\Servelet-Project-Workspace\com.demo\pom.xml.
2025-10-28 10:13:45,135 [Worker-35: Building] WARN  Sisu - Error injecting: org.apache.maven.plugin.war.WarMojo
com.google.inject.ProvisionException: Unable to provision, see the following errors:

1) Error injecting constructor, java.lang.ExceptionInInitializerError: Cannot access defaults field of Properties
  at org.apache.maven.plugin.war.WarMojo.<init>(Unknown Source)
  while locating org.apache.maven.plugin.war.WarMojo

1 error
	at com.google.inject.internal.InternalProvisionException.toProvisionException(InternalProvisionException.java:226)
	at com.google.inject.internal.InjectorImpl$1.get(InjectorImpl.java:1053)
	at com.google.inject.internal.InjectorImpl.getInstance(InjectorImpl.java:1086)
	at org.eclipse.sisu.space.AbstractDeferredClass.get(AbstractDeferredClass.java:48)
	at com.google.inject.internal.ProviderInternalFactory.provision(ProviderInternalFactory.java:85)
	at com.google.inject.internal.InternalFactoryToInitializableAdapter.provision(InternalFactoryToInitializableAdapter.java:57)
	at com.google.inject.internal.ProviderInternalFactory$1.call(ProviderInternalFactory.java:66)
	at com.google.inject.internal.ProvisionListenerStackCallback$Provision.provision(ProvisionListenerStackCallback.java:112)
	at com.google.inject.internal.ProvisionListenerStackCallback$Provision.provision(ProvisionListenerStackCallback.java:127)
	at com.google.inject.internal.ProvisionListenerStackCallback.provision(ProvisionListenerStackCallback.java:66)
	at com.google.inject.internal.ProviderInternalFactory.circularGet(ProviderInternalFactory.java:61)
	at com.google.inject.internal.InternalFactoryToInitializableAdapter.get(InternalFactoryToInitializableAdapter.java:47)
	at com.google.inject.internal.InjectorImpl$1.get(InjectorImpl.java:1050)
	at org.eclipse.sisu.inject.Guice4$1.get(Guice4.java:162)
	at org.eclipse.sisu.inject.LazyBeanEntry.getValue(LazyBeanEntry.java:81)
	at org.eclipse.sisu.plexus.LazyPlexusBean.getValue(LazyPlexusBean.java:51)
	at org.codehaus.plexus.DefaultPlexusContainer.lookup(DefaultPlexusContainer.java:263)
	at org.codehaus.plexus.DefaultPlexusContainer.lookup(DefaultPlexusContainer.java:255)
	at org.apache.maven.plugin.internal.DefaultMavenPluginManager.getConfiguredMojo(DefaultMavenPluginManager.java:520)
	at org.eclipse.m2e.core.internal.embedder.MavenImpl.getConfiguredMojo(MavenImpl.java:359)
	at org.sonatype.m2e.mavenarchiver.internal.AbstractMavenArchiverConfigurator.reflectManifestGeneration(AbstractMavenArchiverConfigurator.java:469)
	at org.sonatype.m2e.mavenarchiver.internal.AbstractMavenArchiverConfigurator.generateManifest(AbstractMavenArchiverConfigurator.java:422)
	at org.sonatype.m2e.mavenarchiver.internal.AbstractMavenArchiverConfigurator.mavenProjectChanged(AbstractMavenArchiverConfigurator.java:227)
	at org.eclipse.m2e.wtp.mavenarchiver.AbstractWTPArchiverConfigurator.mavenProjectChanged(AbstractWTPArchiverConfigurator.java:56)
	at org.eclipse.m2e.core.internal.project.ProjectConfigurationManager.mavenProjectChanged(ProjectConfigurationManager.java:1056)
	at org.eclipse.m2e.core.internal.project.registry.ProjectRegistryManager.notifyProjectChangeListeners(ProjectRegistryManager.java:806)
	at org.eclipse.m2e.core.internal.project.registry.ProjectRegistryManager.applyMutableProjectRegistry(ProjectRegistryManager.java:972)
	at org.eclipse.m2e.core.internal.project.registry.ProjectRegistryManager.refresh(ProjectRegistryManager.java:305)
	at org.eclipse.m2e.core.internal.builder.MavenBuilder$BuildMethod.getProjectFacade(MavenBuilder.java:151)
	at org.eclipse.m2e.core.internal.builder.MavenBuilder$BuildMethod.lambda$0(MavenBuilder.java:89)
	at org.eclipse.m2e.core.internal.embedder.MavenExecutionContext.executeBare(MavenExecutionContext.java:182)
	at org.eclipse.m2e.core.internal.embedder.MavenExecutionContext.execute(MavenExecutionContext.java:156)
	at org.eclipse.m2e.core.internal.embedder.MavenExecutionContext.execute(MavenExecutionContext.java:103)
	at org.eclipse.m2e.core.internal.builder.MavenBuilder$BuildMethod.execute(MavenBuilder.java:88)
	at org.eclipse.m2e.core.internal.builder.MavenBuilder.build(MavenBuilder.java:198)
	at org.eclipse.core.internal.events.BuildManager$2.run(BuildManager.java:860)
	at org.eclipse.core.runtime.SafeRunner.run(SafeRunner.java:45)
	at org.eclipse.core.internal.events.BuildManager.basicBuild(BuildManager.java:232)
	at org.eclipse.core.internal.events.BuildManager.basicBuild(BuildManager.java:281)
	at org.eclipse.core.internal.events.BuildManager$1.run(BuildManager.java:334)
	at org.eclipse.core.runtime.SafeRunner.run(SafeRunner.java:45)
	at org.eclipse.core.internal.events.BuildManager.basicBuild(BuildManager.java:337)
	at org.eclipse.core.internal.events.BuildManager.basicBuildLoop(BuildManager.java:392)
	at org.eclipse.core.internal.events.BuildManager.build(BuildManager.java:417)
	at org.eclipse.core.internal.events.AutoBuildJob.doBuild(AutoBuildJob.java:161)
	at org.eclipse.core.internal.events.AutoBuildJob.run(AutoBuildJob.java:255)
	at org.eclipse.core.internal.jobs.Worker.run(Worker.java:63)
Caused by: java.lang.ExceptionInInitializerError: Cannot access defaults field of Properties
	at com.thoughtworks.xstream.converters.collections.PropertiesConverter.<clinit>(PropertiesConverter.java:46)
	at com.thoughtworks.xstream.XStream.setupConverters(XStream.java:647)
	at com.thoughtworks.xstream.XStream.<init>(XStream.java:445)
	at com.thoughtworks.xstream.XStream.<init>(XStream.java:385)
	at com.thoughtworks.xstream.XStream.<init>(XStream.java:342)
	at org.apache.maven.plugin.war.util.WebappStructureSerializer.<clinit>(WebappStructureSerializer.java:47)
	at org.apache.maven.plugin.war.AbstractWarMojo.<init>(AbstractWarMojo.java:316)
	at org.apache.maven.plugin.war.WarMojo.<init>(WarMojo.java:49)
	at java.base/jdk.internal.reflect.NativeConstructorAccessorImpl.newInstance0(Native Method)
	at java.base/jdk.internal.reflect.NativeConstructorAccessorImpl.newInstance(NativeConstructorAccessorImpl.java:77)
	at java.base/jdk.internal.reflect.DelegatingConstructorAccessorImpl.newInstance(DelegatingConstructorAccessorImpl.java:45)
	at java.base/java.lang.reflect.Constructor.newInstanceWithCaller(Constructor.java:499)
	at java.base/java.lang.reflect.Constructor.newInstance(Constructor.java:480)
	at com.google.inject.internal.DefaultConstructionProxyFactory$ReflectiveProxy.newInstance(DefaultConstructionProxyFactory.java:126)
	at com.google.inject.internal.ConstructorInjector.provision(ConstructorInjector.java:114)
	at com.google.inject.internal.ConstructorInjector.access$000(ConstructorInjector.java:32)
	at com.google.inject.internal.ConstructorInjector$1.call(ConstructorInjector.java:98)
	at com.google.inject.internal.ProvisionListenerStackCallback$Provision.provision(ProvisionListenerStackCallback.java:112)
	at com.google.inject.internal.ProvisionListenerStackCallback$Provision.provision(ProvisionListenerStackCallback.java:127)
	at com.google.inject.internal.ProvisionListenerStackCallback.provision(ProvisionListenerStackCallback.java:66)
	at com.google.inject.internal.ConstructorInjector.construct(ConstructorInjector.java:93)
	at com.google.inject.internal.ConstructorBindingImpl$Factory.get(ConstructorBindingImpl.java:306)
	at com.google.inject.internal.InjectorImpl$1.get(InjectorImpl.java:1050)
	... 45 common frames omitted
2025-10-28 10:13:45,855 [Worker-35: Building] WARN  o.e.m.c.i.embedder.EclipseLogger - Using platform encoding (Cp1252 actually) to copy filtered resources, i.e. build is platform dependent!
2025-10-28 10:13:45,864 [Worker-35: Building] INFO  o.e.m.c.i.embedder.EclipseLogger - Copying 0 resource
2025-10-28 10:13:45,880 [Worker-35: Building] WARN  o.e.m.c.i.embedder.EclipseLogger - Using platform encoding (Cp1252 actually) to copy filtered resources, i.e. build is platform dependent!
2025-10-28 10:13:45,884 [Worker-35: Building] INFO  o.e.m.c.i.embedder.EclipseLogger - skip non existing resourceDirectory C:\Users\VEERESH K C\Servelet-Project-Workspace\com.demo\src\test\resources
2025-10-28 10:13:45,903 [Worker-35: Building] WARN  Sisu - Error injecting: org.apache.maven.plugin.war.WarMojo
com.google.inject.ProvisionException: Unable to provision, see the following errors:

1) Error injecting constructor, java.lang.NoClassDefFoundError: Could not initialize class org.apache.maven.plugin.war.util.WebappStructureSerializer
  at org.apache.maven.plugin.war.WarMojo.<init>(Unknown Source)
  while locating org.apache.maven.plugin.war.WarMojo

1 error
	at com.google.inject.internal.InternalProvisionException.toProvisionException(InternalProvisionException.java:226)
	at com.google.inject.internal.InjectorImpl$1.get(InjectorImpl.java:1053)
	at com.google.inject.internal.InjectorImpl.getInstance(InjectorImpl.java:1086)
	at org.eclipse.sisu.space.AbstractDeferredClass.get(AbstractDeferredClass.java:48)
	at com.google.inject.internal.ProviderInternalFactory.provision(ProviderInternalFactory.java:85)
	at com.google.inject.internal.InternalFactoryToInitializableAdapter.provision(InternalFactoryToInitializableAdapter.java:57)
	at com.google.inject.internal.ProviderInternalFactory$1.call(ProviderInternalFactory.java:66)
	at com.google.inject.internal.ProvisionListenerStackCallback$Provision.provision(ProvisionListenerStackCallback.java:112)
	at com.google.inject.internal.ProvisionListenerStackCallback$Provision.provision(ProvisionListenerStackCallback.java:127)
	at com.google.inject.internal.ProvisionListenerStackCallback.provision(ProvisionListenerStackCallback.java:66)
	at com.google.inject.internal.ProviderInternalFactory.circularGet(ProviderInternalFactory.java:61)
	at com.google.inject.internal.InternalFactoryToInitializableAdapter.get(InternalFactoryToInitializableAdapter.java:47)
	at com.google.inject.internal.InjectorImpl$1.get(InjectorImpl.java:1050)
	at org.eclipse.sisu.inject.Guice4$1.get(Guice4.java:162)
	at org.eclipse.sisu.inject.LazyBeanEntry.getValue(LazyBeanEntry.java:81)
	at org.eclipse.sisu.plexus.LazyPlexusBean.getValue(LazyPlexusBean.java:51)
	at org.codehaus.plexus.DefaultPlexusContainer.lookup(DefaultPlexusContainer.java:263)
	at org.codehaus.plexus.DefaultPlexusContainer.lookup(DefaultPlexusContainer.java:255)
	at org.apache.maven.plugin.internal.DefaultMavenPluginManager.getConfiguredMojo(DefaultMavenPluginManager.java:520)
	at org.eclipse.m2e.core.internal.embedder.MavenImpl.getConfiguredMojo(MavenImpl.java:359)
	at org.sonatype.m2e.mavenarchiver.internal.AbstractMavenArchiverConfigurator.reflectManifestGeneration(AbstractMavenArchiverConfigurator.java:469)
	at org.sonatype.m2e.mavenarchiver.internal.AbstractMavenArchiverConfigurator.generateManifest(AbstractMavenArchiverConfigurator.java:422)
	at org.sonatype.m2e.mavenarchiver.internal.AbstractMavenArchiverConfigurator.mavenProjectChanged(AbstractMavenArchiverConfigurator.java:227)
	at org.sonatype.m2e.mavenarchiver.internal.AbstractMavenArchiverConfigurator$1.build(AbstractMavenArchiverConfigurator.java:167)
	at org.eclipse.m2e.core.internal.builder.MavenBuilderImpl.build(MavenBuilderImpl.java:135)
	at org.eclipse.m2e.core.internal.builder.MavenBuilder$1.method(MavenBuilder.java:169)
	at org.eclipse.m2e.core.internal.builder.MavenBuilder$1.method(MavenBuilder.java:1)
	at org.eclipse.m2e.core.internal.builder.MavenBuilder$BuildMethod.lambda$1(MavenBuilder.java:114)
	at org.eclipse.m2e.core.internal.embedder.MavenExecutionContext.executeBare(MavenExecutionContext.java:182)
	at org.eclipse.m2e.core.internal.embedder.MavenExecutionContext.execute(MavenExecutionContext.java:117)
	at org.eclipse.m2e.core.internal.builder.MavenBuilder$BuildMethod.lambda$0(MavenBuilder.java:105)
	at org.eclipse.m2e.core.internal.embedder.MavenExecutionContext.executeBare(MavenExecutionContext.java:182)
	at org.eclipse.m2e.core.internal.embedder.MavenExecutionContext.execute(MavenExecutionContext.java:156)
	at org.eclipse.m2e.core.internal.embedder.MavenExecutionContext.execute(MavenExecutionContext.java:103)
	at org.eclipse.m2e.core.internal.builder.MavenBuilder$BuildMethod.execute(MavenBuilder.java:88)
	at org.eclipse.m2e.core.internal.builder.MavenBuilder.build(MavenBuilder.java:198)
	at org.eclipse.core.internal.events.BuildManager$2.run(BuildManager.java:860)
	at org.eclipse.core.runtime.SafeRunner.run(SafeRunner.java:45)
	at org.eclipse.core.internal.events.BuildManager.basicBuild(BuildManager.java:232)
	at org.eclipse.core.internal.events.BuildManager.basicBuild(BuildManager.java:281)
	at org.eclipse.core.internal.events.BuildManager$1.run(BuildManager.java:334)
	at org.eclipse.core.runtime.SafeRunner.run(SafeRunner.java:45)
	at org.eclipse.core.internal.events.BuildManager.basicBuild(BuildManager.java:337)
	at org.eclipse.core.internal.events.BuildManager.basicBuildLoop(BuildManager.java:392)
	at org.eclipse.core.internal.events.BuildManager.build(BuildManager.java:417)
	at org.eclipse.core.internal.events.AutoBuildJob.doBuild(AutoBuildJob.java:161)
	at org.eclipse.core.internal.events.AutoBuildJob.run(AutoBuildJob.java:255)
	at org.eclipse.core.internal.jobs.Worker.run(Worker.java:63)
Caused by: java.lang.NoClassDefFoundError: Could not initialize class org.apache.maven.plugin.war.util.WebappStructureSerializer
	at org.apache.maven.plugin.war.AbstractWarMojo.<init>(AbstractWarMojo.java:316)
	at org.apache.maven.plugin.war.WarMojo.<init>(WarMojo.java:49)
	at java.base/jdk.internal.reflect.NativeConstructorAccessorImpl.newInstance0(Native Method)
	at java.base/jdk.internal.reflect.NativeConstructorAccessorImpl.newInstance(NativeConstructorAccessorImpl.java:77)
	at java.base/jdk.internal.reflect.DelegatingConstructorAccessorImpl.newInstance(DelegatingConstructorAccessorImpl.java:45)
	at java.base/java.lang.reflect.Constructor.newInstanceWithCaller(Constructor.java:499)
	at java.base/java.lang.reflect.Constructor.newInstance(Constructor.java:480)
	at com.google.inject.internal.DefaultConstructionProxyFactory$ReflectiveProxy.newInstance(DefaultConstructionProxyFactory.java:126)
	at com.google.inject.internal.ConstructorInjector.provision(ConstructorInjector.java:114)
	at com.google.inject.internal.ConstructorInjector.access$000(ConstructorInjector.java:32)
	at com.google.inject.internal.ConstructorInjector$1.call(ConstructorInjector.java:98)
	at com.google.inject.internal.ProvisionListenerStackCallback$Provision.provision(ProvisionListenerStackCallback.java:112)
	at com.google.inject.internal.ProvisionListenerStackCallback$Provision.provision(ProvisionListenerStackCallback.java:127)
	at com.google.inject.internal.ProvisionListenerStackCallback.provision(ProvisionListenerStackCallback.java:66)
	at com.google.inject.internal.ConstructorInjector.construct(ConstructorInjector.java:93)
	at com.google.inject.internal.ConstructorBindingImpl$Factory.get(ConstructorBindingImpl.java:306)
	at com.google.inject.internal.InjectorImpl$1.get(InjectorImpl.java:1050)
	... 46 common frames omitted
2025-10-28 10:13:47,147 [Worker-38: Download sources and javadoc] INFO  o.e.m.c.i.e.AbstractTransferListenerAdapter - Downloading https://repo.maven.apache.org/maven2/com/mysql/mysql-connector-j/9.4.0/mysql-connector-j-9.4.0-sources.jar
2025-10-28 10:13:48,385 [Worker-38: Download sources and javadoc] INFO  o.e.m.c.i.e.AbstractTransferListenerAdapter - Downloaded https://repo.maven.apache.org/maven2/com/mysql/mysql-connector-j/9.4.0/mysql-connector-j-9.4.0-sources.jar
2025-10-28 10:13:48,398 [Worker-38: Download sources and javadoc] INFO  o.e.m.j.internal.DownloadSourcesJob - Downloaded sources for com.mysql:mysql-connector-j:9.4.0
2025-10-28 10:13:48,725 [Worker-38: Download sources and javadoc] INFO  o.e.m.c.i.e.AbstractTransferListenerAdapter - Downloading https://repo.maven.apache.org/maven2/com/google/protobuf/protobuf-java/4.31.1/protobuf-java-4.31.1-sources.jar
2025-10-28 10:13:49,393 [Worker-38: Download sources and javadoc] INFO  o.e.m.c.i.e.AbstractTransferListenerAdapter - Downloaded https://repo.maven.apache.org/maven2/com/google/protobuf/protobuf-java/4.31.1/protobuf-java-4.31.1-sources.jar
2025-10-28 10:13:49,412 [Worker-38: Download sources and javadoc] INFO  o.e.m.j.internal.DownloadSourcesJob - Downloaded sources for com.google.protobuf:protobuf-java:4.31.1
2025-10-28 10:13:49,777 [Worker-34: Building] WARN  o.e.m.c.i.embedder.EclipseLogger - Using platform encoding (Cp1252 actually) to copy filtered resources, i.e. build is platform dependent!
2025-10-28 10:13:49,785 [Worker-34: Building] INFO  o.e.m.c.i.embedder.EclipseLogger - Copying 0 resource
2025-10-28 10:13:49,795 [Worker-34: Building] WARN  o.e.m.c.i.embedder.EclipseLogger - Using platform encoding (Cp1252 actually) to copy filtered resources, i.e. build is platform dependent!
2025-10-28 10:13:49,799 [Worker-34: Building] INFO  o.e.m.c.i.embedder.EclipseLogger - skip non existing resourceDirectory C:\Users\VEERESH K C\Servelet-Project-Workspace\com.demo\src\test\resources
2025-10-28 10:13:49,810 [Worker-34: Building] WARN  Sisu - Error injecting: org.apache.maven.plugin.war.WarMojo
com.google.inject.ProvisionException: Unable to provision, see the following errors:

1) Error injecting constructor, java.lang.NoClassDefFoundError: Could not initialize class org.apache.maven.plugin.war.util.WebappStructureSerializer
  at org.apache.maven.plugin.war.WarMojo.<init>(Unknown Source)
  while locating org.apache.maven.plugin.war.WarMojo

1 error
	at com.google.inject.internal.InternalProvisionException.toProvisionException(InternalProvisionException.java:226)
	at com.google.inject.internal.InjectorImpl$1.get(InjectorImpl.java:1053)
	at com.google.inject.internal.InjectorImpl.getInstance(InjectorImpl.java:1086)
	at org.eclipse.sisu.space.AbstractDeferredClass.get(AbstractDeferredClass.java:48)
	at com.google.inject.internal.ProviderInternalFactory.provision(ProviderInternalFactory.java:85)
	at com.google.inject.internal.InternalFactoryToInitializableAdapter.provision(InternalFactoryToInitializableAdapter.java:57)
	at com.google.inject.internal.ProviderInternalFactory$1.call(ProviderInternalFactory.java:66)
	at com.google.inject.internal.ProvisionListenerStackCallback$Provision.provision(ProvisionListenerStackCallback.java:112)
	at com.google.inject.internal.ProvisionListenerStackCallback$Provision.provision(ProvisionListenerStackCallback.java:127)
	at com.google.inject.internal.ProvisionListenerStackCallback.provision(ProvisionListenerStackCallback.java:66)
	at com.google.inject.internal.ProviderInternalFactory.circularGet(ProviderInternalFactory.java:61)
	at com.google.inject.internal.InternalFactoryToInitializableAdapter.get(InternalFactoryToInitializableAdapter.java:47)
	at com.google.inject.internal.InjectorImpl$1.get(InjectorImpl.java:1050)
	at org.eclipse.sisu.inject.Guice4$1.get(Guice4.java:162)
	at org.eclipse.sisu.inject.LazyBeanEntry.getValue(LazyBeanEntry.java:81)
	at org.eclipse.sisu.plexus.LazyPlexusBean.getValue(LazyPlexusBean.java:51)
	at org.codehaus.plexus.DefaultPlexusContainer.lookup(DefaultPlexusContainer.java:263)
	at org.codehaus.plexus.DefaultPlexusContainer.lookup(DefaultPlexusContainer.java:255)
	at org.apache.maven.plugin.internal.DefaultMavenPluginManager.getConfiguredMojo(DefaultMavenPluginManager.java:520)
	at org.eclipse.m2e.core.internal.embedder.MavenImpl.getConfiguredMojo(MavenImpl.java:359)
	at org.sonatype.m2e.mavenarchiver.internal.AbstractMavenArchiverConfigurator.reflectManifestGeneration(AbstractMavenArchiverConfigurator.java:469)
	at org.sonatype.m2e.mavenarchiver.internal.AbstractMavenArchiverConfigurator.generateManifest(AbstractMavenArchiverConfigurator.java:422)
	at org.sonatype.m2e.mavenarchiver.internal.AbstractMavenArchiverConfigurator.mavenProjectChanged(AbstractMavenArchiverConfigurator.java:227)
	at org.sonatype.m2e.mavenarchiver.internal.AbstractMavenArchiverConfigurator$1.build(AbstractMavenArchiverConfigurator.java:167)
	at org.eclipse.m2e.core.internal.builder.MavenBuilderImpl.build(MavenBuilderImpl.java:135)
	at org.eclipse.m2e.core.internal.builder.MavenBuilder$1.method(MavenBuilder.java:169)
	at org.eclipse.m2e.core.internal.builder.MavenBuilder$1.method(MavenBuilder.java:1)
	at org.eclipse.m2e.core.internal.builder.MavenBuilder$BuildMethod.lambda$1(MavenBuilder.java:114)
	at org.eclipse.m2e.core.internal.embedder.MavenExecutionContext.executeBare(MavenExecutionContext.java:182)
	at org.eclipse.m2e.core.internal.embedder.MavenExecutionContext.execute(MavenExecutionContext.java:117)
	at org.eclipse.m2e.core.internal.builder.MavenBuilder$BuildMethod.lambda$0(MavenBuilder.java:105)
	at org.eclipse.m2e.core.internal.embedder.MavenExecutionContext.executeBare(MavenExecutionContext.java:182)
	at org.eclipse.m2e.core.internal.embedder.MavenExecutionContext.execute(MavenExecutionContext.java:156)
	at org.eclipse.m2e.core.internal.embedder.MavenExecutionContext.execute(MavenExecutionContext.java:103)
	at org.eclipse.m2e.core.internal.builder.MavenBuilder$BuildMethod.execute(MavenBuilder.java:88)
	at org.eclipse.m2e.core.internal.builder.MavenBuilder.build(MavenBuilder.java:198)
	at org.eclipse.core.internal.events.BuildManager$2.run(BuildManager.java:860)
	at org.eclipse.core.runtime.SafeRunner.run(SafeRunner.java:45)
	at org.eclipse.core.internal.events.BuildManager.basicBuild(BuildManager.java:232)
	at org.eclipse.core.internal.events.BuildManager.basicBuild(BuildManager.java:281)
	at org.eclipse.core.internal.events.BuildManager$1.run(BuildManager.java:334)
	at org.eclipse.core.runtime.SafeRunner.run(SafeRunner.java:45)
	at org.eclipse.core.internal.events.BuildManager.basicBuild(BuildManager.java:337)
	at org.eclipse.core.internal.events.BuildManager.basicBuildLoop(BuildManager.java:392)
	at org.eclipse.core.internal.events.BuildManager.build(BuildManager.java:417)
	at org.eclipse.core.internal.events.AutoBuildJob.doBuild(AutoBuildJob.java:161)
	at org.eclipse.core.internal.events.AutoBuildJob.run(AutoBuildJob.java:255)
	at org.eclipse.core.internal.jobs.Worker.run(Worker.java:63)
Caused by: java.lang.NoClassDefFoundError: Could not initialize class org.apache.maven.plugin.war.util.WebappStructureSerializer
	at org.apache.maven.plugin.war.AbstractWarMojo.<init>(AbstractWarMojo.java:316)
	at org.apache.maven.plugin.war.WarMojo.<init>(WarMojo.java:49)
	at java.base/jdk.internal.reflect.NativeConstructorAccessorImpl.newInstance0(Native Method)
	at java.base/jdk.internal.reflect.NativeConstructorAccessorImpl.newInstance(NativeConstructorAccessorImpl.java:77)
	at java.base/jdk.internal.reflect.DelegatingConstructorAccessorImpl.newInstance(DelegatingConstructorAccessorImpl.java:45)
	at java.base/java.lang.reflect.Constructor.newInstanceWithCaller(Constructor.java:499)
	at java.base/java.lang.reflect.Constructor.newInstance(Constructor.java:480)
	at com.google.inject.internal.DefaultConstructionProxyFactory$ReflectiveProxy.newInstance(DefaultConstructionProxyFactory.java:126)
	at com.google.inject.internal.ConstructorInjector.provision(ConstructorInjector.java:114)
	at com.google.inject.internal.ConstructorInjector.access$000(ConstructorInjector.java:32)
	at com.google.inject.internal.ConstructorInjector$1.call(ConstructorInjector.java:98)
	at com.google.inject.internal.ProvisionListenerStackCallback$Provision.provision(ProvisionListenerStackCallback.java:112)
	at com.google.inject.internal.ProvisionListenerStackCallback$Provision.provision(ProvisionListenerStackCallback.java:127)
	at com.google.inject.internal.ProvisionListenerStackCallback.provision(ProvisionListenerStackCallback.java:66)
	at com.google.inject.internal.ConstructorInjector.construct(ConstructorInjector.java:93)
	at com.google.inject.internal.ConstructorBindingImpl$Factory.get(ConstructorBindingImpl.java:306)
	at com.google.inject.internal.InjectorImpl$1.get(InjectorImpl.java:1050)
	... 46 common frames omitted
2025-10-28 10:13:53,480 [Worker-30: Building] INFO  o.e.m.c.i.l.LifecycleMappingFactory - Using org.maven.ide.eclipse.wtp.WarLifecycleMapping lifecycle mapping for MavenProject: EmployeeCRUD:com.demo:0.0.1-SNAPSHOT @ C:\Users\VEERESH K C\Servelet-Project-Workspace\com.demo\pom.xml.
2025-10-28 10:13:54,674 [Worker-30: Building] WARN  Sisu - Error injecting: org.apache.maven.plugin.war.WarMojo
com.google.inject.ProvisionException: Unable to provision, see the following errors:

1) Error injecting constructor, java.lang.ExceptionInInitializerError: Cannot access defaults field of Properties
  at org.apache.maven.plugin.war.WarMojo.<init>(Unknown Source)
  while locating org.apache.maven.plugin.war.WarMojo

1 error
	at com.google.inject.internal.InternalProvisionException.toProvisionException(InternalProvisionException.java:226)
	at com.google.inject.internal.InjectorImpl$1.get(InjectorImpl.java:1053)
	at com.google.inject.internal.InjectorImpl.getInstance(InjectorImpl.java:1086)
	at org.eclipse.sisu.space.AbstractDeferredClass.get(AbstractDeferredClass.java:48)
	at com.google.inject.internal.ProviderInternalFactory.provision(ProviderInternalFactory.java:85)
	at com.google.inject.internal.InternalFactoryToInitializableAdapter.provision(InternalFactoryToInitializableAdapter.java:57)
	at com.google.inject.internal.ProviderInternalFactory$1.call(ProviderInternalFactory.java:66)
	at com.google.inject.internal.ProvisionListenerStackCallback$Provision.provision(ProvisionListenerStackCallback.java:112)
	at com.google.inject.internal.ProvisionListenerStackCallback$Provision.provision(ProvisionListenerStackCallback.java:127)
	at com.google.inject.internal.ProvisionListenerStackCallback.provision(ProvisionListenerStackCallback.java:66)
	at com.google.inject.internal.ProviderInternalFactory.circularGet(ProviderInternalFactory.java:61)
	at com.google.inject.internal.InternalFactoryToInitializableAdapter.get(InternalFactoryToInitializableAdapter.java:47)
	at com.google.inject.internal.InjectorImpl$1.get(InjectorImpl.java:1050)
	at org.eclipse.sisu.inject.Guice4$1.get(Guice4.java:162)
	at org.eclipse.sisu.inject.LazyBeanEntry.getValue(LazyBeanEntry.java:81)
	at org.eclipse.sisu.plexus.LazyPlexusBean.getValue(LazyPlexusBean.java:51)
	at org.codehaus.plexus.DefaultPlexusContainer.lookup(DefaultPlexusContainer.java:263)
	at org.codehaus.plexus.DefaultPlexusContainer.lookup(DefaultPlexusContainer.java:255)
	at org.apache.maven.plugin.internal.DefaultMavenPluginManager.getConfiguredMojo(DefaultMavenPluginManager.java:520)
	at org.eclipse.m2e.core.internal.embedder.MavenImpl.getConfiguredMojo(MavenImpl.java:359)
	at org.sonatype.m2e.mavenarchiver.internal.AbstractMavenArchiverConfigurator.reflectManifestGeneration(AbstractMavenArchiverConfigurator.java:469)
	at org.sonatype.m2e.mavenarchiver.internal.AbstractMavenArchiverConfigurator.generateManifest(AbstractMavenArchiverConfigurator.java:422)
	at org.sonatype.m2e.mavenarchiver.internal.AbstractMavenArchiverConfigurator.mavenProjectChanged(AbstractMavenArchiverConfigurator.java:227)
	at org.eclipse.m2e.wtp.mavenarchiver.AbstractWTPArchiverConfigurator.mavenProjectChanged(AbstractWTPArchiverConfigurator.java:56)
	at org.eclipse.m2e.core.internal.project.ProjectConfigurationManager.mavenProjectChanged(ProjectConfigurationManager.java:1056)
	at org.eclipse.m2e.core.internal.project.registry.ProjectRegistryManager.notifyProjectChangeListeners(ProjectRegistryManager.java:806)
	at org.eclipse.m2e.core.internal.project.registry.ProjectRegistryManager.applyMutableProjectRegistry(ProjectRegistryManager.java:972)
	at org.eclipse.m2e.core.internal.project.registry.ProjectRegistryManager.refresh(ProjectRegistryManager.java:305)
	at org.eclipse.m2e.core.internal.builder.MavenBuilder$BuildMethod.getProjectFacade(MavenBuilder.java:151)
	at org.eclipse.m2e.core.internal.builder.MavenBuilder$BuildMethod.lambda$0(MavenBuilder.java:89)
	at org.eclipse.m2e.core.internal.embedder.MavenExecutionContext.executeBare(MavenExecutionContext.java:182)
	at org.eclipse.m2e.core.internal.embedder.MavenExecutionContext.execute(MavenExecutionContext.java:156)
	at org.eclipse.m2e.core.internal.embedder.MavenExecutionContext.execute(MavenExecutionContext.java:103)
	at org.eclipse.m2e.core.internal.builder.MavenBuilder$BuildMethod.execute(MavenBuilder.java:88)
	at org.eclipse.m2e.core.internal.builder.MavenBuilder.build(MavenBuilder.java:198)
	at org.eclipse.core.internal.events.BuildManager$2.run(BuildManager.java:860)
	at org.eclipse.core.runtime.SafeRunner.run(SafeRunner.java:45)
	at org.eclipse.core.internal.events.BuildManager.basicBuild(BuildManager.java:232)
	at org.eclipse.core.internal.events.BuildManager.basicBuild(BuildManager.java:281)
	at org.eclipse.core.internal.events.BuildManager$1.run(BuildManager.java:334)
	at org.eclipse.core.runtime.SafeRunner.run(SafeRunner.java:45)
	at org.eclipse.core.internal.events.BuildManager.basicBuild(BuildManager.java:337)
	at org.eclipse.core.internal.events.BuildManager.basicBuildLoop(BuildManager.java:392)
	at org.eclipse.core.internal.events.BuildManager.build(BuildManager.java:417)
	at org.eclipse.core.internal.events.AutoBuildJob.doBuild(AutoBuildJob.java:161)
	at org.eclipse.core.internal.events.AutoBuildJob.run(AutoBuildJob.java:255)
	at org.eclipse.core.internal.jobs.Worker.run(Worker.java:63)
Caused by: java.lang.ExceptionInInitializerError: Cannot access defaults field of Properties
	at com.thoughtworks.xstream.converters.collections.PropertiesConverter.<clinit>(PropertiesConverter.java:46)
	at com.thoughtworks.xstream.XStream.setupConverters(XStream.java:647)
	at com.thoughtworks.xstream.XStream.<init>(XStream.java:445)
	at com.thoughtworks.xstream.XStream.<init>(XStream.java:385)
	at com.thoughtworks.xstream.XStream.<init>(XStream.java:342)
	at org.apache.maven.plugin.war.util.WebappStructureSerializer.<clinit>(WebappStructureSerializer.java:47)
	at org.apache.maven.plugin.war.AbstractWarMojo.<init>(AbstractWarMojo.java:316)
	at org.apache.maven.plugin.war.WarMojo.<init>(WarMojo.java:49)
	at java.base/jdk.internal.reflect.NativeConstructorAccessorImpl.newInstance0(Native Method)
	at java.base/jdk.internal.reflect.NativeConstructorAccessorImpl.newInstance(NativeConstructorAccessorImpl.java:77)
	at java.base/jdk.internal.reflect.DelegatingConstructorAccessorImpl.newInstance(DelegatingConstructorAccessorImpl.java:45)
	at java.base/java.lang.reflect.Constructor.newInstanceWithCaller(Constructor.java:499)
	at java.base/java.lang.reflect.Constructor.newInstance(Constructor.java:480)
	at com.google.inject.internal.DefaultConstructionProxyFactory$ReflectiveProxy.newInstance(DefaultConstructionProxyFactory.java:126)
	at com.google.inject.internal.ConstructorInjector.provision(ConstructorInjector.java:114)
	at com.google.inject.internal.ConstructorInjector.access$000(ConstructorInjector.java:32)
	at com.google.inject.internal.ConstructorInjector$1.call(ConstructorInjector.java:98)
	at com.google.inject.internal.ProvisionListenerStackCallback$Provision.provision(ProvisionListenerStackCallback.java:112)
	at com.google.inject.internal.ProvisionListenerStackCallback$Provision.provision(ProvisionListenerStackCallback.java:127)
	at com.google.inject.internal.ProvisionListenerStackCallback.provision(ProvisionListenerStackCallback.java:66)
	at com.google.inject.internal.ConstructorInjector.construct(ConstructorInjector.java:93)
	at com.google.inject.internal.ConstructorBindingImpl$Factory.get(ConstructorBindingImpl.java:306)
	at com.google.inject.internal.InjectorImpl$1.get(InjectorImpl.java:1050)
	... 45 common frames omitted
2025-10-28 10:13:55,473 [Worker-36: Building] WARN  o.e.m.c.i.embedder.EclipseLogger - Using platform encoding (Cp1252 actually) to copy filtered resources, i.e. build is platform dependent!
2025-10-28 10:13:55,481 [Worker-36: Building] INFO  o.e.m.c.i.embedder.EclipseLogger - Copying 0 resource
2025-10-28 10:13:55,487 [Worker-36: Building] WARN  o.e.m.c.i.embedder.EclipseLogger - Using platform encoding (Cp1252 actually) to copy filtered resources, i.e. build is platform dependent!
2025-10-28 10:13:55,494 [Worker-36: Building] INFO  o.e.m.c.i.embedder.EclipseLogger - skip non existing resourceDirectory C:\Users\VEERESH K C\Servelet-Project-Workspace\com.demo\src\test\resources
2025-10-28 10:13:55,515 [Worker-36: Building] WARN  Sisu - Error injecting: org.apache.maven.plugin.war.WarMojo
com.google.inject.ProvisionException: Unable to provision, see the following errors:

1) Error injecting constructor, java.lang.NoClassDefFoundError: Could not initialize class org.apache.maven.plugin.war.util.WebappStructureSerializer
  at org.apache.maven.plugin.war.WarMojo.<init>(Unknown Source)
  while locating org.apache.maven.plugin.war.WarMojo

1 error
	at com.google.inject.internal.InternalProvisionException.toProvisionException(InternalProvisionException.java:226)
	at com.google.inject.internal.InjectorImpl$1.get(InjectorImpl.java:1053)
	at com.google.inject.internal.InjectorImpl.getInstance(InjectorImpl.java:1086)
	at org.eclipse.sisu.space.AbstractDeferredClass.get(AbstractDeferredClass.java:48)
	at com.google.inject.internal.ProviderInternalFactory.provision(ProviderInternalFactory.java:85)
	at com.google.inject.internal.InternalFactoryToInitializableAdapter.provision(InternalFactoryToInitializableAdapter.java:57)
	at com.google.inject.internal.ProviderInternalFactory$1.call(ProviderInternalFactory.java:66)
	at com.google.inject.internal.ProvisionListenerStackCallback$Provision.provision(ProvisionListenerStackCallback.java:112)
	at com.google.inject.internal.ProvisionListenerStackCallback$Provision.provision(ProvisionListenerStackCallback.java:127)
	at com.google.inject.internal.ProvisionListenerStackCallback.provision(ProvisionListenerStackCallback.java:66)
	at com.google.inject.internal.ProviderInternalFactory.circularGet(ProviderInternalFactory.java:61)
	at com.google.inject.internal.InternalFactoryToInitializableAdapter.get(InternalFactoryToInitializableAdapter.java:47)
	at com.google.inject.internal.InjectorImpl$1.get(InjectorImpl.java:1050)
	at org.eclipse.sisu.inject.Guice4$1.get(Guice4.java:162)
	at org.eclipse.sisu.inject.LazyBeanEntry.getValue(LazyBeanEntry.java:81)
	at org.eclipse.sisu.plexus.LazyPlexusBean.getValue(LazyPlexusBean.java:51)
	at org.codehaus.plexus.DefaultPlexusContainer.lookup(DefaultPlexusContainer.java:263)
	at org.codehaus.plexus.DefaultPlexusContainer.lookup(DefaultPlexusContainer.java:255)
	at org.apache.maven.plugin.internal.DefaultMavenPluginManager.getConfiguredMojo(DefaultMavenPluginManager.java:520)
	at org.eclipse.m2e.core.internal.embedder.MavenImpl.getConfiguredMojo(MavenImpl.java:359)
	at org.sonatype.m2e.mavenarchiver.internal.AbstractMavenArchiverConfigurator.reflectManifestGeneration(AbstractMavenArchiverConfigurator.java:469)
	at org.sonatype.m2e.mavenarchiver.internal.AbstractMavenArchiverConfigurator.generateManifest(AbstractMavenArchiverConfigurator.java:422)
	at org.sonatype.m2e.mavenarchiver.internal.AbstractMavenArchiverConfigurator.mavenProjectChanged(AbstractMavenArchiverConfigurator.java:227)
	at org.sonatype.m2e.mavenarchiver.internal.AbstractMavenArchiverConfigurator$1.build(AbstractMavenArchiverConfigurator.java:167)
	at org.eclipse.m2e.core.internal.builder.MavenBuilderImpl.build(MavenBuilderImpl.java:135)
	at org.eclipse.m2e.core.internal.builder.MavenBuilder$1.method(MavenBuilder.java:169)
	at org.eclipse.m2e.core.internal.builder.MavenBuilder$1.method(MavenBuilder.java:1)
	at org.eclipse.m2e.core.internal.builder.MavenBuilder$BuildMethod.lambda$1(MavenBuilder.java:114)
	at org.eclipse.m2e.core.internal.embedder.MavenExecutionContext.executeBare(MavenExecutionContext.java:182)
	at org.eclipse.m2e.core.internal.embedder.MavenExecutionContext.execute(MavenExecutionContext.java:117)
	at org.eclipse.m2e.core.internal.builder.MavenBuilder$BuildMethod.lambda$0(MavenBuilder.java:105)
	at org.eclipse.m2e.core.internal.embedder.MavenExecutionContext.executeBare(MavenExecutionContext.java:182)
	at org.eclipse.m2e.core.internal.embedder.MavenExecutionContext.execute(MavenExecutionContext.java:156)
	at org.eclipse.m2e.core.internal.embedder.MavenExecutionContext.execute(MavenExecutionContext.java:103)
	at org.eclipse.m2e.core.internal.builder.MavenBuilder$BuildMethod.execute(MavenBuilder.java:88)
	at org.eclipse.m2e.core.internal.builder.MavenBuilder.build(MavenBuilder.java:198)
	at org.eclipse.core.internal.events.BuildManager$2.run(BuildManager.java:860)
	at org.eclipse.core.runtime.SafeRunner.run(SafeRunner.java:45)
	at org.eclipse.core.internal.events.BuildManager.basicBuild(BuildManager.java:232)
	at org.eclipse.core.internal.events.BuildManager.basicBuild(BuildManager.java:281)
	at org.eclipse.core.internal.events.BuildManager$1.run(BuildManager.java:334)
	at org.eclipse.core.runtime.SafeRunner.run(SafeRunner.java:45)
	at org.eclipse.core.internal.events.BuildManager.basicBuild(BuildManager.java:337)
	at org.eclipse.core.internal.events.BuildManager.basicBuildLoop(BuildManager.java:392)
	at org.eclipse.core.internal.events.BuildManager.build(BuildManager.java:417)
	at org.eclipse.core.internal.events.AutoBuildJob.doBuild(AutoBuildJob.java:161)
	at org.eclipse.core.internal.events.AutoBuildJob.run(AutoBuildJob.java:255)
	at org.eclipse.core.internal.jobs.Worker.run(Worker.java:63)
Caused by: java.lang.NoClassDefFoundError: Could not initialize class org.apache.maven.plugin.war.util.WebappStructureSerializer
	at org.apache.maven.plugin.war.AbstractWarMojo.<init>(AbstractWarMojo.java:316)
	at org.apache.maven.plugin.war.WarMojo.<init>(WarMojo.java:49)
	at java.base/jdk.internal.reflect.NativeConstructorAccessorImpl.newInstance0(Native Method)
	at java.base/jdk.internal.reflect.NativeConstructorAccessorImpl.newInstance(NativeConstructorAccessorImpl.java:77)
	at java.base/jdk.internal.reflect.DelegatingConstructorAccessorImpl.newInstance(DelegatingConstructorAccessorImpl.java:45)
	at java.base/java.lang.reflect.Constructor.newInstanceWithCaller(Constructor.java:499)
	at java.base/java.lang.reflect.Constructor.newInstance(Constructor.java:480)
	at com.google.inject.internal.DefaultConstructionProxyFactory$ReflectiveProxy.newInstance(DefaultConstructionProxyFactory.java:126)
	at com.google.inject.internal.ConstructorInjector.provision(ConstructorInjector.java:114)
	at com.google.inject.internal.ConstructorInjector.access$000(ConstructorInjector.java:32)
	at com.google.inject.internal.ConstructorInjector$1.call(ConstructorInjector.java:98)
	at com.google.inject.internal.ProvisionListenerStackCallback$Provision.provision(ProvisionListenerStackCallback.java:112)
	at com.google.inject.internal.ProvisionListenerStackCallback$Provision.provision(ProvisionListenerStackCallback.java:127)
	at com.google.inject.internal.ProvisionListenerStackCallback.provision(ProvisionListenerStackCallback.java:66)
	at com.google.inject.internal.ConstructorInjector.construct(ConstructorInjector.java:93)
	at com.google.inject.internal.ConstructorBindingImpl$Factory.get(ConstructorBindingImpl.java:306)
	at com.google.inject.internal.InjectorImpl$1.get(InjectorImpl.java:1050)
	... 46 common frames omitted
2025-10-28 10:14:19,624 [Worker-35: Building] WARN  o.e.m.c.i.embedder.EclipseLogger - Using platform encoding (Cp1252 actually) to copy filtered resources, i.e. build is platform dependent!
2025-10-28 10:14:19,641 [Worker-35: Building] INFO  o.e.m.c.i.embedder.EclipseLogger - Copying 0 resource
2025-10-28 10:14:19,649 [Worker-35: Building] WARN  o.e.m.c.i.embedder.EclipseLogger - Using platform encoding (Cp1252 actually) to copy filtered resources, i.e. build is platform dependent!
2025-10-28 10:14:19,666 [Worker-35: Building] INFO  o.e.m.c.i.embedder.EclipseLogger - skip non existing resourceDirectory C:\Users\VEERESH K C\Servelet-Project-Workspace\com.demo\src\test\resources
2025-10-28 10:14:19,683 [Worker-35: Building] WARN  Sisu - Error injecting: org.apache.maven.plugin.war.WarMojo
com.google.inject.ProvisionException: Unable to provision, see the following errors:

1) Error injecting constructor, java.lang.NoClassDefFoundError: Could not initialize class org.apache.maven.plugin.war.util.WebappStructureSerializer
  at org.apache.maven.plugin.war.WarMojo.<init>(Unknown Source)
  while locating org.apache.maven.plugin.war.WarMojo

1 error
	at com.google.inject.internal.InternalProvisionException.toProvisionException(InternalProvisionException.java:226)
	at com.google.inject.internal.InjectorImpl$1.get(InjectorImpl.java:1053)
	at com.google.inject.internal.InjectorImpl.getInstance(InjectorImpl.java:1086)
	at org.eclipse.sisu.space.AbstractDeferredClass.get(AbstractDeferredClass.java:48)
	at com.google.inject.internal.ProviderInternalFactory.provision(ProviderInternalFactory.java:85)
	at com.google.inject.internal.InternalFactoryToInitializableAdapter.provision(InternalFactoryToInitializableAdapter.java:57)
	at com.google.inject.internal.ProviderInternalFactory$1.call(ProviderInternalFactory.java:66)
	at com.google.inject.internal.ProvisionListenerStackCallback$Provision.provision(ProvisionListenerStackCallback.java:112)
	at com.google.inject.internal.ProvisionListenerStackCallback$Provision.provision(ProvisionListenerStackCallback.java:127)
	at com.google.inject.internal.ProvisionListenerStackCallback.provision(ProvisionListenerStackCallback.java:66)
	at com.google.inject.internal.ProviderInternalFactory.circularGet(ProviderInternalFactory.java:61)
	at com.google.inject.internal.InternalFactoryToInitializableAdapter.get(InternalFactoryToInitializableAdapter.java:47)
	at com.google.inject.internal.InjectorImpl$1.get(InjectorImpl.java:1050)
	at org.eclipse.sisu.inject.Guice4$1.get(Guice4.java:162)
	at org.eclipse.sisu.inject.LazyBeanEntry.getValue(LazyBeanEntry.java:81)
	at org.eclipse.sisu.plexus.LazyPlexusBean.getValue(LazyPlexusBean.java:51)
	at org.codehaus.plexus.DefaultPlexusContainer.lookup(DefaultPlexusContainer.java:263)
	at org.codehaus.plexus.DefaultPlexusContainer.lookup(DefaultPlexusContainer.java:255)
	at org.apache.maven.plugin.internal.DefaultMavenPluginManager.getConfiguredMojo(DefaultMavenPluginManager.java:520)
	at org.eclipse.m2e.core.internal.embedder.MavenImpl.getConfiguredMojo(MavenImpl.java:359)
	at org.sonatype.m2e.mavenarchiver.internal.AbstractMavenArchiverConfigurator.reflectManifestGeneration(AbstractMavenArchiverConfigurator.java:469)
	at org.sonatype.m2e.mavenarchiver.internal.AbstractMavenArchiverConfigurator.generateManifest(AbstractMavenArchiverConfigurator.java:422)
	at org.sonatype.m2e.mavenarchiver.internal.AbstractMavenArchiverConfigurator.mavenProjectChanged(AbstractMavenArchiverConfigurator.java:227)
	at org.sonatype.m2e.mavenarchiver.internal.AbstractMavenArchiverConfigurator$1.build(AbstractMavenArchiverConfigurator.java:167)
	at org.eclipse.m2e.core.internal.builder.MavenBuilderImpl.build(MavenBuilderImpl.java:135)
	at org.eclipse.m2e.core.internal.builder.MavenBuilder$1.method(MavenBuilder.java:169)
	at org.eclipse.m2e.core.internal.builder.MavenBuilder$1.method(MavenBuilder.java:1)
	at org.eclipse.m2e.core.internal.builder.MavenBuilder$BuildMethod.lambda$1(MavenBuilder.java:114)
	at org.eclipse.m2e.core.internal.embedder.MavenExecutionContext.executeBare(MavenExecutionContext.java:182)
	at org.eclipse.m2e.core.internal.embedder.MavenExecutionContext.execute(MavenExecutionContext.java:117)
	at org.eclipse.m2e.core.internal.builder.MavenBuilder$BuildMethod.lambda$0(MavenBuilder.java:105)
	at org.eclipse.m2e.core.internal.embedder.MavenExecutionContext.executeBare(MavenExecutionContext.java:182)
	at org.eclipse.m2e.core.internal.embedder.MavenExecutionContext.execute(MavenExecutionContext.java:156)
	at org.eclipse.m2e.core.internal.embedder.MavenExecutionContext.execute(MavenExecutionContext.java:103)
	at org.eclipse.m2e.core.internal.builder.MavenBuilder$BuildMethod.execute(MavenBuilder.java:88)
	at org.eclipse.m2e.core.internal.builder.MavenBuilder.build(MavenBuilder.java:198)
	at org.eclipse.core.internal.events.BuildManager$2.run(BuildManager.java:860)
	at org.eclipse.core.runtime.SafeRunner.run(SafeRunner.java:45)
	at org.eclipse.core.internal.events.BuildManager.basicBuild(BuildManager.java:232)
	at org.eclipse.core.internal.events.BuildManager.basicBuild(BuildManager.java:281)
	at org.eclipse.core.internal.events.BuildManager$1.run(BuildManager.java:334)
	at org.eclipse.core.runtime.SafeRunner.run(SafeRunner.java:45)
	at org.eclipse.core.internal.events.BuildManager.basicBuild(BuildManager.java:337)
	at org.eclipse.core.internal.events.BuildManager.basicBuildLoop(BuildManager.java:392)
	at org.eclipse.core.internal.events.BuildManager.build(BuildManager.java:417)
	at org.eclipse.core.internal.events.AutoBuildJob.doBuild(AutoBuildJob.java:161)
	at org.eclipse.core.internal.events.AutoBuildJob.run(AutoBuildJob.java:255)
	at org.eclipse.core.internal.jobs.Worker.run(Worker.java:63)
Caused by: java.lang.NoClassDefFoundError: Could not initialize class org.apache.maven.plugin.war.util.WebappStructureSerializer
	at org.apache.maven.plugin.war.AbstractWarMojo.<init>(AbstractWarMojo.java:316)
	at org.apache.maven.plugin.war.WarMojo.<init>(WarMojo.java:49)
	at java.base/jdk.internal.reflect.NativeConstructorAccessorImpl.newInstance0(Native Method)
	at java.base/jdk.internal.reflect.NativeConstructorAccessorImpl.newInstance(NativeConstructorAccessorImpl.java:77)
	at java.base/jdk.internal.reflect.DelegatingConstructorAccessorImpl.newInstance(DelegatingConstructorAccessorImpl.java:45)
	at java.base/java.lang.reflect.Constructor.newInstanceWithCaller(Constructor.java:499)
	at java.base/java.lang.reflect.Constructor.newInstance(Constructor.java:480)
	at com.google.inject.internal.DefaultConstructionProxyFactory$ReflectiveProxy.newInstance(DefaultConstructionProxyFactory.java:126)
	at com.google.inject.internal.ConstructorInjector.provision(ConstructorInjector.java:114)
	at com.google.inject.internal.ConstructorInjector.access$000(ConstructorInjector.java:32)
	at com.google.inject.internal.ConstructorInjector$1.call(ConstructorInjector.java:98)
	at com.google.inject.internal.ProvisionListenerStackCallback$Provision.provision(ProvisionListenerStackCallback.java:112)
	at com.google.inject.internal.ProvisionListenerStackCallback$Provision.provision(ProvisionListenerStackCallback.java:127)
	at com.google.inject.internal.ProvisionListenerStackCallback.provision(ProvisionListenerStackCallback.java:66)
	at com.google.inject.internal.ConstructorInjector.construct(ConstructorInjector.java:93)
	at com.google.inject.internal.ConstructorBindingImpl$Factory.get(ConstructorBindingImpl.java:306)
	at com.google.inject.internal.InjectorImpl$1.get(InjectorImpl.java:1050)
	... 46 common frames omitted
2025-10-28 10:15:41,485 [Worker-38: Building] WARN  o.e.m.c.i.embedder.EclipseLogger - Using platform encoding (Cp1252 actually) to copy filtered resources, i.e. build is platform dependent!
2025-10-28 10:15:41,497 [Worker-38: Building] INFO  o.e.m.c.i.embedder.EclipseLogger - Copying 0 resource
2025-10-28 10:15:41,509 [Worker-38: Building] WARN  o.e.m.c.i.embedder.EclipseLogger - Using platform encoding (Cp1252 actually) to copy filtered resources, i.e. build is platform dependent!
2025-10-28 10:15:41,516 [Worker-38: Building] INFO  o.e.m.c.i.embedder.EclipseLogger - skip non existing resourceDirectory C:\Users\VEERESH K C\Servelet-Project-Workspace\com.demo\src\test\resources
2025-10-28 10:15:41,543 [Worker-38: Building] WARN  Sisu - Error injecting: org.apache.maven.plugin.war.WarMojo
com.google.inject.ProvisionException: Unable to provision, see the following errors:

1) Error injecting constructor, java.lang.NoClassDefFoundError: Could not initialize class org.apache.maven.plugin.war.util.WebappStructureSerializer
  at org.apache.maven.plugin.war.WarMojo.<init>(Unknown Source)
  while locating org.apache.maven.plugin.war.WarMojo

1 error
	at com.google.inject.internal.InternalProvisionException.toProvisionException(InternalProvisionException.java:226)
	at com.google.inject.internal.InjectorImpl$1.get(InjectorImpl.java:1053)
	at com.google.inject.internal.InjectorImpl.getInstance(InjectorImpl.java:1086)
	at org.eclipse.sisu.space.AbstractDeferredClass.get(AbstractDeferredClass.java:48)
	at com.google.inject.internal.ProviderInternalFactory.provision(ProviderInternalFactory.java:85)
	at com.google.inject.internal.InternalFactoryToInitializableAdapter.provision(InternalFactoryToInitializableAdapter.java:57)
	at com.google.inject.internal.ProviderInternalFactory$1.call(ProviderInternalFactory.java:66)
	at com.google.inject.internal.ProvisionListenerStackCallback$Provision.provision(ProvisionListenerStackCallback.java:112)
	at com.google.inject.internal.ProvisionListenerStackCallback$Provision.provision(ProvisionListenerStackCallback.java:127)
	at com.google.inject.internal.ProvisionListenerStackCallback.provision(ProvisionListenerStackCallback.java:66)
	at com.google.inject.internal.ProviderInternalFactory.circularGet(ProviderInternalFactory.java:61)
	at com.google.inject.internal.InternalFactoryToInitializableAdapter.get(InternalFactoryToInitializableAdapter.java:47)
	at com.google.inject.internal.InjectorImpl$1.get(InjectorImpl.java:1050)
	at org.eclipse.sisu.inject.Guice4$1.get(Guice4.java:162)
	at org.eclipse.sisu.inject.LazyBeanEntry.getValue(LazyBeanEntry.java:81)
	at org.eclipse.sisu.plexus.LazyPlexusBean.getValue(LazyPlexusBean.java:51)
	at org.codehaus.plexus.DefaultPlexusContainer.lookup(DefaultPlexusContainer.java:263)
	at org.codehaus.plexus.DefaultPlexusContainer.lookup(DefaultPlexusContainer.java:255)
	at org.apache.maven.plugin.internal.DefaultMavenPluginManager.getConfiguredMojo(DefaultMavenPluginManager.java:520)
	at org.eclipse.m2e.core.internal.embedder.MavenImpl.getConfiguredMojo(MavenImpl.java:359)
	at org.sonatype.m2e.mavenarchiver.internal.AbstractMavenArchiverConfigurator.reflectManifestGeneration(AbstractMavenArchiverConfigurator.java:469)
	at org.sonatype.m2e.mavenarchiver.internal.AbstractMavenArchiverConfigurator.generateManifest(AbstractMavenArchiverConfigurator.java:422)
	at org.sonatype.m2e.mavenarchiver.internal.AbstractMavenArchiverConfigurator.mavenProjectChanged(AbstractMavenArchiverConfigurator.java:227)
	at org.sonatype.m2e.mavenarchiver.internal.AbstractMavenArchiverConfigurator$1.build(AbstractMavenArchiverConfigurator.java:167)
	at org.eclipse.m2e.core.internal.builder.MavenBuilderImpl.build(MavenBuilderImpl.java:135)
	at org.eclipse.m2e.core.internal.builder.MavenBuilder$1.method(MavenBuilder.java:169)
	at org.eclipse.m2e.core.internal.builder.MavenBuilder$1.method(MavenBuilder.java:1)
	at org.eclipse.m2e.core.internal.builder.MavenBuilder$BuildMethod.lambda$1(MavenBuilder.java:114)
	at org.eclipse.m2e.core.internal.embedder.MavenExecutionContext.executeBare(MavenExecutionContext.java:182)
	at org.eclipse.m2e.core.internal.embedder.MavenExecutionContext.execute(MavenExecutionContext.java:117)
	at org.eclipse.m2e.core.internal.builder.MavenBuilder$BuildMethod.lambda$0(MavenBuilder.java:105)
	at org.eclipse.m2e.core.internal.embedder.MavenExecutionContext.executeBare(MavenExecutionContext.java:182)
	at org.eclipse.m2e.core.internal.embedder.MavenExecutionContext.execute(MavenExecutionContext.java:156)
	at org.eclipse.m2e.core.internal.embedder.MavenExecutionContext.execute(MavenExecutionContext.java:103)
	at org.eclipse.m2e.core.internal.builder.MavenBuilder$BuildMethod.execute(MavenBuilder.java:88)
	at org.eclipse.m2e.core.internal.builder.MavenBuilder.build(MavenBuilder.java:198)
	at org.eclipse.core.internal.events.BuildManager$2.run(BuildManager.java:860)
	at org.eclipse.core.runtime.SafeRunner.run(SafeRunner.java:45)
	at org.eclipse.core.internal.events.BuildManager.basicBuild(BuildManager.java:232)
	at org.eclipse.core.internal.events.BuildManager.basicBuild(BuildManager.java:281)
	at org.eclipse.core.internal.events.BuildManager$1.run(BuildManager.java:334)
	at org.eclipse.core.runtime.SafeRunner.run(SafeRunner.java:45)
	at org.eclipse.core.internal.events.BuildManager.basicBuild(BuildManager.java:337)
	at org.eclipse.core.internal.events.BuildManager.basicBuildLoop(BuildManager.java:392)
	at org.eclipse.core.internal.events.BuildManager.build(BuildManager.java:417)
	at org.eclipse.core.internal.events.AutoBuildJob.doBuild(AutoBuildJob.java:161)
	at org.eclipse.core.internal.events.AutoBuildJob.run(AutoBuildJob.java:255)
	at org.eclipse.core.internal.jobs.Worker.run(Worker.java:63)
Caused by: java.lang.NoClassDefFoundError: Could not initialize class org.apache.maven.plugin.war.util.WebappStructureSerializer
	at org.apache.maven.plugin.war.AbstractWarMojo.<init>(AbstractWarMojo.java:316)
	at org.apache.maven.plugin.war.WarMojo.<init>(WarMojo.java:49)
	at java.base/jdk.internal.reflect.NativeConstructorAccessorImpl.newInstance0(Native Method)
	at java.base/jdk.internal.reflect.NativeConstructorAccessorImpl.newInstance(NativeConstructorAccessorImpl.java:77)
	at java.base/jdk.internal.reflect.DelegatingConstructorAccessorImpl.newInstance(DelegatingConstructorAccessorImpl.java:45)
	at java.base/java.lang.reflect.Constructor.newInstanceWithCaller(Constructor.java:499)
	at java.base/java.lang.reflect.Constructor.newInstance(Constructor.java:480)
	at com.google.inject.internal.DefaultConstructionProxyFactory$ReflectiveProxy.newInstance(DefaultConstructionProxyFactory.java:126)
	at com.google.inject.internal.ConstructorInjector.provision(ConstructorInjector.java:114)
	at com.google.inject.internal.ConstructorInjector.access$000(ConstructorInjector.java:32)
	at com.google.inject.internal.ConstructorInjector$1.call(ConstructorInjector.java:98)
	at com.google.inject.internal.ProvisionListenerStackCallback$Provision.provision(ProvisionListenerStackCallback.java:112)
	at com.google.inject.internal.ProvisionListenerStackCallback$Provision.provision(ProvisionListenerStackCallback.java:127)
	at com.google.inject.internal.ProvisionListenerStackCallback.provision(ProvisionListenerStackCallback.java:66)
	at com.google.inject.internal.ConstructorInjector.construct(ConstructorInjector.java:93)
	at com.google.inject.internal.ConstructorBindingImpl$Factory.get(ConstructorBindingImpl.java:306)
	at com.google.inject.internal.InjectorImpl$1.get(InjectorImpl.java:1050)
	... 46 common frames omitted
2025-10-28 10:16:58,849 [Worker-38: Building] WARN  o.e.m.c.i.embedder.EclipseLogger - Using platform encoding (Cp1252 actually) to copy filtered resources, i.e. build is platform dependent!
2025-10-28 10:16:58,878 [Worker-38: Building] INFO  o.e.m.c.i.embedder.EclipseLogger - Copying 0 resource
2025-10-28 10:16:58,881 [Worker-38: Building] WARN  o.e.m.c.i.embedder.EclipseLogger - Using platform encoding (Cp1252 actually) to copy filtered resources, i.e. build is platform dependent!
2025-10-28 10:16:58,883 [Worker-38: Building] INFO  o.e.m.c.i.embedder.EclipseLogger - skip non existing resourceDirectory C:\Users\VEERESH K C\Servelet-Project-Workspace\com.demo\src\test\resources
2025-10-28 10:16:58,891 [Worker-38: Building] WARN  Sisu - Error injecting: org.apache.maven.plugin.war.WarMojo
com.google.inject.ProvisionException: Unable to provision, see the following errors:

1) Error injecting constructor, java.lang.NoClassDefFoundError: Could not initialize class org.apache.maven.plugin.war.util.WebappStructureSerializer
  at org.apache.maven.plugin.war.WarMojo.<init>(Unknown Source)
  while locating org.apache.maven.plugin.war.WarMojo

1 error
	at com.google.inject.internal.InternalProvisionException.toProvisionException(InternalProvisionException.java:226)
	at com.google.inject.internal.InjectorImpl$1.get(InjectorImpl.java:1053)
	at com.google.inject.internal.InjectorImpl.getInstance(InjectorImpl.java:1086)
	at org.eclipse.sisu.space.AbstractDeferredClass.get(AbstractDeferredClass.java:48)
	at com.google.inject.internal.ProviderInternalFactory.provision(ProviderInternalFactory.java:85)
	at com.google.inject.internal.InternalFactoryToInitializableAdapter.provision(InternalFactoryToInitializableAdapter.java:57)
	at com.google.inject.internal.ProviderInternalFactory$1.call(ProviderInternalFactory.java:66)
	at com.google.inject.internal.ProvisionListenerStackCallback$Provision.provision(ProvisionListenerStackCallback.java:112)
	at com.google.inject.internal.ProvisionListenerStackCallback$Provision.provision(ProvisionListenerStackCallback.java:127)
	at com.google.inject.internal.ProvisionListenerStackCallback.provision(ProvisionListenerStackCallback.java:66)
	at com.google.inject.internal.ProviderInternalFactory.circularGet(ProviderInternalFactory.java:61)
	at com.google.inject.internal.InternalFactoryToInitializableAdapter.get(InternalFactoryToInitializableAdapter.java:47)
	at com.google.inject.internal.InjectorImpl$1.get(InjectorImpl.java:1050)
	at org.eclipse.sisu.inject.Guice4$1.get(Guice4.java:162)
	at org.eclipse.sisu.inject.LazyBeanEntry.getValue(LazyBeanEntry.java:81)
	at org.eclipse.sisu.plexus.LazyPlexusBean.getValue(LazyPlexusBean.java:51)
	at org.codehaus.plexus.DefaultPlexusContainer.lookup(DefaultPlexusContainer.java:263)
	at org.codehaus.plexus.DefaultPlexusContainer.lookup(DefaultPlexusContainer.java:255)
	at org.apache.maven.plugin.internal.DefaultMavenPluginManager.getConfiguredMojo(DefaultMavenPluginManager.java:520)
	at org.eclipse.m2e.core.internal.embedder.MavenImpl.getConfiguredMojo(MavenImpl.java:359)
	at org.sonatype.m2e.mavenarchiver.internal.AbstractMavenArchiverConfigurator.reflectManifestGeneration(AbstractMavenArchiverConfigurator.java:469)
	at org.sonatype.m2e.mavenarchiver.internal.AbstractMavenArchiverConfigurator.generateManifest(AbstractMavenArchiverConfigurator.java:422)
	at org.sonatype.m2e.mavenarchiver.internal.AbstractMavenArchiverConfigurator.mavenProjectChanged(AbstractMavenArchiverConfigurator.java:227)
	at org.sonatype.m2e.mavenarchiver.internal.AbstractMavenArchiverConfigurator$1.build(AbstractMavenArchiverConfigurator.java:167)
	at org.eclipse.m2e.core.internal.builder.MavenBuilderImpl.build(MavenBuilderImpl.java:135)
	at org.eclipse.m2e.core.internal.builder.MavenBuilder$1.method(MavenBuilder.java:169)
	at org.eclipse.m2e.core.internal.builder.MavenBuilder$1.method(MavenBuilder.java:1)
	at org.eclipse.m2e.core.internal.builder.MavenBuilder$BuildMethod.lambda$1(MavenBuilder.java:114)
	at org.eclipse.m2e.core.internal.embedder.MavenExecutionContext.executeBare(MavenExecutionContext.java:182)
	at org.eclipse.m2e.core.internal.embedder.MavenExecutionContext.execute(MavenExecutionContext.java:117)
	at org.eclipse.m2e.core.internal.builder.MavenBuilder$BuildMethod.lambda$0(MavenBuilder.java:105)
	at org.eclipse.m2e.core.internal.embedder.MavenExecutionContext.executeBare(MavenExecutionContext.java:182)
	at org.eclipse.m2e.core.internal.embedder.MavenExecutionContext.execute(MavenExecutionContext.java:156)
	at org.eclipse.m2e.core.internal.embedder.MavenExecutionContext.execute(MavenExecutionContext.java:103)
	at org.eclipse.m2e.core.internal.builder.MavenBuilder$BuildMethod.execute(MavenBuilder.java:88)
	at org.eclipse.m2e.core.internal.builder.MavenBuilder.build(MavenBuilder.java:198)
	at org.eclipse.core.internal.events.BuildManager$2.run(BuildManager.java:860)
	at org.eclipse.core.runtime.SafeRunner.run(SafeRunner.java:45)
	at org.eclipse.core.internal.events.BuildManager.basicBuild(BuildManager.java:232)
	at org.eclipse.core.internal.events.BuildManager.basicBuild(BuildManager.java:281)
	at org.eclipse.core.internal.events.BuildManager$1.run(BuildManager.java:334)
	at org.eclipse.core.runtime.SafeRunner.run(SafeRunner.java:45)
	at org.eclipse.core.internal.events.BuildManager.basicBuild(BuildManager.java:337)
	at org.eclipse.core.internal.events.BuildManager.basicBuildLoop(BuildManager.java:392)
	at org.eclipse.core.internal.events.BuildManager.build(BuildManager.java:417)
	at org.eclipse.core.internal.events.AutoBuildJob.doBuild(AutoBuildJob.java:161)
	at org.eclipse.core.internal.events.AutoBuildJob.run(AutoBuildJob.java:255)
	at org.eclipse.core.internal.jobs.Worker.run(Worker.java:63)
Caused by: java.lang.NoClassDefFoundError: Could not initialize class org.apache.maven.plugin.war.util.WebappStructureSerializer
	at org.apache.maven.plugin.war.AbstractWarMojo.<init>(AbstractWarMojo.java:316)
	at org.apache.maven.plugin.war.WarMojo.<init>(WarMojo.java:49)
	at java.base/jdk.internal.reflect.NativeConstructorAccessorImpl.newInstance0(Native Method)
	at java.base/jdk.internal.reflect.NativeConstructorAccessorImpl.newInstance(NativeConstructorAccessorImpl.java:77)
	at java.base/jdk.internal.reflect.DelegatingConstructorAccessorImpl.newInstance(DelegatingConstructorAccessorImpl.java:45)
	at java.base/java.lang.reflect.Constructor.newInstanceWithCaller(Constructor.java:499)
	at java.base/java.lang.reflect.Constructor.newInstance(Constructor.java:480)
	at com.google.inject.internal.DefaultConstructionProxyFactory$ReflectiveProxy.newInstance(DefaultConstructionProxyFactory.java:126)
	at com.google.inject.internal.ConstructorInjector.provision(ConstructorInjector.java:114)
	at com.google.inject.internal.ConstructorInjector.access$000(ConstructorInjector.java:32)
	at com.google.inject.internal.ConstructorInjector$1.call(ConstructorInjector.java:98)
	at com.google.inject.internal.ProvisionListenerStackCallback$Provision.provision(ProvisionListenerStackCallback.java:112)
	at com.google.inject.internal.ProvisionListenerStackCallback$Provision.provision(ProvisionListenerStackCallback.java:127)
	at com.google.inject.internal.ProvisionListenerStackCallback.provision(ProvisionListenerStackCallback.java:66)
	at com.google.inject.internal.ConstructorInjector.construct(ConstructorInjector.java:93)
	at com.google.inject.internal.ConstructorBindingImpl$Factory.get(ConstructorBindingImpl.java:306)
	at com.google.inject.internal.InjectorImpl$1.get(InjectorImpl.java:1050)
	... 46 common frames omitted
2025-10-28 10:17:10,934 [Worker-40: Building] WARN  o.e.m.c.i.embedder.EclipseLogger - Using platform encoding (Cp1252 actually) to copy filtered resources, i.e. build is platform dependent!
2025-10-28 10:17:10,939 [Worker-40: Building] INFO  o.e.m.c.i.embedder.EclipseLogger - Copying 0 resource
2025-10-28 10:17:10,941 [Worker-40: Building] WARN  o.e.m.c.i.embedder.EclipseLogger - Using platform encoding (Cp1252 actually) to copy filtered resources, i.e. build is platform dependent!
2025-10-28 10:17:10,942 [Worker-40: Building] INFO  o.e.m.c.i.embedder.EclipseLogger - skip non existing resourceDirectory C:\Users\VEERESH K C\Servelet-Project-Workspace\com.demo\src\test\resources
2025-10-28 10:17:10,952 [Worker-40: Building] WARN  Sisu - Error injecting: org.apache.maven.plugin.war.WarMojo
com.google.inject.ProvisionException: Unable to provision, see the following errors:

1) Error injecting constructor, java.lang.NoClassDefFoundError: Could not initialize class org.apache.maven.plugin.war.util.WebappStructureSerializer
  at org.apache.maven.plugin.war.WarMojo.<init>(Unknown Source)
  while locating org.apache.maven.plugin.war.WarMojo

1 error
	at com.google.inject.internal.InternalProvisionException.toProvisionException(InternalProvisionException.java:226)
	at com.google.inject.internal.InjectorImpl$1.get(InjectorImpl.java:1053)
	at com.google.inject.internal.InjectorImpl.getInstance(InjectorImpl.java:1086)
	at org.eclipse.sisu.space.AbstractDeferredClass.get(AbstractDeferredClass.java:48)
	at com.google.inject.internal.ProviderInternalFactory.provision(ProviderInternalFactory.java:85)
	at com.google.inject.internal.InternalFactoryToInitializableAdapter.provision(InternalFactoryToInitializableAdapter.java:57)
	at com.google.inject.internal.ProviderInternalFactory$1.call(ProviderInternalFactory.java:66)
	at com.google.inject.internal.ProvisionListenerStackCallback$Provision.provision(ProvisionListenerStackCallback.java:112)
	at com.google.inject.internal.ProvisionListenerStackCallback$Provision.provision(ProvisionListenerStackCallback.java:127)
	at com.google.inject.internal.ProvisionListenerStackCallback.provision(ProvisionListenerStackCallback.java:66)
	at com.google.inject.internal.ProviderInternalFactory.circularGet(ProviderInternalFactory.java:61)
	at com.google.inject.internal.InternalFactoryToInitializableAdapter.get(InternalFactoryToInitializableAdapter.java:47)
	at com.google.inject.internal.InjectorImpl$1.get(InjectorImpl.java:1050)
	at org.eclipse.sisu.inject.Guice4$1.get(Guice4.java:162)
	at org.eclipse.sisu.inject.LazyBeanEntry.getValue(LazyBeanEntry.java:81)
	at org.eclipse.sisu.plexus.LazyPlexusBean.getValue(LazyPlexusBean.java:51)
	at org.codehaus.plexus.DefaultPlexusContainer.lookup(DefaultPlexusContainer.java:263)
	at org.codehaus.plexus.DefaultPlexusContainer.lookup(DefaultPlexusContainer.java:255)
	at org.apache.maven.plugin.internal.DefaultMavenPluginManager.getConfiguredMojo(DefaultMavenPluginManager.java:520)
	at org.eclipse.m2e.core.internal.embedder.MavenImpl.getConfiguredMojo(MavenImpl.java:359)
	at org.sonatype.m2e.mavenarchiver.internal.AbstractMavenArchiverConfigurator.reflectManifestGeneration(AbstractMavenArchiverConfigurator.java:469)
	at org.sonatype.m2e.mavenarchiver.internal.AbstractMavenArchiverConfigurator.generateManifest(AbstractMavenArchiverConfigurator.java:422)
	at org.sonatype.m2e.mavenarchiver.internal.AbstractMavenArchiverConfigurator.mavenProjectChanged(AbstractMavenArchiverConfigurator.java:227)
	at org.sonatype.m2e.mavenarchiver.internal.AbstractMavenArchiverConfigurator$1.build(AbstractMavenArchiverConfigurator.java:167)
	at org.eclipse.m2e.core.internal.builder.MavenBuilderImpl.build(MavenBuilderImpl.java:135)
	at org.eclipse.m2e.core.internal.builder.MavenBuilder$1.method(MavenBuilder.java:169)
	at org.eclipse.m2e.core.internal.builder.MavenBuilder$1.method(MavenBuilder.java:1)
	at org.eclipse.m2e.core.internal.builder.MavenBuilder$BuildMethod.lambda$1(MavenBuilder.java:114)
	at org.eclipse.m2e.core.internal.embedder.MavenExecutionContext.executeBare(MavenExecutionContext.java:182)
	at org.eclipse.m2e.core.internal.embedder.MavenExecutionContext.execute(MavenExecutionContext.java:117)
	at org.eclipse.m2e.core.internal.builder.MavenBuilder$BuildMethod.lambda$0(MavenBuilder.java:105)
	at org.eclipse.m2e.core.internal.embedder.MavenExecutionContext.executeBare(MavenExecutionContext.java:182)
	at org.eclipse.m2e.core.internal.embedder.MavenExecutionContext.execute(MavenExecutionContext.java:156)
	at org.eclipse.m2e.core.internal.embedder.MavenExecutionContext.execute(MavenExecutionContext.java:103)
	at org.eclipse.m2e.core.internal.builder.MavenBuilder$BuildMethod.execute(MavenBuilder.java:88)
	at org.eclipse.m2e.core.internal.builder.MavenBuilder.build(MavenBuilder.java:198)
	at org.eclipse.core.internal.events.BuildManager$2.run(BuildManager.java:860)
	at org.eclipse.core.runtime.SafeRunner.run(SafeRunner.java:45)
	at org.eclipse.core.internal.events.BuildManager.basicBuild(BuildManager.java:232)
	at org.eclipse.core.internal.events.BuildManager.basicBuild(BuildManager.java:281)
	at org.eclipse.core.internal.events.BuildManager$1.run(BuildManager.java:334)
	at org.eclipse.core.runtime.SafeRunner.run(SafeRunner.java:45)
	at org.eclipse.core.internal.events.BuildManager.basicBuild(BuildManager.java:337)
	at org.eclipse.core.internal.events.BuildManager.basicBuildLoop(BuildManager.java:392)
	at org.eclipse.core.internal.events.BuildManager.build(BuildManager.java:417)
	at org.eclipse.core.internal.events.AutoBuildJob.doBuild(AutoBuildJob.java:161)
	at org.eclipse.core.internal.events.AutoBuildJob.run(AutoBuildJob.java:255)
	at org.eclipse.core.internal.jobs.Worker.run(Worker.java:63)
Caused by: java.lang.NoClassDefFoundError: Could not initialize class org.apache.maven.plugin.war.util.WebappStructureSerializer
	at org.apache.maven.plugin.war.AbstractWarMojo.<init>(AbstractWarMojo.java:316)
	at org.apache.maven.plugin.war.WarMojo.<init>(WarMojo.java:49)
	at java.base/jdk.internal.reflect.NativeConstructorAccessorImpl.newInstance0(Native Method)
	at java.base/jdk.internal.reflect.NativeConstructorAccessorImpl.newInstance(NativeConstructorAccessorImpl.java:77)
	at java.base/jdk.internal.reflect.DelegatingConstructorAccessorImpl.newInstance(DelegatingConstructorAccessorImpl.java:45)
	at java.base/java.lang.reflect.Constructor.newInstanceWithCaller(Constructor.java:499)
	at java.base/java.lang.reflect.Constructor.newInstance(Constructor.java:480)
	at com.google.inject.internal.DefaultConstructionProxyFactory$ReflectiveProxy.newInstance(DefaultConstructionProxyFactory.java:126)
	at com.google.inject.internal.ConstructorInjector.provision(ConstructorInjector.java:114)
	at com.google.inject.internal.ConstructorInjector.access$000(ConstructorInjector.java:32)
	at com.google.inject.internal.ConstructorInjector$1.call(ConstructorInjector.java:98)
	at com.google.inject.internal.ProvisionListenerStackCallback$Provision.provision(ProvisionListenerStackCallback.java:112)
	at com.google.inject.internal.ProvisionListenerStackCallback$Provision.provision(ProvisionListenerStackCallback.java:127)
	at com.google.inject.internal.ProvisionListenerStackCallback.provision(ProvisionListenerStackCallback.java:66)
	at com.google.inject.internal.ConstructorInjector.construct(ConstructorInjector.java:93)
	at com.google.inject.internal.ConstructorBindingImpl$Factory.get(ConstructorBindingImpl.java:306)
	at com.google.inject.internal.InjectorImpl$1.get(InjectorImpl.java:1050)
	... 46 common frames omitted
2025-10-28 10:17:46,752 [Worker-38: Building] WARN  o.e.m.c.i.embedder.EclipseLogger - Using platform encoding (Cp1252 actually) to copy filtered resources, i.e. build is platform dependent!
2025-10-28 10:17:46,763 [Worker-38: Building] INFO  o.e.m.c.i.embedder.EclipseLogger - Copying 0 resource
2025-10-28 10:17:46,766 [Worker-38: Building] WARN  o.e.m.c.i.embedder.EclipseLogger - Using platform encoding (Cp1252 actually) to copy filtered resources, i.e. build is platform dependent!
2025-10-28 10:17:46,769 [Worker-38: Building] INFO  o.e.m.c.i.embedder.EclipseLogger - skip non existing resourceDirectory C:\Users\VEERESH K C\Servelet-Project-Workspace\com.demo\src\test\resources
2025-10-28 10:17:46,781 [Worker-38: Building] WARN  Sisu - Error injecting: org.apache.maven.plugin.war.WarMojo
com.google.inject.ProvisionException: Unable to provision, see the following errors:

1) Error injecting constructor, java.lang.NoClassDefFoundError: Could not initialize class org.apache.maven.plugin.war.util.WebappStructureSerializer
  at org.apache.maven.plugin.war.WarMojo.<init>(Unknown Source)
  while locating org.apache.maven.plugin.war.WarMojo

1 error
	at com.google.inject.internal.InternalProvisionException.toProvisionException(InternalProvisionException.java:226)
	at com.google.inject.internal.InjectorImpl$1.get(InjectorImpl.java:1053)
	at com.google.inject.internal.InjectorImpl.getInstance(InjectorImpl.java:1086)
	at org.eclipse.sisu.space.AbstractDeferredClass.get(AbstractDeferredClass.java:48)
	at com.google.inject.internal.ProviderInternalFactory.provision(ProviderInternalFactory.java:85)
	at com.google.inject.internal.InternalFactoryToInitializableAdapter.provision(InternalFactoryToInitializableAdapter.java:57)
	at com.google.inject.internal.ProviderInternalFactory$1.call(ProviderInternalFactory.java:66)
	at com.google.inject.internal.ProvisionListenerStackCallback$Provision.provision(ProvisionListenerStackCallback.java:112)
	at com.google.inject.internal.ProvisionListenerStackCallback$Provision.provision(ProvisionListenerStackCallback.java:127)
	at com.google.inject.internal.ProvisionListenerStackCallback.provision(ProvisionListenerStackCallback.java:66)
	at com.google.inject.internal.ProviderInternalFactory.circularGet(ProviderInternalFactory.java:61)
	at com.google.inject.internal.InternalFactoryToInitializableAdapter.get(InternalFactoryToInitializableAdapter.java:47)
	at com.google.inject.internal.InjectorImpl$1.get(InjectorImpl.java:1050)
	at org.eclipse.sisu.inject.Guice4$1.get(Guice4.java:162)
	at org.eclipse.sisu.inject.LazyBeanEntry.getValue(LazyBeanEntry.java:81)
	at org.eclipse.sisu.plexus.LazyPlexusBean.getValue(LazyPlexusBean.java:51)
	at org.codehaus.plexus.DefaultPlexusContainer.lookup(DefaultPlexusContainer.java:263)
	at org.codehaus.plexus.DefaultPlexusContainer.lookup(DefaultPlexusContainer.java:255)
	at org.apache.maven.plugin.internal.DefaultMavenPluginManager.getConfiguredMojo(DefaultMavenPluginManager.java:520)
	at org.eclipse.m2e.core.internal.embedder.MavenImpl.getConfiguredMojo(MavenImpl.java:359)
	at org.sonatype.m2e.mavenarchiver.internal.AbstractMavenArchiverConfigurator.reflectManifestGeneration(AbstractMavenArchiverConfigurator.java:469)
	at org.sonatype.m2e.mavenarchiver.internal.AbstractMavenArchiverConfigurator.generateManifest(AbstractMavenArchiverConfigurator.java:422)
	at org.sonatype.m2e.mavenarchiver.internal.AbstractMavenArchiverConfigurator.mavenProjectChanged(AbstractMavenArchiverConfigurator.java:227)
	at org.sonatype.m2e.mavenarchiver.internal.AbstractMavenArchiverConfigurator$1.build(AbstractMavenArchiverConfigurator.java:167)
	at org.eclipse.m2e.core.internal.builder.MavenBuilderImpl.build(MavenBuilderImpl.java:135)
	at org.eclipse.m2e.core.internal.builder.MavenBuilder$1.method(MavenBuilder.java:169)
	at org.eclipse.m2e.core.internal.builder.MavenBuilder$1.method(MavenBuilder.java:1)
	at org.eclipse.m2e.core.internal.builder.MavenBuilder$BuildMethod.lambda$1(MavenBuilder.java:114)
	at org.eclipse.m2e.core.internal.embedder.MavenExecutionContext.executeBare(MavenExecutionContext.java:182)
	at org.eclipse.m2e.core.internal.embedder.MavenExecutionContext.execute(MavenExecutionContext.java:117)
	at org.eclipse.m2e.core.internal.builder.MavenBuilder$BuildMethod.lambda$0(MavenBuilder.java:105)
	at org.eclipse.m2e.core.internal.embedder.MavenExecutionContext.executeBare(MavenExecutionContext.java:182)
	at org.eclipse.m2e.core.internal.embedder.MavenExecutionContext.execute(MavenExecutionContext.java:156)
	at org.eclipse.m2e.core.internal.embedder.MavenExecutionContext.execute(MavenExecutionContext.java:103)
	at org.eclipse.m2e.core.internal.builder.MavenBuilder$BuildMethod.execute(MavenBuilder.java:88)
	at org.eclipse.m2e.core.internal.builder.MavenBuilder.build(MavenBuilder.java:198)
	at org.eclipse.core.internal.events.BuildManager$2.run(BuildManager.java:860)
	at org.eclipse.core.runtime.SafeRunner.run(SafeRunner.java:45)
	at org.eclipse.core.internal.events.BuildManager.basicBuild(BuildManager.java:232)
	at org.eclipse.core.internal.events.BuildManager.basicBuild(BuildManager.java:281)
	at org.eclipse.core.internal.events.BuildManager$1.run(BuildManager.java:334)
	at org.eclipse.core.runtime.SafeRunner.run(SafeRunner.java:45)
	at org.eclipse.core.internal.events.BuildManager.basicBuild(BuildManager.java:337)
	at org.eclipse.core.internal.events.BuildManager.basicBuildLoop(BuildManager.java:392)
	at org.eclipse.core.internal.events.BuildManager.build(BuildManager.java:417)
	at org.eclipse.core.internal.events.AutoBuildJob.doBuild(AutoBuildJob.java:161)
	at org.eclipse.core.internal.events.AutoBuildJob.run(AutoBuildJob.java:255)
	at org.eclipse.core.internal.jobs.Worker.run(Worker.java:63)
Caused by: java.lang.NoClassDefFoundError: Could not initialize class org.apache.maven.plugin.war.util.WebappStructureSerializer
	at org.apache.maven.plugin.war.AbstractWarMojo.<init>(AbstractWarMojo.java:316)
	at org.apache.maven.plugin.war.WarMojo.<init>(WarMojo.java:49)
	at java.base/jdk.internal.reflect.NativeConstructorAccessorImpl.newInstance0(Native Method)
	at java.base/jdk.internal.reflect.NativeConstructorAccessorImpl.newInstance(NativeConstructorAccessorImpl.java:77)
	at java.base/jdk.internal.reflect.DelegatingConstructorAccessorImpl.newInstance(DelegatingConstructorAccessorImpl.java:45)
	at java.base/java.lang.reflect.Constructor.newInstanceWithCaller(Constructor.java:499)
	at java.base/java.lang.reflect.Constructor.newInstance(Constructor.java:480)
	at com.google.inject.internal.DefaultConstructionProxyFactory$ReflectiveProxy.newInstance(DefaultConstructionProxyFactory.java:126)
	at com.google.inject.internal.ConstructorInjector.provision(ConstructorInjector.java:114)
	at com.google.inject.internal.ConstructorInjector.access$000(ConstructorInjector.java:32)
	at com.google.inject.internal.ConstructorInjector$1.call(ConstructorInjector.java:98)
	at com.google.inject.internal.ProvisionListenerStackCallback$Provision.provision(ProvisionListenerStackCallback.java:112)
	at com.google.inject.internal.ProvisionListenerStackCallback$Provision.provision(ProvisionListenerStackCallback.java:127)
	at com.google.inject.internal.ProvisionListenerStackCallback.provision(ProvisionListenerStackCallback.java:66)
	at com.google.inject.internal.ConstructorInjector.construct(ConstructorInjector.java:93)
	at com.google.inject.internal.ConstructorBindingImpl$Factory.get(ConstructorBindingImpl.java:306)
	at com.google.inject.internal.InjectorImpl$1.get(InjectorImpl.java:1050)
	... 46 common frames omitted
2025-10-28 10:19:40,294 [Worker-38: Creating maven-archetype-webapp] INFO  o.e.m.c.i.p.ProjectConfigurationManager - Collecting project info '/pom.xml' C:\Users\VEERESH K C\Servelet-Project-Workspace\com.demo\pom.xml
2025-10-28 10:19:40,932 [Worker-38: Creating maven-archetype-webapp] INFO  o.e.m.c.i.l.LifecycleMappingFactory - Using org.maven.ide.eclipse.wtp.WarLifecycleMapping lifecycle mapping for MavenProject: EmployeeCRUD:com.demo:0.0.1-SNAPSHOT @ C:\Users\VEERESH K C\Servelet-Project-Workspace\com.demo\pom.xml.
2025-10-28 10:19:41,395 [Worker-38: Creating maven-archetype-webapp] WARN  Sisu - Error injecting: org.apache.maven.plugin.war.WarMojo
com.google.inject.ProvisionException: Unable to provision, see the following errors:

1) Error injecting constructor, java.lang.ExceptionInInitializerError: Cannot access defaults field of Properties
  at org.apache.maven.plugin.war.WarMojo.<init>(Unknown Source)
  while locating org.apache.maven.plugin.war.WarMojo

1 error
	at com.google.inject.internal.InternalProvisionException.toProvisionException(InternalProvisionException.java:226)
	at com.google.inject.internal.InjectorImpl$1.get(InjectorImpl.java:1053)
	at com.google.inject.internal.InjectorImpl.getInstance(InjectorImpl.java:1086)
	at org.eclipse.sisu.space.AbstractDeferredClass.get(AbstractDeferredClass.java:48)
	at com.google.inject.internal.ProviderInternalFactory.provision(ProviderInternalFactory.java:85)
	at com.google.inject.internal.InternalFactoryToInitializableAdapter.provision(InternalFactoryToInitializableAdapter.java:57)
	at com.google.inject.internal.ProviderInternalFactory$1.call(ProviderInternalFactory.java:66)
	at com.google.inject.internal.ProvisionListenerStackCallback$Provision.provision(ProvisionListenerStackCallback.java:112)
	at com.google.inject.internal.ProvisionListenerStackCallback$Provision.provision(ProvisionListenerStackCallback.java:127)
	at com.google.inject.internal.ProvisionListenerStackCallback.provision(ProvisionListenerStackCallback.java:66)
	at com.google.inject.internal.ProviderInternalFactory.circularGet(ProviderInternalFactory.java:61)
	at com.google.inject.internal.InternalFactoryToInitializableAdapter.get(InternalFactoryToInitializableAdapter.java:47)
	at com.google.inject.internal.InjectorImpl$1.get(InjectorImpl.java:1050)
	at org.eclipse.sisu.inject.Guice4$1.get(Guice4.java:162)
	at org.eclipse.sisu.inject.LazyBeanEntry.getValue(LazyBeanEntry.java:81)
	at org.eclipse.sisu.plexus.LazyPlexusBean.getValue(LazyPlexusBean.java:51)
	at org.codehaus.plexus.DefaultPlexusContainer.lookup(DefaultPlexusContainer.java:263)
	at org.codehaus.plexus.DefaultPlexusContainer.lookup(DefaultPlexusContainer.java:255)
	at org.apache.maven.plugin.internal.DefaultMavenPluginManager.getConfiguredMojo(DefaultMavenPluginManager.java:520)
	at org.eclipse.m2e.core.internal.embedder.MavenImpl.getConfiguredMojo(MavenImpl.java:359)
	at org.sonatype.m2e.mavenarchiver.internal.AbstractMavenArchiverConfigurator.reflectManifestGeneration(AbstractMavenArchiverConfigurator.java:469)
	at org.sonatype.m2e.mavenarchiver.internal.AbstractMavenArchiverConfigurator.generateManifest(AbstractMavenArchiverConfigurator.java:422)
	at org.sonatype.m2e.mavenarchiver.internal.AbstractMavenArchiverConfigurator.mavenProjectChanged(AbstractMavenArchiverConfigurator.java:227)
	at org.eclipse.m2e.wtp.mavenarchiver.AbstractWTPArchiverConfigurator.mavenProjectChanged(AbstractWTPArchiverConfigurator.java:56)
	at org.eclipse.m2e.core.internal.project.ProjectConfigurationManager.mavenProjectChanged(ProjectConfigurationManager.java:1056)
	at org.eclipse.m2e.core.internal.project.registry.ProjectRegistryManager.notifyProjectChangeListeners(ProjectRegistryManager.java:806)
	at org.eclipse.m2e.core.internal.project.registry.ProjectRegistryManager.applyMutableProjectRegistry(ProjectRegistryManager.java:972)
	at org.eclipse.m2e.core.internal.project.registry.ProjectRegistryManager.refresh(ProjectRegistryManager.java:305)
	at org.eclipse.m2e.core.internal.project.ProjectConfigurationManager.configureNewMavenProjects(ProjectConfigurationManager.java:269)
	at org.eclipse.m2e.core.internal.project.ProjectConfigurationManager.lambda$0(ProjectConfigurationManager.java:178)
	at org.eclipse.m2e.core.internal.embedder.MavenExecutionContext.executeBare(MavenExecutionContext.java:182)
	at org.eclipse.m2e.core.internal.embedder.MavenExecutionContext.execute(MavenExecutionContext.java:117)
	at org.eclipse.m2e.core.internal.embedder.MavenExecutionContext.execute(MavenExecutionContext.java:103)
	at org.eclipse.m2e.core.internal.embedder.MavenImpl.execute(MavenImpl.java:1416)
	at org.eclipse.m2e.core.internal.project.ProjectConfigurationManager.importProjects(ProjectConfigurationManager.java:148)
	at org.eclipse.m2e.core.internal.project.ProjectConfigurationManager.createArchetypeProjects0(ProjectConfigurationManager.java:875)
	at org.eclipse.m2e.core.internal.project.ProjectConfigurationManager.lambda$3(ProjectConfigurationManager.java:806)
	at org.eclipse.m2e.core.internal.embedder.MavenExecutionContext.executeBare(MavenExecutionContext.java:182)
	at org.eclipse.m2e.core.internal.embedder.MavenExecutionContext.execute(MavenExecutionContext.java:156)
	at org.eclipse.m2e.core.internal.embedder.MavenExecutionContext.execute(MavenExecutionContext.java:103)
	at org.eclipse.m2e.core.internal.embedder.MavenImpl.execute(MavenImpl.java:1416)
	at org.eclipse.m2e.core.internal.project.ProjectConfigurationManager.createArchetypeProjects(ProjectConfigurationManager.java:806)
	at org.eclipse.m2e.core.ui.internal.wizards.MavenProjectWizard$3.doCreateMavenProjects(MavenProjectWizard.java:236)
	at org.eclipse.m2e.core.ui.internal.wizards.AbstractCreateMavenProjectJob$1.doCreateMavenProjects(AbstractCreateMavenProjectJob.java:65)
	at org.eclipse.m2e.core.ui.internal.wizards.AbstractCreateMavenProjectsOperation.run(AbstractCreateMavenProjectsOperation.java:76)
	at org.eclipse.m2e.core.ui.internal.wizards.AbstractCreateMavenProjectJob.runInWorkspace(AbstractCreateMavenProjectJob.java:69)
	at org.eclipse.core.internal.resources.InternalWorkspaceJob.run(InternalWorkspaceJob.java:42)
	at org.eclipse.core.internal.jobs.Worker.run(Worker.java:63)
Caused by: java.lang.ExceptionInInitializerError: Cannot access defaults field of Properties
	at com.thoughtworks.xstream.converters.collections.PropertiesConverter.<clinit>(PropertiesConverter.java:46)
	at com.thoughtworks.xstream.XStream.setupConverters(XStream.java:647)
	at com.thoughtworks.xstream.XStream.<init>(XStream.java:445)
	at com.thoughtworks.xstream.XStream.<init>(XStream.java:385)
	at com.thoughtworks.xstream.XStream.<init>(XStream.java:342)
	at org.apache.maven.plugin.war.util.WebappStructureSerializer.<clinit>(WebappStructureSerializer.java:47)
	at org.apache.maven.plugin.war.AbstractWarMojo.<init>(AbstractWarMojo.java:316)
	at org.apache.maven.plugin.war.WarMojo.<init>(WarMojo.java:49)
	at java.base/jdk.internal.reflect.NativeConstructorAccessorImpl.newInstance0(Native Method)
	at java.base/jdk.internal.reflect.NativeConstructorAccessorImpl.newInstance(NativeConstructorAccessorImpl.java:77)
	at java.base/jdk.internal.reflect.DelegatingConstructorAccessorImpl.newInstance(DelegatingConstructorAccessorImpl.java:45)
	at java.base/java.lang.reflect.Constructor.newInstanceWithCaller(Constructor.java:499)
	at java.base/java.lang.reflect.Constructor.newInstance(Constructor.java:480)
	at com.google.inject.internal.DefaultConstructionProxyFactory$ReflectiveProxy.newInstance(DefaultConstructionProxyFactory.java:126)
	at com.google.inject.internal.ConstructorInjector.provision(ConstructorInjector.java:114)
	at com.google.inject.internal.ConstructorInjector.access$000(ConstructorInjector.java:32)
	at com.google.inject.internal.ConstructorInjector$1.call(ConstructorInjector.java:98)
	at com.google.inject.internal.ProvisionListenerStackCallback$Provision.provision(ProvisionListenerStackCallback.java:112)
	at com.google.inject.internal.ProvisionListenerStackCallback$Provision.provision(ProvisionListenerStackCallback.java:127)
	at com.google.inject.internal.ProvisionListenerStackCallback.provision(ProvisionListenerStackCallback.java:66)
	at com.google.inject.internal.ConstructorInjector.construct(ConstructorInjector.java:93)
	at com.google.inject.internal.ConstructorBindingImpl$Factory.get(ConstructorBindingImpl.java:306)
	at com.google.inject.internal.InjectorImpl$1.get(InjectorImpl.java:1050)
	... 46 common frames omitted
2025-10-28 10:19:41,598 [Worker-38: Creating maven-archetype-webapp] INFO  o.e.m.j.i.AbstractJavaProjectConfigurator - Adding source folder /com.demo/src/main/java
2025-10-28 10:19:41,598 [Worker-38: Creating maven-archetype-webapp] INFO  o.e.m.j.i.AbstractJavaProjectConfigurator - Adding resource folder /com.demo/src/main/resources
2025-10-28 10:19:41,599 [Worker-38: Creating maven-archetype-webapp] INFO  o.e.m.j.i.AbstractJavaProjectConfigurator - Adding source folder /com.demo/src/test/java
2025-10-28 10:19:42,556 [Worker-38: Creating maven-archetype-webapp] INFO  o.e.m.c.i.p.ProjectConfigurationManager - Imported and configured 1 project(s) in 2 sec
2025-10-28 10:19:42,906 [Worker-30: Building] WARN  o.e.m.c.i.embedder.EclipseLogger - Using platform encoding (Cp1252 actually) to copy filtered resources, i.e. build is platform dependent!
2025-10-28 10:19:42,910 [Worker-30: Building] INFO  o.e.m.c.i.embedder.EclipseLogger - Copying 0 resource
2025-10-28 10:19:42,913 [Worker-30: Building] WARN  o.e.m.c.i.embedder.EclipseLogger - Using platform encoding (Cp1252 actually) to copy filtered resources, i.e. build is platform dependent!
2025-10-28 10:19:42,915 [Worker-30: Building] INFO  o.e.m.c.i.embedder.EclipseLogger - skip non existing resourceDirectory C:\Users\VEERESH K C\Servelet-Project-Workspace\com.demo\src\test\resources
2025-10-28 10:19:42,925 [Worker-30: Building] WARN  Sisu - Error injecting: org.apache.maven.plugin.war.WarMojo
com.google.inject.ProvisionException: Unable to provision, see the following errors:

1) Error injecting constructor, java.lang.NoClassDefFoundError: Could not initialize class org.apache.maven.plugin.war.util.WebappStructureSerializer
  at org.apache.maven.plugin.war.WarMojo.<init>(Unknown Source)
  while locating org.apache.maven.plugin.war.WarMojo

1 error
	at com.google.inject.internal.InternalProvisionException.toProvisionException(InternalProvisionException.java:226)
	at com.google.inject.internal.InjectorImpl$1.get(InjectorImpl.java:1053)
	at com.google.inject.internal.InjectorImpl.getInstance(InjectorImpl.java:1086)
	at org.eclipse.sisu.space.AbstractDeferredClass.get(AbstractDeferredClass.java:48)
	at com.google.inject.internal.ProviderInternalFactory.provision(ProviderInternalFactory.java:85)
	at com.google.inject.internal.InternalFactoryToInitializableAdapter.provision(InternalFactoryToInitializableAdapter.java:57)
	at com.google.inject.internal.ProviderInternalFactory$1.call(ProviderInternalFactory.java:66)
	at com.google.inject.internal.ProvisionListenerStackCallback$Provision.provision(ProvisionListenerStackCallback.java:112)
	at com.google.inject.internal.ProvisionListenerStackCallback$Provision.provision(ProvisionListenerStackCallback.java:127)
	at com.google.inject.internal.ProvisionListenerStackCallback.provision(ProvisionListenerStackCallback.java:66)
	at com.google.inject.internal.ProviderInternalFactory.circularGet(ProviderInternalFactory.java:61)
	at com.google.inject.internal.InternalFactoryToInitializableAdapter.get(InternalFactoryToInitializableAdapter.java:47)
	at com.google.inject.internal.InjectorImpl$1.get(InjectorImpl.java:1050)
	at org.eclipse.sisu.inject.Guice4$1.get(Guice4.java:162)
	at org.eclipse.sisu.inject.LazyBeanEntry.getValue(LazyBeanEntry.java:81)
	at org.eclipse.sisu.plexus.LazyPlexusBean.getValue(LazyPlexusBean.java:51)
	at org.codehaus.plexus.DefaultPlexusContainer.lookup(DefaultPlexusContainer.java:263)
	at org.codehaus.plexus.DefaultPlexusContainer.lookup(DefaultPlexusContainer.java:255)
	at org.apache.maven.plugin.internal.DefaultMavenPluginManager.getConfiguredMojo(DefaultMavenPluginManager.java:520)
	at org.eclipse.m2e.core.internal.embedder.MavenImpl.getConfiguredMojo(MavenImpl.java:359)
	at org.sonatype.m2e.mavenarchiver.internal.AbstractMavenArchiverConfigurator.reflectManifestGeneration(AbstractMavenArchiverConfigurator.java:469)
	at org.sonatype.m2e.mavenarchiver.internal.AbstractMavenArchiverConfigurator.generateManifest(AbstractMavenArchiverConfigurator.java:422)
	at org.sonatype.m2e.mavenarchiver.internal.AbstractMavenArchiverConfigurator.mavenProjectChanged(AbstractMavenArchiverConfigurator.java:227)
	at org.sonatype.m2e.mavenarchiver.internal.AbstractMavenArchiverConfigurator$1.build(AbstractMavenArchiverConfigurator.java:167)
	at org.eclipse.m2e.core.internal.builder.MavenBuilderImpl.build(MavenBuilderImpl.java:135)
	at org.eclipse.m2e.core.internal.builder.MavenBuilder$1.method(MavenBuilder.java:169)
	at org.eclipse.m2e.core.internal.builder.MavenBuilder$1.method(MavenBuilder.java:1)
	at org.eclipse.m2e.core.internal.builder.MavenBuilder$BuildMethod.lambda$1(MavenBuilder.java:114)
	at org.eclipse.m2e.core.internal.embedder.MavenExecutionContext.executeBare(MavenExecutionContext.java:182)
	at org.eclipse.m2e.core.internal.embedder.MavenExecutionContext.execute(MavenExecutionContext.java:117)
	at org.eclipse.m2e.core.internal.builder.MavenBuilder$BuildMethod.lambda$0(MavenBuilder.java:105)
	at org.eclipse.m2e.core.internal.embedder.MavenExecutionContext.executeBare(MavenExecutionContext.java:182)
	at org.eclipse.m2e.core.internal.embedder.MavenExecutionContext.execute(MavenExecutionContext.java:156)
	at org.eclipse.m2e.core.internal.embedder.MavenExecutionContext.execute(MavenExecutionContext.java:103)
	at org.eclipse.m2e.core.internal.builder.MavenBuilder$BuildMethod.execute(MavenBuilder.java:88)
	at org.eclipse.m2e.core.internal.builder.MavenBuilder.build(MavenBuilder.java:198)
	at org.eclipse.core.internal.events.BuildManager$2.run(BuildManager.java:860)
	at org.eclipse.core.runtime.SafeRunner.run(SafeRunner.java:45)
	at org.eclipse.core.internal.events.BuildManager.basicBuild(BuildManager.java:232)
	at org.eclipse.core.internal.events.BuildManager.basicBuild(BuildManager.java:281)
	at org.eclipse.core.internal.events.BuildManager$1.run(BuildManager.java:334)
	at org.eclipse.core.runtime.SafeRunner.run(SafeRunner.java:45)
	at org.eclipse.core.internal.events.BuildManager.basicBuild(BuildManager.java:337)
	at org.eclipse.core.internal.events.BuildManager.basicBuildLoop(BuildManager.java:392)
	at org.eclipse.core.internal.events.BuildManager.build(BuildManager.java:417)
	at org.eclipse.core.internal.events.AutoBuildJob.doBuild(AutoBuildJob.java:161)
	at org.eclipse.core.internal.events.AutoBuildJob.run(AutoBuildJob.java:255)
	at org.eclipse.core.internal.jobs.Worker.run(Worker.java:63)
Caused by: java.lang.NoClassDefFoundError: Could not initialize class org.apache.maven.plugin.war.util.WebappStructureSerializer
	at org.apache.maven.plugin.war.AbstractWarMojo.<init>(AbstractWarMojo.java:316)
	at org.apache.maven.plugin.war.WarMojo.<init>(WarMojo.java:49)
	at java.base/jdk.internal.reflect.NativeConstructorAccessorImpl.newInstance0(Native Method)
	at java.base/jdk.internal.reflect.NativeConstructorAccessorImpl.newInstance(NativeConstructorAccessorImpl.java:77)
	at java.base/jdk.internal.reflect.DelegatingConstructorAccessorImpl.newInstance(DelegatingConstructorAccessorImpl.java:45)
	at java.base/java.lang.reflect.Constructor.newInstanceWithCaller(Constructor.java:499)
	at java.base/java.lang.reflect.Constructor.newInstance(Constructor.java:480)
	at com.google.inject.internal.DefaultConstructionProxyFactory$ReflectiveProxy.newInstance(DefaultConstructionProxyFactory.java:126)
	at com.google.inject.internal.ConstructorInjector.provision(ConstructorInjector.java:114)
	at com.google.inject.internal.ConstructorInjector.access$000(ConstructorInjector.java:32)
	at com.google.inject.internal.ConstructorInjector$1.call(ConstructorInjector.java:98)
	at com.google.inject.internal.ProvisionListenerStackCallback$Provision.provision(ProvisionListenerStackCallback.java:112)
	at com.google.inject.internal.ProvisionListenerStackCallback$Provision.provision(ProvisionListenerStackCallback.java:127)
	at com.google.inject.internal.ProvisionListenerStackCallback.provision(ProvisionListenerStackCallback.java:66)
	at com.google.inject.internal.ConstructorInjector.construct(ConstructorInjector.java:93)
	at com.google.inject.internal.ConstructorBindingImpl$Factory.get(ConstructorBindingImpl.java:306)
	at com.google.inject.internal.InjectorImpl$1.get(InjectorImpl.java:1050)
	... 46 common frames omitted
2025-10-28 10:19:43,152 [Worker-40: Building] WARN  o.e.m.c.i.embedder.EclipseLogger - Using platform encoding (Cp1252 actually) to copy filtered resources, i.e. build is platform dependent!
2025-10-28 10:19:43,157 [Worker-40: Building] INFO  o.e.m.c.i.embedder.EclipseLogger - Copying 0 resource
2025-10-28 10:19:43,159 [Worker-40: Building] WARN  o.e.m.c.i.embedder.EclipseLogger - Using platform encoding (Cp1252 actually) to copy filtered resources, i.e. build is platform dependent!
2025-10-28 10:19:43,161 [Worker-40: Building] INFO  o.e.m.c.i.embedder.EclipseLogger - skip non existing resourceDirectory C:\Users\VEERESH K C\Servelet-Project-Workspace\com.demo\src\test\resources
2025-10-28 10:19:43,173 [Worker-40: Building] WARN  Sisu - Error injecting: org.apache.maven.plugin.war.WarMojo
com.google.inject.ProvisionException: Unable to provision, see the following errors:

1) Error injecting constructor, java.lang.NoClassDefFoundError: Could not initialize class org.apache.maven.plugin.war.util.WebappStructureSerializer
  at org.apache.maven.plugin.war.WarMojo.<init>(Unknown Source)
  while locating org.apache.maven.plugin.war.WarMojo

1 error
	at com.google.inject.internal.InternalProvisionException.toProvisionException(InternalProvisionException.java:226)
	at com.google.inject.internal.InjectorImpl$1.get(InjectorImpl.java:1053)
	at com.google.inject.internal.InjectorImpl.getInstance(InjectorImpl.java:1086)
	at org.eclipse.sisu.space.AbstractDeferredClass.get(AbstractDeferredClass.java:48)
	at com.google.inject.internal.ProviderInternalFactory.provision(ProviderInternalFactory.java:85)
	at com.google.inject.internal.InternalFactoryToInitializableAdapter.provision(InternalFactoryToInitializableAdapter.java:57)
	at com.google.inject.internal.ProviderInternalFactory$1.call(ProviderInternalFactory.java:66)
	at com.google.inject.internal.ProvisionListenerStackCallback$Provision.provision(ProvisionListenerStackCallback.java:112)
	at com.google.inject.internal.ProvisionListenerStackCallback$Provision.provision(ProvisionListenerStackCallback.java:127)
	at com.google.inject.internal.ProvisionListenerStackCallback.provision(ProvisionListenerStackCallback.java:66)
	at com.google.inject.internal.ProviderInternalFactory.circularGet(ProviderInternalFactory.java:61)
	at com.google.inject.internal.InternalFactoryToInitializableAdapter.get(InternalFactoryToInitializableAdapter.java:47)
	at com.google.inject.internal.InjectorImpl$1.get(InjectorImpl.java:1050)
	at org.eclipse.sisu.inject.Guice4$1.get(Guice4.java:162)
	at org.eclipse.sisu.inject.LazyBeanEntry.getValue(LazyBeanEntry.java:81)
	at org.eclipse.sisu.plexus.LazyPlexusBean.getValue(LazyPlexusBean.java:51)
	at org.codehaus.plexus.DefaultPlexusContainer.lookup(DefaultPlexusContainer.java:263)
	at org.codehaus.plexus.DefaultPlexusContainer.lookup(DefaultPlexusContainer.java:255)
	at org.apache.maven.plugin.internal.DefaultMavenPluginManager.getConfiguredMojo(DefaultMavenPluginManager.java:520)
	at org.eclipse.m2e.core.internal.embedder.MavenImpl.getConfiguredMojo(MavenImpl.java:359)
	at org.sonatype.m2e.mavenarchiver.internal.AbstractMavenArchiverConfigurator.reflectManifestGeneration(AbstractMavenArchiverConfigurator.java:469)
	at org.sonatype.m2e.mavenarchiver.internal.AbstractMavenArchiverConfigurator.generateManifest(AbstractMavenArchiverConfigurator.java:422)
	at org.sonatype.m2e.mavenarchiver.internal.AbstractMavenArchiverConfigurator.mavenProjectChanged(AbstractMavenArchiverConfigurator.java:227)
	at org.sonatype.m2e.mavenarchiver.internal.AbstractMavenArchiverConfigurator$1.build(AbstractMavenArchiverConfigurator.java:167)
	at org.eclipse.m2e.core.internal.builder.MavenBuilderImpl.build(MavenBuilderImpl.java:135)
	at org.eclipse.m2e.core.internal.builder.MavenBuilder$1.method(MavenBuilder.java:169)
	at org.eclipse.m2e.core.internal.builder.MavenBuilder$1.method(MavenBuilder.java:1)
	at org.eclipse.m2e.core.internal.builder.MavenBuilder$BuildMethod.lambda$1(MavenBuilder.java:114)
	at org.eclipse.m2e.core.internal.embedder.MavenExecutionContext.executeBare(MavenExecutionContext.java:182)
	at org.eclipse.m2e.core.internal.embedder.MavenExecutionContext.execute(MavenExecutionContext.java:117)
	at org.eclipse.m2e.core.internal.builder.MavenBuilder$BuildMethod.lambda$0(MavenBuilder.java:105)
	at org.eclipse.m2e.core.internal.embedder.MavenExecutionContext.executeBare(MavenExecutionContext.java:182)
	at org.eclipse.m2e.core.internal.embedder.MavenExecutionContext.execute(MavenExecutionContext.java:156)
	at org.eclipse.m2e.core.internal.embedder.MavenExecutionContext.execute(MavenExecutionContext.java:103)
	at org.eclipse.m2e.core.internal.builder.MavenBuilder$BuildMethod.execute(MavenBuilder.java:88)
	at org.eclipse.m2e.core.internal.builder.MavenBuilder.build(MavenBuilder.java:198)
	at org.eclipse.core.internal.events.BuildManager$2.run(BuildManager.java:860)
	at org.eclipse.core.runtime.SafeRunner.run(SafeRunner.java:45)
	at org.eclipse.core.internal.events.BuildManager.basicBuild(BuildManager.java:232)
	at org.eclipse.core.internal.events.BuildManager.basicBuild(BuildManager.java:281)
	at org.eclipse.core.internal.events.BuildManager$1.run(BuildManager.java:334)
	at org.eclipse.core.runtime.SafeRunner.run(SafeRunner.java:45)
	at org.eclipse.core.internal.events.BuildManager.basicBuild(BuildManager.java:337)
	at org.eclipse.core.internal.events.BuildManager.basicBuildLoop(BuildManager.java:392)
	at org.eclipse.core.internal.events.BuildManager.build(BuildManager.java:417)
	at org.eclipse.core.internal.events.AutoBuildJob.doBuild(AutoBuildJob.java:161)
	at org.eclipse.core.internal.events.AutoBuildJob.run(AutoBuildJob.java:255)
	at org.eclipse.core.internal.jobs.Worker.run(Worker.java:63)
Caused by: java.lang.NoClassDefFoundError: Could not initialize class org.apache.maven.plugin.war.util.WebappStructureSerializer
	at org.apache.maven.plugin.war.AbstractWarMojo.<init>(AbstractWarMojo.java:316)
	at org.apache.maven.plugin.war.WarMojo.<init>(WarMojo.java:49)
	at java.base/jdk.internal.reflect.NativeConstructorAccessorImpl.newInstance0(Native Method)
	at java.base/jdk.internal.reflect.NativeConstructorAccessorImpl.newInstance(NativeConstructorAccessorImpl.java:77)
	at java.base/jdk.internal.reflect.DelegatingConstructorAccessorImpl.newInstance(DelegatingConstructorAccessorImpl.java:45)
	at java.base/java.lang.reflect.Constructor.newInstanceWithCaller(Constructor.java:499)
	at java.base/java.lang.reflect.Constructor.newInstance(Constructor.java:480)
	at com.google.inject.internal.DefaultConstructionProxyFactory$ReflectiveProxy.newInstance(DefaultConstructionProxyFactory.java:126)
	at com.google.inject.internal.ConstructorInjector.provision(ConstructorInjector.java:114)
	at com.google.inject.internal.ConstructorInjector.access$000(ConstructorInjector.java:32)
	at com.google.inject.internal.ConstructorInjector$1.call(ConstructorInjector.java:98)
	at com.google.inject.internal.ProvisionListenerStackCallback$Provision.provision(ProvisionListenerStackCallback.java:112)
	at com.google.inject.internal.ProvisionListenerStackCallback$Provision.provision(ProvisionListenerStackCallback.java:127)
	at com.google.inject.internal.ProvisionListenerStackCallback.provision(ProvisionListenerStackCallback.java:66)
	at com.google.inject.internal.ConstructorInjector.construct(ConstructorInjector.java:93)
	at com.google.inject.internal.ConstructorBindingImpl$Factory.get(ConstructorBindingImpl.java:306)
	at com.google.inject.internal.InjectorImpl$1.get(InjectorImpl.java:1050)
	... 46 common frames omitted
2025-10-28 10:20:12,957 [Worker-40: Building] INFO  o.e.m.c.i.l.LifecycleMappingFactory - Using org.maven.ide.eclipse.wtp.WarLifecycleMapping lifecycle mapping for MavenProject: EmployeeCRUD:com.demo:0.0.1-SNAPSHOT @ C:\Users\VEERESH K C\Servelet-Project-Workspace\com.demo\pom.xml.
2025-10-28 10:20:14,146 [Worker-40: Building] WARN  Sisu - Error injecting: org.apache.maven.plugin.war.WarMojo
com.google.inject.ProvisionException: Unable to provision, see the following errors:

1) Error injecting constructor, java.lang.ExceptionInInitializerError: Cannot access defaults field of Properties
  at org.apache.maven.plugin.war.WarMojo.<init>(Unknown Source)
  while locating org.apache.maven.plugin.war.WarMojo

1 error
	at com.google.inject.internal.InternalProvisionException.toProvisionException(InternalProvisionException.java:226)
	at com.google.inject.internal.InjectorImpl$1.get(InjectorImpl.java:1053)
	at com.google.inject.internal.InjectorImpl.getInstance(InjectorImpl.java:1086)
	at org.eclipse.sisu.space.AbstractDeferredClass.get(AbstractDeferredClass.java:48)
	at com.google.inject.internal.ProviderInternalFactory.provision(ProviderInternalFactory.java:85)
	at com.google.inject.internal.InternalFactoryToInitializableAdapter.provision(InternalFactoryToInitializableAdapter.java:57)
	at com.google.inject.internal.ProviderInternalFactory$1.call(ProviderInternalFactory.java:66)
	at com.google.inject.internal.ProvisionListenerStackCallback$Provision.provision(ProvisionListenerStackCallback.java:112)
	at com.google.inject.internal.ProvisionListenerStackCallback$Provision.provision(ProvisionListenerStackCallback.java:127)
	at com.google.inject.internal.ProvisionListenerStackCallback.provision(ProvisionListenerStackCallback.java:66)
	at com.google.inject.internal.ProviderInternalFactory.circularGet(ProviderInternalFactory.java:61)
	at com.google.inject.internal.InternalFactoryToInitializableAdapter.get(InternalFactoryToInitializableAdapter.java:47)
	at com.google.inject.internal.InjectorImpl$1.get(InjectorImpl.java:1050)
	at org.eclipse.sisu.inject.Guice4$1.get(Guice4.java:162)
	at org.eclipse.sisu.inject.LazyBeanEntry.getValue(LazyBeanEntry.java:81)
	at org.eclipse.sisu.plexus.LazyPlexusBean.getValue(LazyPlexusBean.java:51)
	at org.codehaus.plexus.DefaultPlexusContainer.lookup(DefaultPlexusContainer.java:263)
	at org.codehaus.plexus.DefaultPlexusContainer.lookup(DefaultPlexusContainer.java:255)
	at org.apache.maven.plugin.internal.DefaultMavenPluginManager.getConfiguredMojo(DefaultMavenPluginManager.java:520)
	at org.eclipse.m2e.core.internal.embedder.MavenImpl.getConfiguredMojo(MavenImpl.java:359)
	at org.sonatype.m2e.mavenarchiver.internal.AbstractMavenArchiverConfigurator.reflectManifestGeneration(AbstractMavenArchiverConfigurator.java:469)
	at org.sonatype.m2e.mavenarchiver.internal.AbstractMavenArchiverConfigurator.generateManifest(AbstractMavenArchiverConfigurator.java:422)
	at org.sonatype.m2e.mavenarchiver.internal.AbstractMavenArchiverConfigurator.mavenProjectChanged(AbstractMavenArchiverConfigurator.java:227)
	at org.eclipse.m2e.wtp.mavenarchiver.AbstractWTPArchiverConfigurator.mavenProjectChanged(AbstractWTPArchiverConfigurator.java:56)
	at org.eclipse.m2e.core.internal.project.ProjectConfigurationManager.mavenProjectChanged(ProjectConfigurationManager.java:1056)
	at org.eclipse.m2e.core.internal.project.registry.ProjectRegistryManager.notifyProjectChangeListeners(ProjectRegistryManager.java:806)
	at org.eclipse.m2e.core.internal.project.registry.ProjectRegistryManager.applyMutableProjectRegistry(ProjectRegistryManager.java:972)
	at org.eclipse.m2e.core.internal.project.registry.ProjectRegistryManager.refresh(ProjectRegistryManager.java:305)
	at org.eclipse.m2e.core.internal.builder.MavenBuilder$BuildMethod.getProjectFacade(MavenBuilder.java:151)
	at org.eclipse.m2e.core.internal.builder.MavenBuilder$BuildMethod.lambda$0(MavenBuilder.java:89)
	at org.eclipse.m2e.core.internal.embedder.MavenExecutionContext.executeBare(MavenExecutionContext.java:182)
	at org.eclipse.m2e.core.internal.embedder.MavenExecutionContext.execute(MavenExecutionContext.java:156)
	at org.eclipse.m2e.core.internal.embedder.MavenExecutionContext.execute(MavenExecutionContext.java:103)
	at org.eclipse.m2e.core.internal.builder.MavenBuilder$BuildMethod.execute(MavenBuilder.java:88)
	at org.eclipse.m2e.core.internal.builder.MavenBuilder.build(MavenBuilder.java:198)
	at org.eclipse.core.internal.events.BuildManager$2.run(BuildManager.java:860)
	at org.eclipse.core.runtime.SafeRunner.run(SafeRunner.java:45)
	at org.eclipse.core.internal.events.BuildManager.basicBuild(BuildManager.java:232)
	at org.eclipse.core.internal.events.BuildManager.basicBuild(BuildManager.java:281)
	at org.eclipse.core.internal.events.BuildManager$1.run(BuildManager.java:334)
	at org.eclipse.core.runtime.SafeRunner.run(SafeRunner.java:45)
	at org.eclipse.core.internal.events.BuildManager.basicBuild(BuildManager.java:337)
	at org.eclipse.core.internal.events.BuildManager.basicBuildLoop(BuildManager.java:392)
	at org.eclipse.core.internal.events.BuildManager.build(BuildManager.java:417)
	at org.eclipse.core.internal.events.AutoBuildJob.doBuild(AutoBuildJob.java:161)
	at org.eclipse.core.internal.events.AutoBuildJob.run(AutoBuildJob.java:255)
	at org.eclipse.core.internal.jobs.Worker.run(Worker.java:63)
Caused by: java.lang.ExceptionInInitializerError: Cannot access defaults field of Properties
	at com.thoughtworks.xstream.converters.collections.PropertiesConverter.<clinit>(PropertiesConverter.java:46)
	at com.thoughtworks.xstream.XStream.setupConverters(XStream.java:647)
	at com.thoughtworks.xstream.XStream.<init>(XStream.java:445)
	at com.thoughtworks.xstream.XStream.<init>(XStream.java:385)
	at com.thoughtworks.xstream.XStream.<init>(XStream.java:342)
	at org.apache.maven.plugin.war.util.WebappStructureSerializer.<clinit>(WebappStructureSerializer.java:47)
	at org.apache.maven.plugin.war.AbstractWarMojo.<init>(AbstractWarMojo.java:316)
	at org.apache.maven.plugin.war.WarMojo.<init>(WarMojo.java:49)
	at java.base/jdk.internal.reflect.NativeConstructorAccessorImpl.newInstance0(Native Method)
	at java.base/jdk.internal.reflect.NativeConstructorAccessorImpl.newInstance(NativeConstructorAccessorImpl.java:77)
	at java.base/jdk.internal.reflect.DelegatingConstructorAccessorImpl.newInstance(DelegatingConstructorAccessorImpl.java:45)
	at java.base/java.lang.reflect.Constructor.newInstanceWithCaller(Constructor.java:499)
	at java.base/java.lang.reflect.Constructor.newInstance(Constructor.java:480)
	at com.google.inject.internal.DefaultConstructionProxyFactory$ReflectiveProxy.newInstance(DefaultConstructionProxyFactory.java:126)
	at com.google.inject.internal.ConstructorInjector.provision(ConstructorInjector.java:114)
	at com.google.inject.internal.ConstructorInjector.access$000(ConstructorInjector.java:32)
	at com.google.inject.internal.ConstructorInjector$1.call(ConstructorInjector.java:98)
	at com.google.inject.internal.ProvisionListenerStackCallback$Provision.provision(ProvisionListenerStackCallback.java:112)
	at com.google.inject.internal.ProvisionListenerStackCallback$Provision.provision(ProvisionListenerStackCallback.java:127)
	at com.google.inject.internal.ProvisionListenerStackCallback.provision(ProvisionListenerStackCallback.java:66)
	at com.google.inject.internal.ConstructorInjector.construct(ConstructorInjector.java:93)
	at com.google.inject.internal.ConstructorBindingImpl$Factory.get(ConstructorBindingImpl.java:306)
	at com.google.inject.internal.InjectorImpl$1.get(InjectorImpl.java:1050)
	... 45 common frames omitted
2025-10-28 10:20:14,704 [Worker-40: Building] WARN  o.e.m.c.i.embedder.EclipseLogger - Using platform encoding (Cp1252 actually) to copy filtered resources, i.e. build is platform dependent!
2025-10-28 10:20:14,710 [Worker-40: Building] INFO  o.e.m.c.i.embedder.EclipseLogger - Copying 0 resource
2025-10-28 10:20:14,713 [Worker-40: Building] WARN  o.e.m.c.i.embedder.EclipseLogger - Using platform encoding (Cp1252 actually) to copy filtered resources, i.e. build is platform dependent!
2025-10-28 10:20:14,718 [Worker-40: Building] INFO  o.e.m.c.i.embedder.EclipseLogger - skip non existing resourceDirectory C:\Users\VEERESH K C\Servelet-Project-Workspace\com.demo\src\test\resources
2025-10-28 10:20:14,748 [Worker-40: Building] WARN  Sisu - Error injecting: org.apache.maven.plugin.war.WarMojo
com.google.inject.ProvisionException: Unable to provision, see the following errors:

1) Error injecting constructor, java.lang.NoClassDefFoundError: Could not initialize class org.apache.maven.plugin.war.util.WebappStructureSerializer
  at org.apache.maven.plugin.war.WarMojo.<init>(Unknown Source)
  while locating org.apache.maven.plugin.war.WarMojo

1 error
	at com.google.inject.internal.InternalProvisionException.toProvisionException(InternalProvisionException.java:226)
	at com.google.inject.internal.InjectorImpl$1.get(InjectorImpl.java:1053)
	at com.google.inject.internal.InjectorImpl.getInstance(InjectorImpl.java:1086)
	at org.eclipse.sisu.space.AbstractDeferredClass.get(AbstractDeferredClass.java:48)
	at com.google.inject.internal.ProviderInternalFactory.provision(ProviderInternalFactory.java:85)
	at com.google.inject.internal.InternalFactoryToInitializableAdapter.provision(InternalFactoryToInitializableAdapter.java:57)
	at com.google.inject.internal.ProviderInternalFactory$1.call(ProviderInternalFactory.java:66)
	at com.google.inject.internal.ProvisionListenerStackCallback$Provision.provision(ProvisionListenerStackCallback.java:112)
	at com.google.inject.internal.ProvisionListenerStackCallback$Provision.provision(ProvisionListenerStackCallback.java:127)
	at com.google.inject.internal.ProvisionListenerStackCallback.provision(ProvisionListenerStackCallback.java:66)
	at com.google.inject.internal.ProviderInternalFactory.circularGet(ProviderInternalFactory.java:61)
	at com.google.inject.internal.InternalFactoryToInitializableAdapter.get(InternalFactoryToInitializableAdapter.java:47)
	at com.google.inject.internal.InjectorImpl$1.get(InjectorImpl.java:1050)
	at org.eclipse.sisu.inject.Guice4$1.get(Guice4.java:162)
	at org.eclipse.sisu.inject.LazyBeanEntry.getValue(LazyBeanEntry.java:81)
	at org.eclipse.sisu.plexus.LazyPlexusBean.getValue(LazyPlexusBean.java:51)
	at org.codehaus.plexus.DefaultPlexusContainer.lookup(DefaultPlexusContainer.java:263)
	at org.codehaus.plexus.DefaultPlexusContainer.lookup(DefaultPlexusContainer.java:255)
	at org.apache.maven.plugin.internal.DefaultMavenPluginManager.getConfiguredMojo(DefaultMavenPluginManager.java:520)
	at org.eclipse.m2e.core.internal.embedder.MavenImpl.getConfiguredMojo(MavenImpl.java:359)
	at org.sonatype.m2e.mavenarchiver.internal.AbstractMavenArchiverConfigurator.reflectManifestGeneration(AbstractMavenArchiverConfigurator.java:469)
	at org.sonatype.m2e.mavenarchiver.internal.AbstractMavenArchiverConfigurator.generateManifest(AbstractMavenArchiverConfigurator.java:422)
	at org.sonatype.m2e.mavenarchiver.internal.AbstractMavenArchiverConfigurator.mavenProjectChanged(AbstractMavenArchiverConfigurator.java:227)
	at org.sonatype.m2e.mavenarchiver.internal.AbstractMavenArchiverConfigurator$1.build(AbstractMavenArchiverConfigurator.java:167)
	at org.eclipse.m2e.core.internal.builder.MavenBuilderImpl.build(MavenBuilderImpl.java:135)
	at org.eclipse.m2e.core.internal.builder.MavenBuilder$1.method(MavenBuilder.java:169)
	at org.eclipse.m2e.core.internal.builder.MavenBuilder$1.method(MavenBuilder.java:1)
	at org.eclipse.m2e.core.internal.builder.MavenBuilder$BuildMethod.lambda$1(MavenBuilder.java:114)
	at org.eclipse.m2e.core.internal.embedder.MavenExecutionContext.executeBare(MavenExecutionContext.java:182)
	at org.eclipse.m2e.core.internal.embedder.MavenExecutionContext.execute(MavenExecutionContext.java:117)
	at org.eclipse.m2e.core.internal.builder.MavenBuilder$BuildMethod.lambda$0(MavenBuilder.java:105)
	at org.eclipse.m2e.core.internal.embedder.MavenExecutionContext.executeBare(MavenExecutionContext.java:182)
	at org.eclipse.m2e.core.internal.embedder.MavenExecutionContext.execute(MavenExecutionContext.java:156)
	at org.eclipse.m2e.core.internal.embedder.MavenExecutionContext.execute(MavenExecutionContext.java:103)
	at org.eclipse.m2e.core.internal.builder.MavenBuilder$BuildMethod.execute(MavenBuilder.java:88)
	at org.eclipse.m2e.core.internal.builder.MavenBuilder.build(MavenBuilder.java:198)
	at org.eclipse.core.internal.events.BuildManager$2.run(BuildManager.java:860)
	at org.eclipse.core.runtime.SafeRunner.run(SafeRunner.java:45)
	at org.eclipse.core.internal.events.BuildManager.basicBuild(BuildManager.java:232)
	at org.eclipse.core.internal.events.BuildManager.basicBuild(BuildManager.java:281)
	at org.eclipse.core.internal.events.BuildManager$1.run(BuildManager.java:334)
	at org.eclipse.core.runtime.SafeRunner.run(SafeRunner.java:45)
	at org.eclipse.core.internal.events.BuildManager.basicBuild(BuildManager.java:337)
	at org.eclipse.core.internal.events.BuildManager.basicBuildLoop(BuildManager.java:392)
	at org.eclipse.core.internal.events.BuildManager.build(BuildManager.java:417)
	at org.eclipse.core.internal.events.AutoBuildJob.doBuild(AutoBuildJob.java:161)
	at org.eclipse.core.internal.events.AutoBuildJob.run(AutoBuildJob.java:255)
	at org.eclipse.core.internal.jobs.Worker.run(Worker.java:63)
Caused by: java.lang.NoClassDefFoundError: Could not initialize class org.apache.maven.plugin.war.util.WebappStructureSerializer
	at org.apache.maven.plugin.war.AbstractWarMojo.<init>(AbstractWarMojo.java:316)
	at org.apache.maven.plugin.war.WarMojo.<init>(WarMojo.java:49)
	at java.base/jdk.internal.reflect.NativeConstructorAccessorImpl.newInstance0(Native Method)
	at java.base/jdk.internal.reflect.NativeConstructorAccessorImpl.newInstance(NativeConstructorAccessorImpl.java:77)
	at java.base/jdk.internal.reflect.DelegatingConstructorAccessorImpl.newInstance(DelegatingConstructorAccessorImpl.java:45)
	at java.base/java.lang.reflect.Constructor.newInstanceWithCaller(Constructor.java:499)
	at java.base/java.lang.reflect.Constructor.newInstance(Constructor.java:480)
	at com.google.inject.internal.DefaultConstructionProxyFactory$ReflectiveProxy.newInstance(DefaultConstructionProxyFactory.java:126)
	at com.google.inject.internal.ConstructorInjector.provision(ConstructorInjector.java:114)
	at com.google.inject.internal.ConstructorInjector.access$000(ConstructorInjector.java:32)
	at com.google.inject.internal.ConstructorInjector$1.call(ConstructorInjector.java:98)
	at com.google.inject.internal.ProvisionListenerStackCallback$Provision.provision(ProvisionListenerStackCallback.java:112)
	at com.google.inject.internal.ProvisionListenerStackCallback$Provision.provision(ProvisionListenerStackCallback.java:127)
	at com.google.inject.internal.ProvisionListenerStackCallback.provision(ProvisionListenerStackCallback.java:66)
	at com.google.inject.internal.ConstructorInjector.construct(ConstructorInjector.java:93)
	at com.google.inject.internal.ConstructorBindingImpl$Factory.get(ConstructorBindingImpl.java:306)
	at com.google.inject.internal.InjectorImpl$1.get(InjectorImpl.java:1050)
	... 46 common frames omitted
2025-10-28 10:20:16,381 [Worker-40: Building] INFO  o.e.m.c.i.l.LifecycleMappingFactory - Using org.maven.ide.eclipse.wtp.WarLifecycleMapping lifecycle mapping for MavenProject: EmployeeCRUD:com.demo:0.0.1-SNAPSHOT @ C:\Users\VEERESH K C\Servelet-Project-Workspace\com.demo\pom.xml.
2025-10-28 10:20:16,839 [Worker-40: Building] WARN  Sisu - Error injecting: org.apache.maven.plugin.war.WarMojo
com.google.inject.ProvisionException: Unable to provision, see the following errors:

1) Error injecting constructor, java.lang.ExceptionInInitializerError: Cannot access defaults field of Properties
  at org.apache.maven.plugin.war.WarMojo.<init>(Unknown Source)
  while locating org.apache.maven.plugin.war.WarMojo

1 error
	at com.google.inject.internal.InternalProvisionException.toProvisionException(InternalProvisionException.java:226)
	at com.google.inject.internal.InjectorImpl$1.get(InjectorImpl.java:1053)
	at com.google.inject.internal.InjectorImpl.getInstance(InjectorImpl.java:1086)
	at org.eclipse.sisu.space.AbstractDeferredClass.get(AbstractDeferredClass.java:48)
	at com.google.inject.internal.ProviderInternalFactory.provision(ProviderInternalFactory.java:85)
	at com.google.inject.internal.InternalFactoryToInitializableAdapter.provision(InternalFactoryToInitializableAdapter.java:57)
	at com.google.inject.internal.ProviderInternalFactory$1.call(ProviderInternalFactory.java:66)
	at com.google.inject.internal.ProvisionListenerStackCallback$Provision.provision(ProvisionListenerStackCallback.java:112)
	at com.google.inject.internal.ProvisionListenerStackCallback$Provision.provision(ProvisionListenerStackCallback.java:127)
	at com.google.inject.internal.ProvisionListenerStackCallback.provision(ProvisionListenerStackCallback.java:66)
	at com.google.inject.internal.ProviderInternalFactory.circularGet(ProviderInternalFactory.java:61)
	at com.google.inject.internal.InternalFactoryToInitializableAdapter.get(InternalFactoryToInitializableAdapter.java:47)
	at com.google.inject.internal.InjectorImpl$1.get(InjectorImpl.java:1050)
	at org.eclipse.sisu.inject.Guice4$1.get(Guice4.java:162)
	at org.eclipse.sisu.inject.LazyBeanEntry.getValue(LazyBeanEntry.java:81)
	at org.eclipse.sisu.plexus.LazyPlexusBean.getValue(LazyPlexusBean.java:51)
	at org.codehaus.plexus.DefaultPlexusContainer.lookup(DefaultPlexusContainer.java:263)
	at org.codehaus.plexus.DefaultPlexusContainer.lookup(DefaultPlexusContainer.java:255)
	at org.apache.maven.plugin.internal.DefaultMavenPluginManager.getConfiguredMojo(DefaultMavenPluginManager.java:520)
	at org.eclipse.m2e.core.internal.embedder.MavenImpl.getConfiguredMojo(MavenImpl.java:359)
	at org.sonatype.m2e.mavenarchiver.internal.AbstractMavenArchiverConfigurator.reflectManifestGeneration(AbstractMavenArchiverConfigurator.java:469)
	at org.sonatype.m2e.mavenarchiver.internal.AbstractMavenArchiverConfigurator.generateManifest(AbstractMavenArchiverConfigurator.java:422)
	at org.sonatype.m2e.mavenarchiver.internal.AbstractMavenArchiverConfigurator.mavenProjectChanged(AbstractMavenArchiverConfigurator.java:227)
	at org.eclipse.m2e.wtp.mavenarchiver.AbstractWTPArchiverConfigurator.mavenProjectChanged(AbstractWTPArchiverConfigurator.java:56)
	at org.eclipse.m2e.core.internal.project.ProjectConfigurationManager.mavenProjectChanged(ProjectConfigurationManager.java:1056)
	at org.eclipse.m2e.core.internal.project.registry.ProjectRegistryManager.notifyProjectChangeListeners(ProjectRegistryManager.java:806)
	at org.eclipse.m2e.core.internal.project.registry.ProjectRegistryManager.applyMutableProjectRegistry(ProjectRegistryManager.java:972)
	at org.eclipse.m2e.core.internal.project.registry.ProjectRegistryManager.refresh(ProjectRegistryManager.java:305)
	at org.eclipse.m2e.core.internal.builder.MavenBuilder$BuildMethod.getProjectFacade(MavenBuilder.java:151)
	at org.eclipse.m2e.core.internal.builder.MavenBuilder$BuildMethod.lambda$0(MavenBuilder.java:89)
	at org.eclipse.m2e.core.internal.embedder.MavenExecutionContext.executeBare(MavenExecutionContext.java:182)
	at org.eclipse.m2e.core.internal.embedder.MavenExecutionContext.execute(MavenExecutionContext.java:156)
	at org.eclipse.m2e.core.internal.embedder.MavenExecutionContext.execute(MavenExecutionContext.java:103)
	at org.eclipse.m2e.core.internal.builder.MavenBuilder$BuildMethod.execute(MavenBuilder.java:88)
	at org.eclipse.m2e.core.internal.builder.MavenBuilder.build(MavenBuilder.java:198)
	at org.eclipse.core.internal.events.BuildManager$2.run(BuildManager.java:860)
	at org.eclipse.core.runtime.SafeRunner.run(SafeRunner.java:45)
	at org.eclipse.core.internal.events.BuildManager.basicBuild(BuildManager.java:232)
	at org.eclipse.core.internal.events.BuildManager.basicBuild(BuildManager.java:281)
	at org.eclipse.core.internal.events.BuildManager$1.run(BuildManager.java:334)
	at org.eclipse.core.runtime.SafeRunner.run(SafeRunner.java:45)
	at org.eclipse.core.internal.events.BuildManager.basicBuild(BuildManager.java:337)
	at org.eclipse.core.internal.events.BuildManager.basicBuildLoop(BuildManager.java:392)
	at org.eclipse.core.internal.events.BuildManager.build(BuildManager.java:417)
	at org.eclipse.core.internal.events.AutoBuildJob.doBuild(AutoBuildJob.java:161)
	at org.eclipse.core.internal.events.AutoBuildJob.run(AutoBuildJob.java:255)
	at org.eclipse.core.internal.jobs.Worker.run(Worker.java:63)
Caused by: java.lang.ExceptionInInitializerError: Cannot access defaults field of Properties
	at com.thoughtworks.xstream.converters.collections.PropertiesConverter.<clinit>(PropertiesConverter.java:46)
	at com.thoughtworks.xstream.XStream.setupConverters(XStream.java:647)
	at com.thoughtworks.xstream.XStream.<init>(XStream.java:445)
	at com.thoughtworks.xstream.XStream.<init>(XStream.java:385)
	at com.thoughtworks.xstream.XStream.<init>(XStream.java:342)
	at org.apache.maven.plugin.war.util.WebappStructureSerializer.<clinit>(WebappStructureSerializer.java:47)
	at org.apache.maven.plugin.war.AbstractWarMojo.<init>(AbstractWarMojo.java:316)
	at org.apache.maven.plugin.war.WarMojo.<init>(WarMojo.java:49)
	at java.base/jdk.internal.reflect.NativeConstructorAccessorImpl.newInstance0(Native Method)
	at java.base/jdk.internal.reflect.NativeConstructorAccessorImpl.newInstance(NativeConstructorAccessorImpl.java:77)
	at java.base/jdk.internal.reflect.DelegatingConstructorAccessorImpl.newInstance(DelegatingConstructorAccessorImpl.java:45)
	at java.base/java.lang.reflect.Constructor.newInstanceWithCaller(Constructor.java:499)
	at java.base/java.lang.reflect.Constructor.newInstance(Constructor.java:480)
	at com.google.inject.internal.DefaultConstructionProxyFactory$ReflectiveProxy.newInstance(DefaultConstructionProxyFactory.java:126)
	at com.google.inject.internal.ConstructorInjector.provision(ConstructorInjector.java:114)
	at com.google.inject.internal.ConstructorInjector.access$000(ConstructorInjector.java:32)
	at com.google.inject.internal.ConstructorInjector$1.call(ConstructorInjector.java:98)
	at com.google.inject.internal.ProvisionListenerStackCallback$Provision.provision(ProvisionListenerStackCallback.java:112)
	at com.google.inject.internal.ProvisionListenerStackCallback$Provision.provision(ProvisionListenerStackCallback.java:127)
	at com.google.inject.internal.ProvisionListenerStackCallback.provision(ProvisionListenerStackCallback.java:66)
	at com.google.inject.internal.ConstructorInjector.construct(ConstructorInjector.java:93)
	at com.google.inject.internal.ConstructorBindingImpl$Factory.get(ConstructorBindingImpl.java:306)
	at com.google.inject.internal.InjectorImpl$1.get(InjectorImpl.java:1050)
	... 45 common frames omitted
2025-10-28 10:20:17,229 [Worker-40: Building] WARN  o.e.m.c.i.embedder.EclipseLogger - Using platform encoding (Cp1252 actually) to copy filtered resources, i.e. build is platform dependent!
2025-10-28 10:20:17,239 [Worker-40: Building] INFO  o.e.m.c.i.embedder.EclipseLogger - Copying 0 resource
2025-10-28 10:20:17,243 [Worker-40: Building] WARN  o.e.m.c.i.embedder.EclipseLogger - Using platform encoding (Cp1252 actually) to copy filtered resources, i.e. build is platform dependent!
2025-10-28 10:20:17,258 [Worker-40: Building] INFO  o.e.m.c.i.embedder.EclipseLogger - skip non existing resourceDirectory C:\Users\VEERESH K C\Servelet-Project-Workspace\com.demo\src\test\resources
2025-10-28 10:20:17,259 [Worker-40: Building] INFO  o.e.m.w.i.f.ResourceFilteringBuildParticipant - Changed resources require a complete clean of filtered resources of com.demo
2025-10-28 10:20:17,260 [Worker-40: Building] INFO  o.e.m.w.i.f.ResourceFilteringBuildParticipant - Executing resource filtering for com.demo
2025-10-28 10:20:17,274 [Worker-40: Building] WARN  o.e.m.c.i.embedder.EclipseLogger - Using platform encoding (Cp1252 actually) to copy filtered resources, i.e. build is platform dependent!
2025-10-28 10:20:17,306 [Worker-40: Building] WARN  Sisu - Error injecting: org.apache.maven.plugin.war.WarMojo
com.google.inject.ProvisionException: Unable to provision, see the following errors:

1) Error injecting constructor, java.lang.NoClassDefFoundError: Could not initialize class org.apache.maven.plugin.war.util.WebappStructureSerializer
  at org.apache.maven.plugin.war.WarMojo.<init>(Unknown Source)
  while locating org.apache.maven.plugin.war.WarMojo

1 error
	at com.google.inject.internal.InternalProvisionException.toProvisionException(InternalProvisionException.java:226)
	at com.google.inject.internal.InjectorImpl$1.get(InjectorImpl.java:1053)
	at com.google.inject.internal.InjectorImpl.getInstance(InjectorImpl.java:1086)
	at org.eclipse.sisu.space.AbstractDeferredClass.get(AbstractDeferredClass.java:48)
	at com.google.inject.internal.ProviderInternalFactory.provision(ProviderInternalFactory.java:85)
	at com.google.inject.internal.InternalFactoryToInitializableAdapter.provision(InternalFactoryToInitializableAdapter.java:57)
	at com.google.inject.internal.ProviderInternalFactory$1.call(ProviderInternalFactory.java:66)
	at com.google.inject.internal.ProvisionListenerStackCallback$Provision.provision(ProvisionListenerStackCallback.java:112)
	at com.google.inject.internal.ProvisionListenerStackCallback$Provision.provision(ProvisionListenerStackCallback.java:127)
	at com.google.inject.internal.ProvisionListenerStackCallback.provision(ProvisionListenerStackCallback.java:66)
	at com.google.inject.internal.ProviderInternalFactory.circularGet(ProviderInternalFactory.java:61)
	at com.google.inject.internal.InternalFactoryToInitializableAdapter.get(InternalFactoryToInitializableAdapter.java:47)
	at com.google.inject.internal.InjectorImpl$1.get(InjectorImpl.java:1050)
	at org.eclipse.sisu.inject.Guice4$1.get(Guice4.java:162)
	at org.eclipse.sisu.inject.LazyBeanEntry.getValue(LazyBeanEntry.java:81)
	at org.eclipse.sisu.plexus.LazyPlexusBean.getValue(LazyPlexusBean.java:51)
	at org.codehaus.plexus.DefaultPlexusContainer.lookup(DefaultPlexusContainer.java:263)
	at org.codehaus.plexus.DefaultPlexusContainer.lookup(DefaultPlexusContainer.java:255)
	at org.apache.maven.plugin.internal.DefaultMavenPluginManager.getConfiguredMojo(DefaultMavenPluginManager.java:520)
	at org.eclipse.m2e.core.internal.embedder.MavenImpl.getConfiguredMojo(MavenImpl.java:359)
	at org.sonatype.m2e.mavenarchiver.internal.AbstractMavenArchiverConfigurator.reflectManifestGeneration(AbstractMavenArchiverConfigurator.java:469)
	at org.sonatype.m2e.mavenarchiver.internal.AbstractMavenArchiverConfigurator.generateManifest(AbstractMavenArchiverConfigurator.java:422)
	at org.sonatype.m2e.mavenarchiver.internal.AbstractMavenArchiverConfigurator.mavenProjectChanged(AbstractMavenArchiverConfigurator.java:227)
	at org.sonatype.m2e.mavenarchiver.internal.AbstractMavenArchiverConfigurator$1.build(AbstractMavenArchiverConfigurator.java:167)
	at org.eclipse.m2e.core.internal.builder.MavenBuilderImpl.build(MavenBuilderImpl.java:135)
	at org.eclipse.m2e.core.internal.builder.MavenBuilder$1.method(MavenBuilder.java:169)
	at org.eclipse.m2e.core.internal.builder.MavenBuilder$1.method(MavenBuilder.java:1)
	at org.eclipse.m2e.core.internal.builder.MavenBuilder$BuildMethod.lambda$1(MavenBuilder.java:114)
	at org.eclipse.m2e.core.internal.embedder.MavenExecutionContext.executeBare(MavenExecutionContext.java:182)
	at org.eclipse.m2e.core.internal.embedder.MavenExecutionContext.execute(MavenExecutionContext.java:117)
	at org.eclipse.m2e.core.internal.builder.MavenBuilder$BuildMethod.lambda$0(MavenBuilder.java:105)
	at org.eclipse.m2e.core.internal.embedder.MavenExecutionContext.executeBare(MavenExecutionContext.java:182)
	at org.eclipse.m2e.core.internal.embedder.MavenExecutionContext.execute(MavenExecutionContext.java:156)
	at org.eclipse.m2e.core.internal.embedder.MavenExecutionContext.execute(MavenExecutionContext.java:103)
	at org.eclipse.m2e.core.internal.builder.MavenBuilder$BuildMethod.execute(MavenBuilder.java:88)
	at org.eclipse.m2e.core.internal.builder.MavenBuilder.build(MavenBuilder.java:198)
	at org.eclipse.core.internal.events.BuildManager$2.run(BuildManager.java:860)
	at org.eclipse.core.runtime.SafeRunner.run(SafeRunner.java:45)
	at org.eclipse.core.internal.events.BuildManager.basicBuild(BuildManager.java:232)
	at org.eclipse.core.internal.events.BuildManager.basicBuild(BuildManager.java:281)
	at org.eclipse.core.internal.events.BuildManager$1.run(BuildManager.java:334)
	at org.eclipse.core.runtime.SafeRunner.run(SafeRunner.java:45)
	at org.eclipse.core.internal.events.BuildManager.basicBuild(BuildManager.java:337)
	at org.eclipse.core.internal.events.BuildManager.basicBuildLoop(BuildManager.java:392)
	at org.eclipse.core.internal.events.BuildManager.build(BuildManager.java:417)
	at org.eclipse.core.internal.events.AutoBuildJob.doBuild(AutoBuildJob.java:161)
	at org.eclipse.core.internal.events.AutoBuildJob.run(AutoBuildJob.java:255)
	at org.eclipse.core.internal.jobs.Worker.run(Worker.java:63)
Caused by: java.lang.NoClassDefFoundError: Could not initialize class org.apache.maven.plugin.war.util.WebappStructureSerializer
	at org.apache.maven.plugin.war.AbstractWarMojo.<init>(AbstractWarMojo.java:316)
	at org.apache.maven.plugin.war.WarMojo.<init>(WarMojo.java:49)
	at java.base/jdk.internal.reflect.NativeConstructorAccessorImpl.newInstance0(Native Method)
	at java.base/jdk.internal.reflect.NativeConstructorAccessorImpl.newInstance(NativeConstructorAccessorImpl.java:77)
	at java.base/jdk.internal.reflect.DelegatingConstructorAccessorImpl.newInstance(DelegatingConstructorAccessorImpl.java:45)
	at java.base/java.lang.reflect.Constructor.newInstanceWithCaller(Constructor.java:499)
	at java.base/java.lang.reflect.Constructor.newInstance(Constructor.java:480)
	at com.google.inject.internal.DefaultConstructionProxyFactory$ReflectiveProxy.newInstance(DefaultConstructionProxyFactory.java:126)
	at com.google.inject.internal.ConstructorInjector.provision(ConstructorInjector.java:114)
	at com.google.inject.internal.ConstructorInjector.access$000(ConstructorInjector.java:32)
	at com.google.inject.internal.ConstructorInjector$1.call(ConstructorInjector.java:98)
	at com.google.inject.internal.ProvisionListenerStackCallback$Provision.provision(ProvisionListenerStackCallback.java:112)
	at com.google.inject.internal.ProvisionListenerStackCallback$Provision.provision(ProvisionListenerStackCallback.java:127)
	at com.google.inject.internal.ProvisionListenerStackCallback.provision(ProvisionListenerStackCallback.java:66)
	at com.google.inject.internal.ConstructorInjector.construct(ConstructorInjector.java:93)
	at com.google.inject.internal.ConstructorBindingImpl$Factory.get(ConstructorBindingImpl.java:306)
	at com.google.inject.internal.InjectorImpl$1.get(InjectorImpl.java:1050)
	... 46 common frames omitted
2025-10-28 10:20:31,417 [Worker-38: Building] WARN  o.e.m.c.i.embedder.EclipseLogger - Using platform encoding (Cp1252 actually) to copy filtered resources, i.e. build is platform dependent!
2025-10-28 10:20:31,438 [Worker-38: Building] INFO  o.e.m.c.i.embedder.EclipseLogger - Copying 0 resource
2025-10-28 10:20:31,447 [Worker-38: Building] WARN  o.e.m.c.i.embedder.EclipseLogger - Using platform encoding (Cp1252 actually) to copy filtered resources, i.e. build is platform dependent!
2025-10-28 10:20:31,453 [Worker-38: Building] INFO  o.e.m.c.i.embedder.EclipseLogger - skip non existing resourceDirectory C:\Users\VEERESH K C\Servelet-Project-Workspace\com.demo\src\test\resources
2025-10-28 10:20:33,454 [Worker-38: Building] WARN  Sisu - Error injecting: org.apache.maven.plugin.war.WarMojo
com.google.inject.ProvisionException: Unable to provision, see the following errors:

1) Error injecting constructor, java.lang.ExceptionInInitializerError: Cannot access defaults field of Properties
  at org.apache.maven.plugin.war.WarMojo.<init>(Unknown Source)
  while locating org.apache.maven.plugin.war.WarMojo

1 error
	at com.google.inject.internal.InternalProvisionException.toProvisionException(InternalProvisionException.java:226)
	at com.google.inject.internal.InjectorImpl$1.get(InjectorImpl.java:1053)
	at com.google.inject.internal.InjectorImpl.getInstance(InjectorImpl.java:1086)
	at org.eclipse.sisu.space.AbstractDeferredClass.get(AbstractDeferredClass.java:48)
	at com.google.inject.internal.ProviderInternalFactory.provision(ProviderInternalFactory.java:85)
	at com.google.inject.internal.InternalFactoryToInitializableAdapter.provision(InternalFactoryToInitializableAdapter.java:57)
	at com.google.inject.internal.ProviderInternalFactory$1.call(ProviderInternalFactory.java:66)
	at com.google.inject.internal.ProvisionListenerStackCallback$Provision.provision(ProvisionListenerStackCallback.java:112)
	at com.google.inject.internal.ProvisionListenerStackCallback$Provision.provision(ProvisionListenerStackCallback.java:127)
	at com.google.inject.internal.ProvisionListenerStackCallback.provision(ProvisionListenerStackCallback.java:66)
	at com.google.inject.internal.ProviderInternalFactory.circularGet(ProviderInternalFactory.java:61)
	at com.google.inject.internal.InternalFactoryToInitializableAdapter.get(InternalFactoryToInitializableAdapter.java:47)
	at com.google.inject.internal.InjectorImpl$1.get(InjectorImpl.java:1050)
	at org.eclipse.sisu.inject.Guice4$1.get(Guice4.java:162)
	at org.eclipse.sisu.inject.LazyBeanEntry.getValue(LazyBeanEntry.java:81)
	at org.eclipse.sisu.plexus.LazyPlexusBean.getValue(LazyPlexusBean.java:51)
	at org.codehaus.plexus.DefaultPlexusContainer.lookup(DefaultPlexusContainer.java:263)
	at org.codehaus.plexus.DefaultPlexusContainer.lookup(DefaultPlexusContainer.java:255)
	at org.apache.maven.plugin.internal.DefaultMavenPluginManager.getConfiguredMojo(DefaultMavenPluginManager.java:520)
	at org.eclipse.m2e.core.internal.embedder.MavenImpl.getConfiguredMojo(MavenImpl.java:359)
	at org.sonatype.m2e.mavenarchiver.internal.AbstractMavenArchiverConfigurator.reflectManifestGeneration(AbstractMavenArchiverConfigurator.java:469)
	at org.sonatype.m2e.mavenarchiver.internal.AbstractMavenArchiverConfigurator.generateManifest(AbstractMavenArchiverConfigurator.java:422)
	at org.sonatype.m2e.mavenarchiver.internal.AbstractMavenArchiverConfigurator.mavenProjectChanged(AbstractMavenArchiverConfigurator.java:227)
	at org.sonatype.m2e.mavenarchiver.internal.AbstractMavenArchiverConfigurator$1.build(AbstractMavenArchiverConfigurator.java:167)
	at org.eclipse.m2e.core.internal.builder.MavenBuilderImpl.build(MavenBuilderImpl.java:135)
	at org.eclipse.m2e.core.internal.builder.MavenBuilder$1.method(MavenBuilder.java:169)
	at org.eclipse.m2e.core.internal.builder.MavenBuilder$1.method(MavenBuilder.java:1)
	at org.eclipse.m2e.core.internal.builder.MavenBuilder$BuildMethod.lambda$1(MavenBuilder.java:114)
	at org.eclipse.m2e.core.internal.embedder.MavenExecutionContext.executeBare(MavenExecutionContext.java:182)
	at org.eclipse.m2e.core.internal.embedder.MavenExecutionContext.execute(MavenExecutionContext.java:117)
	at org.eclipse.m2e.core.internal.builder.MavenBuilder$BuildMethod.lambda$0(MavenBuilder.java:105)
	at org.eclipse.m2e.core.internal.embedder.MavenExecutionContext.executeBare(MavenExecutionContext.java:182)
	at org.eclipse.m2e.core.internal.embedder.MavenExecutionContext.execute(MavenExecutionContext.java:156)
	at org.eclipse.m2e.core.internal.embedder.MavenExecutionContext.execute(MavenExecutionContext.java:103)
	at org.eclipse.m2e.core.internal.builder.MavenBuilder$BuildMethod.execute(MavenBuilder.java:88)
	at org.eclipse.m2e.core.internal.builder.MavenBuilder.build(MavenBuilder.java:198)
	at org.eclipse.core.internal.events.BuildManager$2.run(BuildManager.java:860)
	at org.eclipse.core.runtime.SafeRunner.run(SafeRunner.java:45)
	at org.eclipse.core.internal.events.BuildManager.basicBuild(BuildManager.java:232)
	at org.eclipse.core.internal.events.BuildManager.basicBuild(BuildManager.java:281)
	at org.eclipse.core.internal.events.BuildManager$1.run(BuildManager.java:334)
	at org.eclipse.core.runtime.SafeRunner.run(SafeRunner.java:45)
	at org.eclipse.core.internal.events.BuildManager.basicBuild(BuildManager.java:337)
	at org.eclipse.core.internal.events.BuildManager.basicBuildLoop(BuildManager.java:392)
	at org.eclipse.core.internal.events.BuildManager.build(BuildManager.java:417)
	at org.eclipse.core.internal.events.AutoBuildJob.doBuild(AutoBuildJob.java:161)
	at org.eclipse.core.internal.events.AutoBuildJob.run(AutoBuildJob.java:255)
	at org.eclipse.core.internal.jobs.Worker.run(Worker.java:63)
Caused by: java.lang.ExceptionInInitializerError: Cannot access defaults field of Properties
	at com.thoughtworks.xstream.converters.collections.PropertiesConverter.<clinit>(PropertiesConverter.java:46)
	at com.thoughtworks.xstream.XStream.setupConverters(XStream.java:647)
	at com.thoughtworks.xstream.XStream.<init>(XStream.java:445)
	at com.thoughtworks.xstream.XStream.<init>(XStream.java:385)
	at com.thoughtworks.xstream.XStream.<init>(XStream.java:342)
	at org.apache.maven.plugin.war.util.WebappStructureSerializer.<clinit>(WebappStructureSerializer.java:47)
	at org.apache.maven.plugin.war.AbstractWarMojo.<init>(AbstractWarMojo.java:316)
	at org.apache.maven.plugin.war.WarMojo.<init>(WarMojo.java:49)
	at java.base/jdk.internal.reflect.NativeConstructorAccessorImpl.newInstance0(Native Method)
	at java.base/jdk.internal.reflect.NativeConstructorAccessorImpl.newInstance(NativeConstructorAccessorImpl.java:77)
	at java.base/jdk.internal.reflect.DelegatingConstructorAccessorImpl.newInstance(DelegatingConstructorAccessorImpl.java:45)
	at java.base/java.lang.reflect.Constructor.newInstanceWithCaller(Constructor.java:499)
	at java.base/java.lang.reflect.Constructor.newInstance(Constructor.java:480)
	at com.google.inject.internal.DefaultConstructionProxyFactory$ReflectiveProxy.newInstance(DefaultConstructionProxyFactory.java:126)
	at com.google.inject.internal.ConstructorInjector.provision(ConstructorInjector.java:114)
	at com.google.inject.internal.ConstructorInjector.access$000(ConstructorInjector.java:32)
	at com.google.inject.internal.ConstructorInjector$1.call(ConstructorInjector.java:98)
	at com.google.inject.internal.ProvisionListenerStackCallback$Provision.provision(ProvisionListenerStackCallback.java:112)
	at com.google.inject.internal.ProvisionListenerStackCallback$Provision.provision(ProvisionListenerStackCallback.java:127)
	at com.google.inject.internal.ProvisionListenerStackCallback.provision(ProvisionListenerStackCallback.java:66)
	at com.google.inject.internal.ConstructorInjector.construct(ConstructorInjector.java:93)
	at com.google.inject.internal.ConstructorBindingImpl$Factory.get(ConstructorBindingImpl.java:306)
	at com.google.inject.internal.InjectorImpl$1.get(InjectorImpl.java:1050)
	... 46 common frames omitted
2025-10-28 10:21:05,093 [Worker-38: Building] WARN  o.e.m.c.i.embedder.EclipseLogger - Using platform encoding (Cp1252 actually) to copy filtered resources, i.e. build is platform dependent!
2025-10-28 10:21:05,096 [Worker-38: Building] INFO  o.e.m.c.i.embedder.EclipseLogger - Copying 0 resource
2025-10-28 10:21:05,104 [Worker-38: Building] WARN  o.e.m.c.i.embedder.EclipseLogger - Using platform encoding (Cp1252 actually) to copy filtered resources, i.e. build is platform dependent!
2025-10-28 10:21:05,106 [Worker-38: Building] INFO  o.e.m.c.i.embedder.EclipseLogger - skip non existing resourceDirectory C:\Users\VEERESH K C\Servelet-Project-Workspace\com.demo\src\test\resources
2025-10-28 10:21:05,114 [Worker-38: Building] WARN  Sisu - Error injecting: org.apache.maven.plugin.war.WarMojo
com.google.inject.ProvisionException: Unable to provision, see the following errors:

1) Error injecting constructor, java.lang.NoClassDefFoundError: Could not initialize class org.apache.maven.plugin.war.util.WebappStructureSerializer
  at org.apache.maven.plugin.war.WarMojo.<init>(Unknown Source)
  while locating org.apache.maven.plugin.war.WarMojo

1 error
	at com.google.inject.internal.InternalProvisionException.toProvisionException(InternalProvisionException.java:226)
	at com.google.inject.internal.InjectorImpl$1.get(InjectorImpl.java:1053)
	at com.google.inject.internal.InjectorImpl.getInstance(InjectorImpl.java:1086)
	at org.eclipse.sisu.space.AbstractDeferredClass.get(AbstractDeferredClass.java:48)
	at com.google.inject.internal.ProviderInternalFactory.provision(ProviderInternalFactory.java:85)
	at com.google.inject.internal.InternalFactoryToInitializableAdapter.provision(InternalFactoryToInitializableAdapter.java:57)
	at com.google.inject.internal.ProviderInternalFactory$1.call(ProviderInternalFactory.java:66)
	at com.google.inject.internal.ProvisionListenerStackCallback$Provision.provision(ProvisionListenerStackCallback.java:112)
	at com.google.inject.internal.ProvisionListenerStackCallback$Provision.provision(ProvisionListenerStackCallback.java:127)
	at com.google.inject.internal.ProvisionListenerStackCallback.provision(ProvisionListenerStackCallback.java:66)
	at com.google.inject.internal.ProviderInternalFactory.circularGet(ProviderInternalFactory.java:61)
	at com.google.inject.internal.InternalFactoryToInitializableAdapter.get(InternalFactoryToInitializableAdapter.java:47)
	at com.google.inject.internal.InjectorImpl$1.get(InjectorImpl.java:1050)
	at org.eclipse.sisu.inject.Guice4$1.get(Guice4.java:162)
	at org.eclipse.sisu.inject.LazyBeanEntry.getValue(LazyBeanEntry.java:81)
	at org.eclipse.sisu.plexus.LazyPlexusBean.getValue(LazyPlexusBean.java:51)
	at org.codehaus.plexus.DefaultPlexusContainer.lookup(DefaultPlexusContainer.java:263)
	at org.codehaus.plexus.DefaultPlexusContainer.lookup(DefaultPlexusContainer.java:255)
	at org.apache.maven.plugin.internal.DefaultMavenPluginManager.getConfiguredMojo(DefaultMavenPluginManager.java:520)
	at org.eclipse.m2e.core.internal.embedder.MavenImpl.getConfiguredMojo(MavenImpl.java:359)
	at org.sonatype.m2e.mavenarchiver.internal.AbstractMavenArchiverConfigurator.reflectManifestGeneration(AbstractMavenArchiverConfigurator.java:469)
	at org.sonatype.m2e.mavenarchiver.internal.AbstractMavenArchiverConfigurator.generateManifest(AbstractMavenArchiverConfigurator.java:422)
	at org.sonatype.m2e.mavenarchiver.internal.AbstractMavenArchiverConfigurator.mavenProjectChanged(AbstractMavenArchiverConfigurator.java:227)
	at org.sonatype.m2e.mavenarchiver.internal.AbstractMavenArchiverConfigurator$1.build(AbstractMavenArchiverConfigurator.java:167)
	at org.eclipse.m2e.core.internal.builder.MavenBuilderImpl.build(MavenBuilderImpl.java:135)
	at org.eclipse.m2e.core.internal.builder.MavenBuilder$1.method(MavenBuilder.java:169)
	at org.eclipse.m2e.core.internal.builder.MavenBuilder$1.method(MavenBuilder.java:1)
	at org.eclipse.m2e.core.internal.builder.MavenBuilder$BuildMethod.lambda$1(MavenBuilder.java:114)
	at org.eclipse.m2e.core.internal.embedder.MavenExecutionContext.executeBare(MavenExecutionContext.java:182)
	at org.eclipse.m2e.core.internal.embedder.MavenExecutionContext.execute(MavenExecutionContext.java:117)
	at org.eclipse.m2e.core.internal.builder.MavenBuilder$BuildMethod.lambda$0(MavenBuilder.java:105)
	at org.eclipse.m2e.core.internal.embedder.MavenExecutionContext.executeBare(MavenExecutionContext.java:182)
	at org.eclipse.m2e.core.internal.embedder.MavenExecutionContext.execute(MavenExecutionContext.java:156)
	at org.eclipse.m2e.core.internal.embedder.MavenExecutionContext.execute(MavenExecutionContext.java:103)
	at org.eclipse.m2e.core.internal.builder.MavenBuilder$BuildMethod.execute(MavenBuilder.java:88)
	at org.eclipse.m2e.core.internal.builder.MavenBuilder.build(MavenBuilder.java:198)
	at org.eclipse.core.internal.events.BuildManager$2.run(BuildManager.java:860)
	at org.eclipse.core.runtime.SafeRunner.run(SafeRunner.java:45)
	at org.eclipse.core.internal.events.BuildManager.basicBuild(BuildManager.java:232)
	at org.eclipse.core.internal.events.BuildManager.basicBuild(BuildManager.java:281)
	at org.eclipse.core.internal.events.BuildManager$1.run(BuildManager.java:334)
	at org.eclipse.core.runtime.SafeRunner.run(SafeRunner.java:45)
	at org.eclipse.core.internal.events.BuildManager.basicBuild(BuildManager.java:337)
	at org.eclipse.core.internal.events.BuildManager.basicBuildLoop(BuildManager.java:392)
	at org.eclipse.core.internal.events.BuildManager.build(BuildManager.java:417)
	at org.eclipse.core.internal.events.AutoBuildJob.doBuild(AutoBuildJob.java:161)
	at org.eclipse.core.internal.events.AutoBuildJob.run(AutoBuildJob.java:255)
	at org.eclipse.core.internal.jobs.Worker.run(Worker.java:63)
Caused by: java.lang.NoClassDefFoundError: Could not initialize class org.apache.maven.plugin.war.util.WebappStructureSerializer
	at org.apache.maven.plugin.war.AbstractWarMojo.<init>(AbstractWarMojo.java:316)
	at org.apache.maven.plugin.war.WarMojo.<init>(WarMojo.java:49)
	at java.base/jdk.internal.reflect.NativeConstructorAccessorImpl.newInstance0(Native Method)
	at java.base/jdk.internal.reflect.NativeConstructorAccessorImpl.newInstance(NativeConstructorAccessorImpl.java:77)
	at java.base/jdk.internal.reflect.DelegatingConstructorAccessorImpl.newInstance(DelegatingConstructorAccessorImpl.java:45)
	at java.base/java.lang.reflect.Constructor.newInstanceWithCaller(Constructor.java:499)
	at java.base/java.lang.reflect.Constructor.newInstance(Constructor.java:480)
	at com.google.inject.internal.DefaultConstructionProxyFactory$ReflectiveProxy.newInstance(DefaultConstructionProxyFactory.java:126)
	at com.google.inject.internal.ConstructorInjector.provision(ConstructorInjector.java:114)
	at com.google.inject.internal.ConstructorInjector.access$000(ConstructorInjector.java:32)
	at com.google.inject.internal.ConstructorInjector$1.call(ConstructorInjector.java:98)
	at com.google.inject.internal.ProvisionListenerStackCallback$Provision.provision(ProvisionListenerStackCallback.java:112)
	at com.google.inject.internal.ProvisionListenerStackCallback$Provision.provision(ProvisionListenerStackCallback.java:127)
	at com.google.inject.internal.ProvisionListenerStackCallback.provision(ProvisionListenerStackCallback.java:66)
	at com.google.inject.internal.ConstructorInjector.construct(ConstructorInjector.java:93)
	at com.google.inject.internal.ConstructorBindingImpl$Factory.get(ConstructorBindingImpl.java:306)
	at com.google.inject.internal.InjectorImpl$1.get(InjectorImpl.java:1050)
	... 46 common frames omitted
2025-10-28 10:21:11,361 [Worker-38: Building] WARN  o.e.m.c.i.embedder.EclipseLogger - Using platform encoding (Cp1252 actually) to copy filtered resources, i.e. build is platform dependent!
2025-10-28 10:21:11,363 [Worker-38: Building] INFO  o.e.m.c.i.embedder.EclipseLogger - Copying 0 resource
2025-10-28 10:21:11,365 [Worker-38: Building] WARN  o.e.m.c.i.embedder.EclipseLogger - Using platform encoding (Cp1252 actually) to copy filtered resources, i.e. build is platform dependent!
2025-10-28 10:21:11,368 [Worker-38: Building] INFO  o.e.m.c.i.embedder.EclipseLogger - skip non existing resourceDirectory C:\Users\VEERESH K C\Servelet-Project-Workspace\com.demo\src\test\resources
2025-10-28 10:21:11,377 [Worker-38: Building] WARN  Sisu - Error injecting: org.apache.maven.plugin.war.WarMojo
com.google.inject.ProvisionException: Unable to provision, see the following errors:

1) Error injecting constructor, java.lang.NoClassDefFoundError: Could not initialize class org.apache.maven.plugin.war.util.WebappStructureSerializer
  at org.apache.maven.plugin.war.WarMojo.<init>(Unknown Source)
  while locating org.apache.maven.plugin.war.WarMojo

1 error
	at com.google.inject.internal.InternalProvisionException.toProvisionException(InternalProvisionException.java:226)
	at com.google.inject.internal.InjectorImpl$1.get(InjectorImpl.java:1053)
	at com.google.inject.internal.InjectorImpl.getInstance(InjectorImpl.java:1086)
	at org.eclipse.sisu.space.AbstractDeferredClass.get(AbstractDeferredClass.java:48)
	at com.google.inject.internal.ProviderInternalFactory.provision(ProviderInternalFactory.java:85)
	at com.google.inject.internal.InternalFactoryToInitializableAdapter.provision(InternalFactoryToInitializableAdapter.java:57)
	at com.google.inject.internal.ProviderInternalFactory$1.call(ProviderInternalFactory.java:66)
	at com.google.inject.internal.ProvisionListenerStackCallback$Provision.provision(ProvisionListenerStackCallback.java:112)
	at com.google.inject.internal.ProvisionListenerStackCallback$Provision.provision(ProvisionListenerStackCallback.java:127)
	at com.google.inject.internal.ProvisionListenerStackCallback.provision(ProvisionListenerStackCallback.java:66)
	at com.google.inject.internal.ProviderInternalFactory.circularGet(ProviderInternalFactory.java:61)
	at com.google.inject.internal.InternalFactoryToInitializableAdapter.get(InternalFactoryToInitializableAdapter.java:47)
	at com.google.inject.internal.InjectorImpl$1.get(InjectorImpl.java:1050)
	at org.eclipse.sisu.inject.Guice4$1.get(Guice4.java:162)
	at org.eclipse.sisu.inject.LazyBeanEntry.getValue(LazyBeanEntry.java:81)
	at org.eclipse.sisu.plexus.LazyPlexusBean.getValue(LazyPlexusBean.java:51)
	at org.codehaus.plexus.DefaultPlexusContainer.lookup(DefaultPlexusContainer.java:263)
	at org.codehaus.plexus.DefaultPlexusContainer.lookup(DefaultPlexusContainer.java:255)
	at org.apache.maven.plugin.internal.DefaultMavenPluginManager.getConfiguredMojo(DefaultMavenPluginManager.java:520)
	at org.eclipse.m2e.core.internal.embedder.MavenImpl.getConfiguredMojo(MavenImpl.java:359)
	at org.sonatype.m2e.mavenarchiver.internal.AbstractMavenArchiverConfigurator.reflectManifestGeneration(AbstractMavenArchiverConfigurator.java:469)
	at org.sonatype.m2e.mavenarchiver.internal.AbstractMavenArchiverConfigurator.generateManifest(AbstractMavenArchiverConfigurator.java:422)
	at org.sonatype.m2e.mavenarchiver.internal.AbstractMavenArchiverConfigurator.mavenProjectChanged(AbstractMavenArchiverConfigurator.java:227)
	at org.sonatype.m2e.mavenarchiver.internal.AbstractMavenArchiverConfigurator$1.build(AbstractMavenArchiverConfigurator.java:167)
	at org.eclipse.m2e.core.internal.builder.MavenBuilderImpl.build(MavenBuilderImpl.java:135)
	at org.eclipse.m2e.core.internal.builder.MavenBuilder$1.method(MavenBuilder.java:169)
	at org.eclipse.m2e.core.internal.builder.MavenBuilder$1.method(MavenBuilder.java:1)
	at org.eclipse.m2e.core.internal.builder.MavenBuilder$BuildMethod.lambda$1(MavenBuilder.java:114)
	at org.eclipse.m2e.core.internal.embedder.MavenExecutionContext.executeBare(MavenExecutionContext.java:182)
	at org.eclipse.m2e.core.internal.embedder.MavenExecutionContext.execute(MavenExecutionContext.java:117)
	at org.eclipse.m2e.core.internal.builder.MavenBuilder$BuildMethod.lambda$0(MavenBuilder.java:105)
	at org.eclipse.m2e.core.internal.embedder.MavenExecutionContext.executeBare(MavenExecutionContext.java:182)
	at org.eclipse.m2e.core.internal.embedder.MavenExecutionContext.execute(MavenExecutionContext.java:156)
	at org.eclipse.m2e.core.internal.embedder.MavenExecutionContext.execute(MavenExecutionContext.java:103)
	at org.eclipse.m2e.core.internal.builder.MavenBuilder$BuildMethod.execute(MavenBuilder.java:88)
	at org.eclipse.m2e.core.internal.builder.MavenBuilder.build(MavenBuilder.java:198)
	at org.eclipse.core.internal.events.BuildManager$2.run(BuildManager.java:860)
	at org.eclipse.core.runtime.SafeRunner.run(SafeRunner.java:45)
	at org.eclipse.core.internal.events.BuildManager.basicBuild(BuildManager.java:232)
	at org.eclipse.core.internal.events.BuildManager.basicBuild(BuildManager.java:281)
	at org.eclipse.core.internal.events.BuildManager$1.run(BuildManager.java:334)
	at org.eclipse.core.runtime.SafeRunner.run(SafeRunner.java:45)
	at org.eclipse.core.internal.events.BuildManager.basicBuild(BuildManager.java:337)
	at org.eclipse.core.internal.events.BuildManager.basicBuildLoop(BuildManager.java:392)
	at org.eclipse.core.internal.events.BuildManager.build(BuildManager.java:417)
	at org.eclipse.core.internal.events.AutoBuildJob.doBuild(AutoBuildJob.java:161)
	at org.eclipse.core.internal.events.AutoBuildJob.run(AutoBuildJob.java:255)
	at org.eclipse.core.internal.jobs.Worker.run(Worker.java:63)
Caused by: java.lang.NoClassDefFoundError: Could not initialize class org.apache.maven.plugin.war.util.WebappStructureSerializer
	at org.apache.maven.plugin.war.AbstractWarMojo.<init>(AbstractWarMojo.java:316)
	at org.apache.maven.plugin.war.WarMojo.<init>(WarMojo.java:49)
	at java.base/jdk.internal.reflect.NativeConstructorAccessorImpl.newInstance0(Native Method)
	at java.base/jdk.internal.reflect.NativeConstructorAccessorImpl.newInstance(NativeConstructorAccessorImpl.java:77)
	at java.base/jdk.internal.reflect.DelegatingConstructorAccessorImpl.newInstance(DelegatingConstructorAccessorImpl.java:45)
	at java.base/java.lang.reflect.Constructor.newInstanceWithCaller(Constructor.java:499)
	at java.base/java.lang.reflect.Constructor.newInstance(Constructor.java:480)
	at com.google.inject.internal.DefaultConstructionProxyFactory$ReflectiveProxy.newInstance(DefaultConstructionProxyFactory.java:126)
	at com.google.inject.internal.ConstructorInjector.provision(ConstructorInjector.java:114)
	at com.google.inject.internal.ConstructorInjector.access$000(ConstructorInjector.java:32)
	at com.google.inject.internal.ConstructorInjector$1.call(ConstructorInjector.java:98)
	at com.google.inject.internal.ProvisionListenerStackCallback$Provision.provision(ProvisionListenerStackCallback.java:112)
	at com.google.inject.internal.ProvisionListenerStackCallback$Provision.provision(ProvisionListenerStackCallback.java:127)
	at com.google.inject.internal.ProvisionListenerStackCallback.provision(ProvisionListenerStackCallback.java:66)
	at com.google.inject.internal.ConstructorInjector.construct(ConstructorInjector.java:93)
	at com.google.inject.internal.ConstructorBindingImpl$Factory.get(ConstructorBindingImpl.java:306)
	at com.google.inject.internal.InjectorImpl$1.get(InjectorImpl.java:1050)
	... 46 common frames omitted
2025-10-28 10:21:17,923 [Worker-39: Building] WARN  o.e.m.c.i.embedder.EclipseLogger - Using platform encoding (Cp1252 actually) to copy filtered resources, i.e. build is platform dependent!
2025-10-28 10:21:17,927 [Worker-39: Building] INFO  o.e.m.c.i.embedder.EclipseLogger - Copying 0 resource
2025-10-28 10:21:17,931 [Worker-39: Building] WARN  o.e.m.c.i.embedder.EclipseLogger - Using platform encoding (Cp1252 actually) to copy filtered resources, i.e. build is platform dependent!
2025-10-28 10:21:17,933 [Worker-39: Building] INFO  o.e.m.c.i.embedder.EclipseLogger - skip non existing resourceDirectory C:\Users\VEERESH K C\Servelet-Project-Workspace\com.demo\src\test\resources
2025-10-28 10:21:17,941 [Worker-39: Building] WARN  Sisu - Error injecting: org.apache.maven.plugin.war.WarMojo
com.google.inject.ProvisionException: Unable to provision, see the following errors:

1) Error injecting constructor, java.lang.NoClassDefFoundError: Could not initialize class org.apache.maven.plugin.war.util.WebappStructureSerializer
  at org.apache.maven.plugin.war.WarMojo.<init>(Unknown Source)
  while locating org.apache.maven.plugin.war.WarMojo

1 error
	at com.google.inject.internal.InternalProvisionException.toProvisionException(InternalProvisionException.java:226)
	at com.google.inject.internal.InjectorImpl$1.get(InjectorImpl.java:1053)
	at com.google.inject.internal.InjectorImpl.getInstance(InjectorImpl.java:1086)
	at org.eclipse.sisu.space.AbstractDeferredClass.get(AbstractDeferredClass.java:48)
	at com.google.inject.internal.ProviderInternalFactory.provision(ProviderInternalFactory.java:85)
	at com.google.inject.internal.InternalFactoryToInitializableAdapter.provision(InternalFactoryToInitializableAdapter.java:57)
	at com.google.inject.internal.ProviderInternalFactory$1.call(ProviderInternalFactory.java:66)
	at com.google.inject.internal.ProvisionListenerStackCallback$Provision.provision(ProvisionListenerStackCallback.java:112)
	at com.google.inject.internal.ProvisionListenerStackCallback$Provision.provision(ProvisionListenerStackCallback.java:127)
	at com.google.inject.internal.ProvisionListenerStackCallback.provision(ProvisionListenerStackCallback.java:66)
	at com.google.inject.internal.ProviderInternalFactory.circularGet(ProviderInternalFactory.java:61)
	at com.google.inject.internal.InternalFactoryToInitializableAdapter.get(InternalFactoryToInitializableAdapter.java:47)
	at com.google.inject.internal.InjectorImpl$1.get(InjectorImpl.java:1050)
	at org.eclipse.sisu.inject.Guice4$1.get(Guice4.java:162)
	at org.eclipse.sisu.inject.LazyBeanEntry.getValue(LazyBeanEntry.java:81)
	at org.eclipse.sisu.plexus.LazyPlexusBean.getValue(LazyPlexusBean.java:51)
	at org.codehaus.plexus.DefaultPlexusContainer.lookup(DefaultPlexusContainer.java:263)
	at org.codehaus.plexus.DefaultPlexusContainer.lookup(DefaultPlexusContainer.java:255)
	at org.apache.maven.plugin.internal.DefaultMavenPluginManager.getConfiguredMojo(DefaultMavenPluginManager.java:520)
	at org.eclipse.m2e.core.internal.embedder.MavenImpl.getConfiguredMojo(MavenImpl.java:359)
	at org.sonatype.m2e.mavenarchiver.internal.AbstractMavenArchiverConfigurator.reflectManifestGeneration(AbstractMavenArchiverConfigurator.java:469)
	at org.sonatype.m2e.mavenarchiver.internal.AbstractMavenArchiverConfigurator.generateManifest(AbstractMavenArchiverConfigurator.java:422)
	at org.sonatype.m2e.mavenarchiver.internal.AbstractMavenArchiverConfigurator.mavenProjectChanged(AbstractMavenArchiverConfigurator.java:227)
	at org.sonatype.m2e.mavenarchiver.internal.AbstractMavenArchiverConfigurator$1.build(AbstractMavenArchiverConfigurator.java:167)
	at org.eclipse.m2e.core.internal.builder.MavenBuilderImpl.build(MavenBuilderImpl.java:135)
	at org.eclipse.m2e.core.internal.builder.MavenBuilder$1.method(MavenBuilder.java:169)
	at org.eclipse.m2e.core.internal.builder.MavenBuilder$1.method(MavenBuilder.java:1)
	at org.eclipse.m2e.core.internal.builder.MavenBuilder$BuildMethod.lambda$1(MavenBuilder.java:114)
	at org.eclipse.m2e.core.internal.embedder.MavenExecutionContext.executeBare(MavenExecutionContext.java:182)
	at org.eclipse.m2e.core.internal.embedder.MavenExecutionContext.execute(MavenExecutionContext.java:117)
	at org.eclipse.m2e.core.internal.builder.MavenBuilder$BuildMethod.lambda$0(MavenBuilder.java:105)
	at org.eclipse.m2e.core.internal.embedder.MavenExecutionContext.executeBare(MavenExecutionContext.java:182)
	at org.eclipse.m2e.core.internal.embedder.MavenExecutionContext.execute(MavenExecutionContext.java:156)
	at org.eclipse.m2e.core.internal.embedder.MavenExecutionContext.execute(MavenExecutionContext.java:103)
	at org.eclipse.m2e.core.internal.builder.MavenBuilder$BuildMethod.execute(MavenBuilder.java:88)
	at org.eclipse.m2e.core.internal.builder.MavenBuilder.build(MavenBuilder.java:198)
	at org.eclipse.core.internal.events.BuildManager$2.run(BuildManager.java:860)
	at org.eclipse.core.runtime.SafeRunner.run(SafeRunner.java:45)
	at org.eclipse.core.internal.events.BuildManager.basicBuild(BuildManager.java:232)
	at org.eclipse.core.internal.events.BuildManager.basicBuild(BuildManager.java:281)
	at org.eclipse.core.internal.events.BuildManager$1.run(BuildManager.java:334)
	at org.eclipse.core.runtime.SafeRunner.run(SafeRunner.java:45)
	at org.eclipse.core.internal.events.BuildManager.basicBuild(BuildManager.java:337)
	at org.eclipse.core.internal.events.BuildManager.basicBuildLoop(BuildManager.java:392)
	at org.eclipse.core.internal.events.BuildManager.build(BuildManager.java:417)
	at org.eclipse.core.internal.events.AutoBuildJob.doBuild(AutoBuildJob.java:161)
	at org.eclipse.core.internal.events.AutoBuildJob.run(AutoBuildJob.java:255)
	at org.eclipse.core.internal.jobs.Worker.run(Worker.java:63)
Caused by: java.lang.NoClassDefFoundError: Could not initialize class org.apache.maven.plugin.war.util.WebappStructureSerializer
	at org.apache.maven.plugin.war.AbstractWarMojo.<init>(AbstractWarMojo.java:316)
	at org.apache.maven.plugin.war.WarMojo.<init>(WarMojo.java:49)
	at java.base/jdk.internal.reflect.NativeConstructorAccessorImpl.newInstance0(Native Method)
	at java.base/jdk.internal.reflect.NativeConstructorAccessorImpl.newInstance(NativeConstructorAccessorImpl.java:77)
	at java.base/jdk.internal.reflect.DelegatingConstructorAccessorImpl.newInstance(DelegatingConstructorAccessorImpl.java:45)
	at java.base/java.lang.reflect.Constructor.newInstanceWithCaller(Constructor.java:499)
	at java.base/java.lang.reflect.Constructor.newInstance(Constructor.java:480)
	at com.google.inject.internal.DefaultConstructionProxyFactory$ReflectiveProxy.newInstance(DefaultConstructionProxyFactory.java:126)
	at com.google.inject.internal.ConstructorInjector.provision(ConstructorInjector.java:114)
	at com.google.inject.internal.ConstructorInjector.access$000(ConstructorInjector.java:32)
	at com.google.inject.internal.ConstructorInjector$1.call(ConstructorInjector.java:98)
	at com.google.inject.internal.ProvisionListenerStackCallback$Provision.provision(ProvisionListenerStackCallback.java:112)
	at com.google.inject.internal.ProvisionListenerStackCallback$Provision.provision(ProvisionListenerStackCallback.java:127)
	at com.google.inject.internal.ProvisionListenerStackCallback.provision(ProvisionListenerStackCallback.java:66)
	at com.google.inject.internal.ConstructorInjector.construct(ConstructorInjector.java:93)
	at com.google.inject.internal.ConstructorBindingImpl$Factory.get(ConstructorBindingImpl.java:306)
	at com.google.inject.internal.InjectorImpl$1.get(InjectorImpl.java:1050)
	... 46 common frames omitted
2025-10-28 10:21:36,891 [Worker-38: Building] WARN  o.e.m.c.i.embedder.EclipseLogger - Using platform encoding (Cp1252 actually) to copy filtered resources, i.e. build is platform dependent!
2025-10-28 10:21:36,894 [Worker-38: Building] INFO  o.e.m.c.i.embedder.EclipseLogger - Copying 0 resource
2025-10-28 10:21:36,896 [Worker-38: Building] WARN  o.e.m.c.i.embedder.EclipseLogger - Using platform encoding (Cp1252 actually) to copy filtered resources, i.e. build is platform dependent!
2025-10-28 10:21:36,901 [Worker-38: Building] INFO  o.e.m.c.i.embedder.EclipseLogger - skip non existing resourceDirectory C:\Users\VEERESH K C\Servelet-Project-Workspace\com.demo\src\test\resources
2025-10-28 10:21:36,923 [Worker-38: Building] WARN  Sisu - Error injecting: org.apache.maven.plugin.war.WarMojo
com.google.inject.ProvisionException: Unable to provision, see the following errors:

1) Error injecting constructor, java.lang.NoClassDefFoundError: Could not initialize class org.apache.maven.plugin.war.util.WebappStructureSerializer
  at org.apache.maven.plugin.war.WarMojo.<init>(Unknown Source)
  while locating org.apache.maven.plugin.war.WarMojo

1 error
	at com.google.inject.internal.InternalProvisionException.toProvisionException(InternalProvisionException.java:226)
	at com.google.inject.internal.InjectorImpl$1.get(InjectorImpl.java:1053)
	at com.google.inject.internal.InjectorImpl.getInstance(InjectorImpl.java:1086)
	at org.eclipse.sisu.space.AbstractDeferredClass.get(AbstractDeferredClass.java:48)
	at com.google.inject.internal.ProviderInternalFactory.provision(ProviderInternalFactory.java:85)
	at com.google.inject.internal.InternalFactoryToInitializableAdapter.provision(InternalFactoryToInitializableAdapter.java:57)
	at com.google.inject.internal.ProviderInternalFactory$1.call(ProviderInternalFactory.java:66)
	at com.google.inject.internal.ProvisionListenerStackCallback$Provision.provision(ProvisionListenerStackCallback.java:112)
	at com.google.inject.internal.ProvisionListenerStackCallback$Provision.provision(ProvisionListenerStackCallback.java:127)
	at com.google.inject.internal.ProvisionListenerStackCallback.provision(ProvisionListenerStackCallback.java:66)
	at com.google.inject.internal.ProviderInternalFactory.circularGet(ProviderInternalFactory.java:61)
	at com.google.inject.internal.InternalFactoryToInitializableAdapter.get(InternalFactoryToInitializableAdapter.java:47)
	at com.google.inject.internal.InjectorImpl$1.get(InjectorImpl.java:1050)
	at org.eclipse.sisu.inject.Guice4$1.get(Guice4.java:162)
	at org.eclipse.sisu.inject.LazyBeanEntry.getValue(LazyBeanEntry.java:81)
	at org.eclipse.sisu.plexus.LazyPlexusBean.getValue(LazyPlexusBean.java:51)
	at org.codehaus.plexus.DefaultPlexusContainer.lookup(DefaultPlexusContainer.java:263)
	at org.codehaus.plexus.DefaultPlexusContainer.lookup(DefaultPlexusContainer.java:255)
	at org.apache.maven.plugin.internal.DefaultMavenPluginManager.getConfiguredMojo(DefaultMavenPluginManager.java:520)
	at org.eclipse.m2e.core.internal.embedder.MavenImpl.getConfiguredMojo(MavenImpl.java:359)
	at org.sonatype.m2e.mavenarchiver.internal.AbstractMavenArchiverConfigurator.reflectManifestGeneration(AbstractMavenArchiverConfigurator.java:469)
	at org.sonatype.m2e.mavenarchiver.internal.AbstractMavenArchiverConfigurator.generateManifest(AbstractMavenArchiverConfigurator.java:422)
	at org.sonatype.m2e.mavenarchiver.internal.AbstractMavenArchiverConfigurator.mavenProjectChanged(AbstractMavenArchiverConfigurator.java:227)
	at org.sonatype.m2e.mavenarchiver.internal.AbstractMavenArchiverConfigurator$1.build(AbstractMavenArchiverConfigurator.java:167)
	at org.eclipse.m2e.core.internal.builder.MavenBuilderImpl.build(MavenBuilderImpl.java:135)
	at org.eclipse.m2e.core.internal.builder.MavenBuilder$1.method(MavenBuilder.java:169)
	at org.eclipse.m2e.core.internal.builder.MavenBuilder$1.method(MavenBuilder.java:1)
	at org.eclipse.m2e.core.internal.builder.MavenBuilder$BuildMethod.lambda$1(MavenBuilder.java:114)
	at org.eclipse.m2e.core.internal.embedder.MavenExecutionContext.executeBare(MavenExecutionContext.java:182)
	at org.eclipse.m2e.core.internal.embedder.MavenExecutionContext.execute(MavenExecutionContext.java:117)
	at org.eclipse.m2e.core.internal.builder.MavenBuilder$BuildMethod.lambda$0(MavenBuilder.java:105)
	at org.eclipse.m2e.core.internal.embedder.MavenExecutionContext.executeBare(MavenExecutionContext.java:182)
	at org.eclipse.m2e.core.internal.embedder.MavenExecutionContext.execute(MavenExecutionContext.java:156)
	at org.eclipse.m2e.core.internal.embedder.MavenExecutionContext.execute(MavenExecutionContext.java:103)
	at org.eclipse.m2e.core.internal.builder.MavenBuilder$BuildMethod.execute(MavenBuilder.java:88)
	at org.eclipse.m2e.core.internal.builder.MavenBuilder.build(MavenBuilder.java:198)
	at org.eclipse.core.internal.events.BuildManager$2.run(BuildManager.java:860)
	at org.eclipse.core.runtime.SafeRunner.run(SafeRunner.java:45)
	at org.eclipse.core.internal.events.BuildManager.basicBuild(BuildManager.java:232)
	at org.eclipse.core.internal.events.BuildManager.basicBuild(BuildManager.java:281)
	at org.eclipse.core.internal.events.BuildManager$1.run(BuildManager.java:334)
	at org.eclipse.core.runtime.SafeRunner.run(SafeRunner.java:45)
	at org.eclipse.core.internal.events.BuildManager.basicBuild(BuildManager.java:337)
	at org.eclipse.core.internal.events.BuildManager.basicBuildLoop(BuildManager.java:392)
	at org.eclipse.core.internal.events.BuildManager.build(BuildManager.java:417)
	at org.eclipse.core.internal.events.AutoBuildJob.doBuild(AutoBuildJob.java:161)
	at org.eclipse.core.internal.events.AutoBuildJob.run(AutoBuildJob.java:255)
	at org.eclipse.core.internal.jobs.Worker.run(Worker.java:63)
Caused by: java.lang.NoClassDefFoundError: Could not initialize class org.apache.maven.plugin.war.util.WebappStructureSerializer
	at org.apache.maven.plugin.war.AbstractWarMojo.<init>(AbstractWarMojo.java:316)
	at org.apache.maven.plugin.war.WarMojo.<init>(WarMojo.java:49)
	at java.base/jdk.internal.reflect.NativeConstructorAccessorImpl.newInstance0(Native Method)
	at java.base/jdk.internal.reflect.NativeConstructorAccessorImpl.newInstance(NativeConstructorAccessorImpl.java:77)
	at java.base/jdk.internal.reflect.DelegatingConstructorAccessorImpl.newInstance(DelegatingConstructorAccessorImpl.java:45)
	at java.base/java.lang.reflect.Constructor.newInstanceWithCaller(Constructor.java:499)
	at java.base/java.lang.reflect.Constructor.newInstance(Constructor.java:480)
	at com.google.inject.internal.DefaultConstructionProxyFactory$ReflectiveProxy.newInstance(DefaultConstructionProxyFactory.java:126)
	at com.google.inject.internal.ConstructorInjector.provision(ConstructorInjector.java:114)
	at com.google.inject.internal.ConstructorInjector.access$000(ConstructorInjector.java:32)
	at com.google.inject.internal.ConstructorInjector$1.call(ConstructorInjector.java:98)
	at com.google.inject.internal.ProvisionListenerStackCallback$Provision.provision(ProvisionListenerStackCallback.java:112)
	at com.google.inject.internal.ProvisionListenerStackCallback$Provision.provision(ProvisionListenerStackCallback.java:127)
	at com.google.inject.internal.ProvisionListenerStackCallback.provision(ProvisionListenerStackCallback.java:66)
	at com.google.inject.internal.ConstructorInjector.construct(ConstructorInjector.java:93)
	at com.google.inject.internal.ConstructorBindingImpl$Factory.get(ConstructorBindingImpl.java:306)
	at com.google.inject.internal.InjectorImpl$1.get(InjectorImpl.java:1050)
	... 46 common frames omitted
2025-10-28 10:37:32,993 [Worker-41: Updating Maven Project] INFO  o.e.m.c.i.p.ProjectConfigurationManager - Update started
2025-10-28 10:37:33,925 [Worker-41: Updating Maven Project] INFO  o.e.m.c.i.l.LifecycleMappingFactory - Using org.maven.ide.eclipse.wtp.WarLifecycleMapping lifecycle mapping for MavenProject: EmployeeCRUD:com.demo:0.0.1-SNAPSHOT @ C:\Users\VEERESH K C\Servelet-Project-Workspace\com.demo\pom.xml.
2025-10-28 10:37:35,011 [Worker-41: Updating Maven Project] WARN  Sisu - Error injecting: org.apache.maven.plugin.war.WarMojo
com.google.inject.ProvisionException: Unable to provision, see the following errors:

1) Error injecting constructor, java.lang.ExceptionInInitializerError: Cannot access defaults field of Properties
  at org.apache.maven.plugin.war.WarMojo.<init>(Unknown Source)
  while locating org.apache.maven.plugin.war.WarMojo

1 error
	at com.google.inject.internal.InternalProvisionException.toProvisionException(InternalProvisionException.java:226)
	at com.google.inject.internal.InjectorImpl$1.get(InjectorImpl.java:1053)
	at com.google.inject.internal.InjectorImpl.getInstance(InjectorImpl.java:1086)
	at org.eclipse.sisu.space.AbstractDeferredClass.get(AbstractDeferredClass.java:48)
	at com.google.inject.internal.ProviderInternalFactory.provision(ProviderInternalFactory.java:85)
	at com.google.inject.internal.InternalFactoryToInitializableAdapter.provision(InternalFactoryToInitializableAdapter.java:57)
	at com.google.inject.internal.ProviderInternalFactory$1.call(ProviderInternalFactory.java:66)
	at com.google.inject.internal.ProvisionListenerStackCallback$Provision.provision(ProvisionListenerStackCallback.java:112)
	at com.google.inject.internal.ProvisionListenerStackCallback$Provision.provision(ProvisionListenerStackCallback.java:127)
	at com.google.inject.internal.ProvisionListenerStackCallback.provision(ProvisionListenerStackCallback.java:66)
	at com.google.inject.internal.ProviderInternalFactory.circularGet(ProviderInternalFactory.java:61)
	at com.google.inject.internal.InternalFactoryToInitializableAdapter.get(InternalFactoryToInitializableAdapter.java:47)
	at com.google.inject.internal.InjectorImpl$1.get(InjectorImpl.java:1050)
	at org.eclipse.sisu.inject.Guice4$1.get(Guice4.java:162)
	at org.eclipse.sisu.inject.LazyBeanEntry.getValue(LazyBeanEntry.java:81)
	at org.eclipse.sisu.plexus.LazyPlexusBean.getValue(LazyPlexusBean.java:51)
	at org.codehaus.plexus.DefaultPlexusContainer.lookup(DefaultPlexusContainer.java:263)
	at org.codehaus.plexus.DefaultPlexusContainer.lookup(DefaultPlexusContainer.java:255)
	at org.apache.maven.plugin.internal.DefaultMavenPluginManager.getConfiguredMojo(DefaultMavenPluginManager.java:520)
	at org.eclipse.m2e.core.internal.embedder.MavenImpl.getConfiguredMojo(MavenImpl.java:359)
	at org.sonatype.m2e.mavenarchiver.internal.AbstractMavenArchiverConfigurator.reflectManifestGeneration(AbstractMavenArchiverConfigurator.java:469)
	at org.sonatype.m2e.mavenarchiver.internal.AbstractMavenArchiverConfigurator.generateManifest(AbstractMavenArchiverConfigurator.java:422)
	at org.sonatype.m2e.mavenarchiver.internal.AbstractMavenArchiverConfigurator.mavenProjectChanged(AbstractMavenArchiverConfigurator.java:227)
	at org.eclipse.m2e.wtp.mavenarchiver.AbstractWTPArchiverConfigurator.mavenProjectChanged(AbstractWTPArchiverConfigurator.java:56)
	at org.eclipse.m2e.core.internal.project.ProjectConfigurationManager.mavenProjectChanged(ProjectConfigurationManager.java:1056)
	at org.eclipse.m2e.core.internal.project.registry.ProjectRegistryManager.notifyProjectChangeListeners(ProjectRegistryManager.java:806)
	at org.eclipse.m2e.core.internal.project.registry.ProjectRegistryManager.applyMutableProjectRegistry(ProjectRegistryManager.java:972)
	at org.eclipse.m2e.core.internal.project.registry.ProjectRegistryManager.refresh(ProjectRegistryManager.java:305)
	at org.eclipse.m2e.core.internal.project.ProjectConfigurationManager.updateProjectConfiguration0(ProjectConfigurationManager.java:413)
	at org.eclipse.m2e.core.internal.project.ProjectConfigurationManager.lambda$1(ProjectConfigurationManager.java:362)
	at org.eclipse.m2e.core.internal.embedder.MavenExecutionContext.executeBare(MavenExecutionContext.java:182)
	at org.eclipse.m2e.core.internal.embedder.MavenExecutionContext.execute(MavenExecutionContext.java:156)
	at org.eclipse.m2e.core.internal.embedder.MavenExecutionContext.execute(MavenExecutionContext.java:103)
	at org.eclipse.m2e.core.internal.embedder.MavenImpl.execute(MavenImpl.java:1411)
	at org.eclipse.m2e.core.internal.project.ProjectConfigurationManager.updateProjectConfiguration(ProjectConfigurationManager.java:361)
	at org.eclipse.m2e.core.ui.internal.UpdateMavenProjectJob.runInWorkspace(UpdateMavenProjectJob.java:80)
	at org.eclipse.core.internal.resources.InternalWorkspaceJob.run(InternalWorkspaceJob.java:42)
	at org.eclipse.core.internal.jobs.Worker.run(Worker.java:63)
Caused by: java.lang.ExceptionInInitializerError: Cannot access defaults field of Properties
	at com.thoughtworks.xstream.converters.collections.PropertiesConverter.<clinit>(PropertiesConverter.java:46)
	at com.thoughtworks.xstream.XStream.setupConverters(XStream.java:647)
	at com.thoughtworks.xstream.XStream.<init>(XStream.java:445)
	at com.thoughtworks.xstream.XStream.<init>(XStream.java:385)
	at com.thoughtworks.xstream.XStream.<init>(XStream.java:342)
	at org.apache.maven.plugin.war.util.WebappStructureSerializer.<clinit>(WebappStructureSerializer.java:47)
	at org.apache.maven.plugin.war.AbstractWarMojo.<init>(AbstractWarMojo.java:316)
	at org.apache.maven.plugin.war.WarMojo.<init>(WarMojo.java:49)
	at java.base/jdk.internal.reflect.NativeConstructorAccessorImpl.newInstance0(Native Method)
	at java.base/jdk.internal.reflect.NativeConstructorAccessorImpl.newInstance(NativeConstructorAccessorImpl.java:77)
	at java.base/jdk.internal.reflect.DelegatingConstructorAccessorImpl.newInstance(DelegatingConstructorAccessorImpl.java:45)
	at java.base/java.lang.reflect.Constructor.newInstanceWithCaller(Constructor.java:499)
	at java.base/java.lang.reflect.Constructor.newInstance(Constructor.java:480)
	at com.google.inject.internal.DefaultConstructionProxyFactory$ReflectiveProxy.newInstance(DefaultConstructionProxyFactory.java:126)
	at com.google.inject.internal.ConstructorInjector.provision(ConstructorInjector.java:114)
	at com.google.inject.internal.ConstructorInjector.access$000(ConstructorInjector.java:32)
	at com.google.inject.internal.ConstructorInjector$1.call(ConstructorInjector.java:98)
	at com.google.inject.internal.ProvisionListenerStackCallback$Provision.provision(ProvisionListenerStackCallback.java:112)
	at com.google.inject.internal.ProvisionListenerStackCallback$Provision.provision(ProvisionListenerStackCallback.java:127)
	at com.google.inject.internal.ProvisionListenerStackCallback.provision(ProvisionListenerStackCallback.java:66)
	at com.google.inject.internal.ConstructorInjector.construct(ConstructorInjector.java:93)
	at com.google.inject.internal.ConstructorBindingImpl$Factory.get(ConstructorBindingImpl.java:306)
	at com.google.inject.internal.InjectorImpl$1.get(InjectorImpl.java:1050)
	... 36 common frames omitted
2025-10-28 10:37:35,824 [Worker-41: Updating Maven Project] INFO  o.e.m.j.i.AbstractJavaProjectConfigurator - Adding source folder /com.demo/src/main/java
2025-10-28 10:37:35,827 [Worker-41: Updating Maven Project] INFO  o.e.m.j.i.AbstractJavaProjectConfigurator - Adding resource folder /com.demo/src/main/resources
2025-10-28 10:37:35,829 [Worker-41: Updating Maven Project] INFO  o.e.m.j.i.AbstractJavaProjectConfigurator - Adding source folder /com.demo/src/test/java
2025-10-28 10:37:37,841 [Worker-41: Updating Maven Project] INFO  o.e.m.w.i.f.ResourceFilteringBuildParticipant - Cleaning filtered folder for com.demo
2025-10-28 10:37:37,970 [Worker-41: Updating Maven Project] INFO  o.e.m.c.i.p.ProjectConfigurationManager - Update completed: 4 sec
2025-10-28 10:37:40,794 [Worker-43: Building] WARN  o.e.m.c.i.embedder.EclipseLogger - Using platform encoding (Cp1252 actually) to copy filtered resources, i.e. build is platform dependent!
2025-10-28 10:37:40,817 [Worker-43: Building] INFO  o.e.m.c.i.embedder.EclipseLogger - Copying 0 resource
2025-10-28 10:37:40,852 [Worker-43: Building] WARN  o.e.m.c.i.embedder.EclipseLogger - Using platform encoding (Cp1252 actually) to copy filtered resources, i.e. build is platform dependent!
2025-10-28 10:37:40,857 [Worker-43: Building] INFO  o.e.m.c.i.embedder.EclipseLogger - skip non existing resourceDirectory C:\Users\VEERESH K C\Servelet-Project-Workspace\com.demo\src\test\resources
2025-10-28 10:37:40,860 [Worker-43: Building] INFO  o.e.m.w.i.f.ResourceFilteringBuildParticipant - Changed resources require a complete clean of filtered resources of com.demo
2025-10-28 10:37:40,861 [Worker-43: Building] INFO  o.e.m.w.i.f.ResourceFilteringBuildParticipant - Executing resource filtering for com.demo
2025-10-28 10:37:40,881 [Worker-43: Building] WARN  o.e.m.c.i.embedder.EclipseLogger - Using platform encoding (Cp1252 actually) to copy filtered resources, i.e. build is platform dependent!
2025-10-28 10:37:44,513 [Worker-43: Building] WARN  Sisu - Error injecting: org.apache.maven.plugin.war.WarMojo
com.google.inject.ProvisionException: Unable to provision, see the following errors:

1) Error injecting constructor, java.lang.ExceptionInInitializerError: Cannot access defaults field of Properties
  at org.apache.maven.plugin.war.WarMojo.<init>(Unknown Source)
  while locating org.apache.maven.plugin.war.WarMojo

1 error
	at com.google.inject.internal.InternalProvisionException.toProvisionException(InternalProvisionException.java:226)
	at com.google.inject.internal.InjectorImpl$1.get(InjectorImpl.java:1053)
	at com.google.inject.internal.InjectorImpl.getInstance(InjectorImpl.java:1086)
	at org.eclipse.sisu.space.AbstractDeferredClass.get(AbstractDeferredClass.java:48)
	at com.google.inject.internal.ProviderInternalFactory.provision(ProviderInternalFactory.java:85)
	at com.google.inject.internal.InternalFactoryToInitializableAdapter.provision(InternalFactoryToInitializableAdapter.java:57)
	at com.google.inject.internal.ProviderInternalFactory$1.call(ProviderInternalFactory.java:66)
	at com.google.inject.internal.ProvisionListenerStackCallback$Provision.provision(ProvisionListenerStackCallback.java:112)
	at com.google.inject.internal.ProvisionListenerStackCallback$Provision.provision(ProvisionListenerStackCallback.java:127)
	at com.google.inject.internal.ProvisionListenerStackCallback.provision(ProvisionListenerStackCallback.java:66)
	at com.google.inject.internal.ProviderInternalFactory.circularGet(ProviderInternalFactory.java:61)
	at com.google.inject.internal.InternalFactoryToInitializableAdapter.get(InternalFactoryToInitializableAdapter.java:47)
	at com.google.inject.internal.InjectorImpl$1.get(InjectorImpl.java:1050)
	at org.eclipse.sisu.inject.Guice4$1.get(Guice4.java:162)
	at org.eclipse.sisu.inject.LazyBeanEntry.getValue(LazyBeanEntry.java:81)
	at org.eclipse.sisu.plexus.LazyPlexusBean.getValue(LazyPlexusBean.java:51)
	at org.codehaus.plexus.DefaultPlexusContainer.lookup(DefaultPlexusContainer.java:263)
	at org.codehaus.plexus.DefaultPlexusContainer.lookup(DefaultPlexusContainer.java:255)
	at org.apache.maven.plugin.internal.DefaultMavenPluginManager.getConfiguredMojo(DefaultMavenPluginManager.java:520)
	at org.eclipse.m2e.core.internal.embedder.MavenImpl.getConfiguredMojo(MavenImpl.java:359)
	at org.sonatype.m2e.mavenarchiver.internal.AbstractMavenArchiverConfigurator.reflectManifestGeneration(AbstractMavenArchiverConfigurator.java:469)
	at org.sonatype.m2e.mavenarchiver.internal.AbstractMavenArchiverConfigurator.generateManifest(AbstractMavenArchiverConfigurator.java:422)
	at org.sonatype.m2e.mavenarchiver.internal.AbstractMavenArchiverConfigurator.mavenProjectChanged(AbstractMavenArchiverConfigurator.java:227)
	at org.sonatype.m2e.mavenarchiver.internal.AbstractMavenArchiverConfigurator$1.build(AbstractMavenArchiverConfigurator.java:167)
	at org.eclipse.m2e.core.internal.builder.MavenBuilderImpl.build(MavenBuilderImpl.java:135)
	at org.eclipse.m2e.core.internal.builder.MavenBuilder$1.method(MavenBuilder.java:169)
	at org.eclipse.m2e.core.internal.builder.MavenBuilder$1.method(MavenBuilder.java:1)
	at org.eclipse.m2e.core.internal.builder.MavenBuilder$BuildMethod.lambda$1(MavenBuilder.java:114)
	at org.eclipse.m2e.core.internal.embedder.MavenExecutionContext.executeBare(MavenExecutionContext.java:182)
	at org.eclipse.m2e.core.internal.embedder.MavenExecutionContext.execute(MavenExecutionContext.java:117)
	at org.eclipse.m2e.core.internal.builder.MavenBuilder$BuildMethod.lambda$0(MavenBuilder.java:105)
	at org.eclipse.m2e.core.internal.embedder.MavenExecutionContext.executeBare(MavenExecutionContext.java:182)
	at org.eclipse.m2e.core.internal.embedder.MavenExecutionContext.execute(MavenExecutionContext.java:156)
	at org.eclipse.m2e.core.internal.embedder.MavenExecutionContext.execute(MavenExecutionContext.java:103)
	at org.eclipse.m2e.core.internal.builder.MavenBuilder$BuildMethod.execute(MavenBuilder.java:88)
	at org.eclipse.m2e.core.internal.builder.MavenBuilder.build(MavenBuilder.java:198)
	at org.eclipse.core.internal.events.BuildManager$2.run(BuildManager.java:860)
	at org.eclipse.core.runtime.SafeRunner.run(SafeRunner.java:45)
	at org.eclipse.core.internal.events.BuildManager.basicBuild(BuildManager.java:232)
	at org.eclipse.core.internal.events.BuildManager.basicBuild(BuildManager.java:281)
	at org.eclipse.core.internal.events.BuildManager$1.run(BuildManager.java:334)
	at org.eclipse.core.runtime.SafeRunner.run(SafeRunner.java:45)
	at org.eclipse.core.internal.events.BuildManager.basicBuild(BuildManager.java:337)
	at org.eclipse.core.internal.events.BuildManager.basicBuildLoop(BuildManager.java:392)
	at org.eclipse.core.internal.events.BuildManager.build(BuildManager.java:417)
	at org.eclipse.core.internal.events.AutoBuildJob.doBuild(AutoBuildJob.java:161)
	at org.eclipse.core.internal.events.AutoBuildJob.run(AutoBuildJob.java:255)
	at org.eclipse.core.internal.jobs.Worker.run(Worker.java:63)
Caused by: java.lang.ExceptionInInitializerError: Cannot access defaults field of Properties
	at com.thoughtworks.xstream.converters.collections.PropertiesConverter.<clinit>(PropertiesConverter.java:46)
	at com.thoughtworks.xstream.XStream.setupConverters(XStream.java:647)
	at com.thoughtworks.xstream.XStream.<init>(XStream.java:445)
	at com.thoughtworks.xstream.XStream.<init>(XStream.java:385)
	at com.thoughtworks.xstream.XStream.<init>(XStream.java:342)
	at org.apache.maven.plugin.war.util.WebappStructureSerializer.<clinit>(WebappStructureSerializer.java:47)
	at org.apache.maven.plugin.war.AbstractWarMojo.<init>(AbstractWarMojo.java:316)
	at org.apache.maven.plugin.war.WarMojo.<init>(WarMojo.java:49)
	at java.base/jdk.internal.reflect.NativeConstructorAccessorImpl.newInstance0(Native Method)
	at java.base/jdk.internal.reflect.NativeConstructorAccessorImpl.newInstance(NativeConstructorAccessorImpl.java:77)
	at java.base/jdk.internal.reflect.DelegatingConstructorAccessorImpl.newInstance(DelegatingConstructorAccessorImpl.java:45)
	at java.base/java.lang.reflect.Constructor.newInstanceWithCaller(Constructor.java:499)
	at java.base/java.lang.reflect.Constructor.newInstance(Constructor.java:480)
	at com.google.inject.internal.DefaultConstructionProxyFactory$ReflectiveProxy.newInstance(DefaultConstructionProxyFactory.java:126)
	at com.google.inject.internal.ConstructorInjector.provision(ConstructorInjector.java:114)
	at com.google.inject.internal.ConstructorInjector.access$000(ConstructorInjector.java:32)
	at com.google.inject.internal.ConstructorInjector$1.call(ConstructorInjector.java:98)
	at com.google.inject.internal.ProvisionListenerStackCallback$Provision.provision(ProvisionListenerStackCallback.java:112)
	at com.google.inject.internal.ProvisionListenerStackCallback$Provision.provision(ProvisionListenerStackCallback.java:127)
	at com.google.inject.internal.ProvisionListenerStackCallback.provision(ProvisionListenerStackCallback.java:66)
	at com.google.inject.internal.ConstructorInjector.construct(ConstructorInjector.java:93)
	at com.google.inject.internal.ConstructorBindingImpl$Factory.get(ConstructorBindingImpl.java:306)
	at com.google.inject.internal.InjectorImpl$1.get(InjectorImpl.java:1050)
	... 46 common frames omitted
2025-10-28 10:38:32,396 [Worker-41: Building] WARN  o.e.m.c.i.embedder.EclipseLogger - Using platform encoding (Cp1252 actually) to copy filtered resources, i.e. build is platform dependent!
2025-10-28 10:38:32,412 [Worker-41: Building] INFO  o.e.m.c.i.embedder.EclipseLogger - Copying 0 resource
2025-10-28 10:38:32,423 [Worker-41: Building] WARN  o.e.m.c.i.embedder.EclipseLogger - Using platform encoding (Cp1252 actually) to copy filtered resources, i.e. build is platform dependent!
2025-10-28 10:38:32,429 [Worker-41: Building] INFO  o.e.m.c.i.embedder.EclipseLogger - skip non existing resourceDirectory C:\Users\VEERESH K C\Servelet-Project-Workspace\com.demo\src\test\resources
2025-10-28 10:38:32,448 [Worker-41: Building] WARN  Sisu - Error injecting: org.apache.maven.plugin.war.WarMojo
com.google.inject.ProvisionException: Unable to provision, see the following errors:

1) Error injecting constructor, java.lang.NoClassDefFoundError: Could not initialize class org.apache.maven.plugin.war.util.WebappStructureSerializer
  at org.apache.maven.plugin.war.WarMojo.<init>(Unknown Source)
  while locating org.apache.maven.plugin.war.WarMojo

1 error
	at com.google.inject.internal.InternalProvisionException.toProvisionException(InternalProvisionException.java:226)
	at com.google.inject.internal.InjectorImpl$1.get(InjectorImpl.java:1053)
	at com.google.inject.internal.InjectorImpl.getInstance(InjectorImpl.java:1086)
	at org.eclipse.sisu.space.AbstractDeferredClass.get(AbstractDeferredClass.java:48)
	at com.google.inject.internal.ProviderInternalFactory.provision(ProviderInternalFactory.java:85)
	at com.google.inject.internal.InternalFactoryToInitializableAdapter.provision(InternalFactoryToInitializableAdapter.java:57)
	at com.google.inject.internal.ProviderInternalFactory$1.call(ProviderInternalFactory.java:66)
	at com.google.inject.internal.ProvisionListenerStackCallback$Provision.provision(ProvisionListenerStackCallback.java:112)
	at com.google.inject.internal.ProvisionListenerStackCallback$Provision.provision(ProvisionListenerStackCallback.java:127)
	at com.google.inject.internal.ProvisionListenerStackCallback.provision(ProvisionListenerStackCallback.java:66)
	at com.google.inject.internal.ProviderInternalFactory.circularGet(ProviderInternalFactory.java:61)
	at com.google.inject.internal.InternalFactoryToInitializableAdapter.get(InternalFactoryToInitializableAdapter.java:47)
	at com.google.inject.internal.InjectorImpl$1.get(InjectorImpl.java:1050)
	at org.eclipse.sisu.inject.Guice4$1.get(Guice4.java:162)
	at org.eclipse.sisu.inject.LazyBeanEntry.getValue(LazyBeanEntry.java:81)
	at org.eclipse.sisu.plexus.LazyPlexusBean.getValue(LazyPlexusBean.java:51)
	at org.codehaus.plexus.DefaultPlexusContainer.lookup(DefaultPlexusContainer.java:263)
	at org.codehaus.plexus.DefaultPlexusContainer.lookup(DefaultPlexusContainer.java:255)
	at org.apache.maven.plugin.internal.DefaultMavenPluginManager.getConfiguredMojo(DefaultMavenPluginManager.java:520)
	at org.eclipse.m2e.core.internal.embedder.MavenImpl.getConfiguredMojo(MavenImpl.java:359)
	at org.sonatype.m2e.mavenarchiver.internal.AbstractMavenArchiverConfigurator.reflectManifestGeneration(AbstractMavenArchiverConfigurator.java:469)
	at org.sonatype.m2e.mavenarchiver.internal.AbstractMavenArchiverConfigurator.generateManifest(AbstractMavenArchiverConfigurator.java:422)
	at org.sonatype.m2e.mavenarchiver.internal.AbstractMavenArchiverConfigurator.mavenProjectChanged(AbstractMavenArchiverConfigurator.java:227)
	at org.sonatype.m2e.mavenarchiver.internal.AbstractMavenArchiverConfigurator$1.build(AbstractMavenArchiverConfigurator.java:167)
	at org.eclipse.m2e.core.internal.builder.MavenBuilderImpl.build(MavenBuilderImpl.java:135)
	at org.eclipse.m2e.core.internal.builder.MavenBuilder$1.method(MavenBuilder.java:169)
	at org.eclipse.m2e.core.internal.builder.MavenBuilder$1.method(MavenBuilder.java:1)
	at org.eclipse.m2e.core.internal.builder.MavenBuilder$BuildMethod.lambda$1(MavenBuilder.java:114)
	at org.eclipse.m2e.core.internal.embedder.MavenExecutionContext.executeBare(MavenExecutionContext.java:182)
	at org.eclipse.m2e.core.internal.embedder.MavenExecutionContext.execute(MavenExecutionContext.java:117)
	at org.eclipse.m2e.core.internal.builder.MavenBuilder$BuildMethod.lambda$0(MavenBuilder.java:105)
	at org.eclipse.m2e.core.internal.embedder.MavenExecutionContext.executeBare(MavenExecutionContext.java:182)
	at org.eclipse.m2e.core.internal.embedder.MavenExecutionContext.execute(MavenExecutionContext.java:156)
	at org.eclipse.m2e.core.internal.embedder.MavenExecutionContext.execute(MavenExecutionContext.java:103)
	at org.eclipse.m2e.core.internal.builder.MavenBuilder$BuildMethod.execute(MavenBuilder.java:88)
	at org.eclipse.m2e.core.internal.builder.MavenBuilder.build(MavenBuilder.java:198)
	at org.eclipse.core.internal.events.BuildManager$2.run(BuildManager.java:860)
	at org.eclipse.core.runtime.SafeRunner.run(SafeRunner.java:45)
	at org.eclipse.core.internal.events.BuildManager.basicBuild(BuildManager.java:232)
	at org.eclipse.core.internal.events.BuildManager.basicBuild(BuildManager.java:281)
	at org.eclipse.core.internal.events.BuildManager$1.run(BuildManager.java:334)
	at org.eclipse.core.runtime.SafeRunner.run(SafeRunner.java:45)
	at org.eclipse.core.internal.events.BuildManager.basicBuild(BuildManager.java:337)
	at org.eclipse.core.internal.events.BuildManager.basicBuildLoop(BuildManager.java:392)
	at org.eclipse.core.internal.events.BuildManager.build(BuildManager.java:417)
	at org.eclipse.core.internal.events.AutoBuildJob.doBuild(AutoBuildJob.java:161)
	at org.eclipse.core.internal.events.AutoBuildJob.run(AutoBuildJob.java:255)
	at org.eclipse.core.internal.jobs.Worker.run(Worker.java:63)
Caused by: java.lang.NoClassDefFoundError: Could not initialize class org.apache.maven.plugin.war.util.WebappStructureSerializer
	at org.apache.maven.plugin.war.AbstractWarMojo.<init>(AbstractWarMojo.java:316)
	at org.apache.maven.plugin.war.WarMojo.<init>(WarMojo.java:49)
	at java.base/jdk.internal.reflect.NativeConstructorAccessorImpl.newInstance0(Native Method)
	at java.base/jdk.internal.reflect.NativeConstructorAccessorImpl.newInstance(NativeConstructorAccessorImpl.java:77)
	at java.base/jdk.internal.reflect.DelegatingConstructorAccessorImpl.newInstance(DelegatingConstructorAccessorImpl.java:45)
	at java.base/java.lang.reflect.Constructor.newInstanceWithCaller(Constructor.java:499)
	at java.base/java.lang.reflect.Constructor.newInstance(Constructor.java:480)
	at com.google.inject.internal.DefaultConstructionProxyFactory$ReflectiveProxy.newInstance(DefaultConstructionProxyFactory.java:126)
	at com.google.inject.internal.ConstructorInjector.provision(ConstructorInjector.java:114)
	at com.google.inject.internal.ConstructorInjector.access$000(ConstructorInjector.java:32)
	at com.google.inject.internal.ConstructorInjector$1.call(ConstructorInjector.java:98)
	at com.google.inject.internal.ProvisionListenerStackCallback$Provision.provision(ProvisionListenerStackCallback.java:112)
	at com.google.inject.internal.ProvisionListenerStackCallback$Provision.provision(ProvisionListenerStackCallback.java:127)
	at com.google.inject.internal.ProvisionListenerStackCallback.provision(ProvisionListenerStackCallback.java:66)
	at com.google.inject.internal.ConstructorInjector.construct(ConstructorInjector.java:93)
	at com.google.inject.internal.ConstructorBindingImpl$Factory.get(ConstructorBindingImpl.java:306)
	at com.google.inject.internal.InjectorImpl$1.get(InjectorImpl.java:1050)
	... 46 common frames omitted
2025-10-28 10:39:37,121 [Worker-40: Creating maven-archetype-webapp] INFO  o.e.m.c.i.p.ProjectConfigurationManager - Collecting project info '/pom.xml' C:\Users\VEERESH K C\Servelet-Project-Workspace\com.demo\pom.xml
2025-10-28 10:39:38,081 [Worker-40: Creating maven-archetype-webapp] INFO  o.e.m.c.i.l.LifecycleMappingFactory - Using org.maven.ide.eclipse.wtp.WarLifecycleMapping lifecycle mapping for MavenProject: EmployeeCRUD:com.demo:0.0.1-SNAPSHOT @ C:\Users\VEERESH K C\Servelet-Project-Workspace\com.demo\pom.xml.
2025-10-28 10:39:39,261 [Worker-40: Creating maven-archetype-webapp] WARN  Sisu - Error injecting: org.apache.maven.plugin.war.WarMojo
com.google.inject.ProvisionException: Unable to provision, see the following errors:

1) Error injecting constructor, java.lang.ExceptionInInitializerError: Cannot access defaults field of Properties
  at org.apache.maven.plugin.war.WarMojo.<init>(Unknown Source)
  while locating org.apache.maven.plugin.war.WarMojo

1 error
	at com.google.inject.internal.InternalProvisionException.toProvisionException(InternalProvisionException.java:226)
	at com.google.inject.internal.InjectorImpl$1.get(InjectorImpl.java:1053)
	at com.google.inject.internal.InjectorImpl.getInstance(InjectorImpl.java:1086)
	at org.eclipse.sisu.space.AbstractDeferredClass.get(AbstractDeferredClass.java:48)
	at com.google.inject.internal.ProviderInternalFactory.provision(ProviderInternalFactory.java:85)
	at com.google.inject.internal.InternalFactoryToInitializableAdapter.provision(InternalFactoryToInitializableAdapter.java:57)
	at com.google.inject.internal.ProviderInternalFactory$1.call(ProviderInternalFactory.java:66)
	at com.google.inject.internal.ProvisionListenerStackCallback$Provision.provision(ProvisionListenerStackCallback.java:112)
	at com.google.inject.internal.ProvisionListenerStackCallback$Provision.provision(ProvisionListenerStackCallback.java:127)
	at com.google.inject.internal.ProvisionListenerStackCallback.provision(ProvisionListenerStackCallback.java:66)
	at com.google.inject.internal.ProviderInternalFactory.circularGet(ProviderInternalFactory.java:61)
	at com.google.inject.internal.InternalFactoryToInitializableAdapter.get(InternalFactoryToInitializableAdapter.java:47)
	at com.google.inject.internal.InjectorImpl$1.get(InjectorImpl.java:1050)
	at org.eclipse.sisu.inject.Guice4$1.get(Guice4.java:162)
	at org.eclipse.sisu.inject.LazyBeanEntry.getValue(LazyBeanEntry.java:81)
	at org.eclipse.sisu.plexus.LazyPlexusBean.getValue(LazyPlexusBean.java:51)
	at org.codehaus.plexus.DefaultPlexusContainer.lookup(DefaultPlexusContainer.java:263)
	at org.codehaus.plexus.DefaultPlexusContainer.lookup(DefaultPlexusContainer.java:255)
	at org.apache.maven.plugin.internal.DefaultMavenPluginManager.getConfiguredMojo(DefaultMavenPluginManager.java:520)
	at org.eclipse.m2e.core.internal.embedder.MavenImpl.getConfiguredMojo(MavenImpl.java:359)
	at org.sonatype.m2e.mavenarchiver.internal.AbstractMavenArchiverConfigurator.reflectManifestGeneration(AbstractMavenArchiverConfigurator.java:469)
	at org.sonatype.m2e.mavenarchiver.internal.AbstractMavenArchiverConfigurator.generateManifest(AbstractMavenArchiverConfigurator.java:422)
	at org.sonatype.m2e.mavenarchiver.internal.AbstractMavenArchiverConfigurator.mavenProjectChanged(AbstractMavenArchiverConfigurator.java:227)
	at org.eclipse.m2e.wtp.mavenarchiver.AbstractWTPArchiverConfigurator.mavenProjectChanged(AbstractWTPArchiverConfigurator.java:56)
	at org.eclipse.m2e.core.internal.project.ProjectConfigurationManager.mavenProjectChanged(ProjectConfigurationManager.java:1056)
	at org.eclipse.m2e.core.internal.project.registry.ProjectRegistryManager.notifyProjectChangeListeners(ProjectRegistryManager.java:806)
	at org.eclipse.m2e.core.internal.project.registry.ProjectRegistryManager.applyMutableProjectRegistry(ProjectRegistryManager.java:972)
	at org.eclipse.m2e.core.internal.project.registry.ProjectRegistryManager.refresh(ProjectRegistryManager.java:305)
	at org.eclipse.m2e.core.internal.project.ProjectConfigurationManager.configureNewMavenProjects(ProjectConfigurationManager.java:269)
	at org.eclipse.m2e.core.internal.project.ProjectConfigurationManager.lambda$0(ProjectConfigurationManager.java:178)
	at org.eclipse.m2e.core.internal.embedder.MavenExecutionContext.executeBare(MavenExecutionContext.java:182)
	at org.eclipse.m2e.core.internal.embedder.MavenExecutionContext.execute(MavenExecutionContext.java:117)
	at org.eclipse.m2e.core.internal.embedder.MavenExecutionContext.execute(MavenExecutionContext.java:103)
	at org.eclipse.m2e.core.internal.embedder.MavenImpl.execute(MavenImpl.java:1416)
	at org.eclipse.m2e.core.internal.project.ProjectConfigurationManager.importProjects(ProjectConfigurationManager.java:148)
	at org.eclipse.m2e.core.internal.project.ProjectConfigurationManager.createArchetypeProjects0(ProjectConfigurationManager.java:875)
	at org.eclipse.m2e.core.internal.project.ProjectConfigurationManager.lambda$3(ProjectConfigurationManager.java:806)
	at org.eclipse.m2e.core.internal.embedder.MavenExecutionContext.executeBare(MavenExecutionContext.java:182)
	at org.eclipse.m2e.core.internal.embedder.MavenExecutionContext.execute(MavenExecutionContext.java:156)
	at org.eclipse.m2e.core.internal.embedder.MavenExecutionContext.execute(MavenExecutionContext.java:103)
	at org.eclipse.m2e.core.internal.embedder.MavenImpl.execute(MavenImpl.java:1416)
	at org.eclipse.m2e.core.internal.project.ProjectConfigurationManager.createArchetypeProjects(ProjectConfigurationManager.java:806)
	at org.eclipse.m2e.core.ui.internal.wizards.MavenProjectWizard$3.doCreateMavenProjects(MavenProjectWizard.java:236)
	at org.eclipse.m2e.core.ui.internal.wizards.AbstractCreateMavenProjectJob$1.doCreateMavenProjects(AbstractCreateMavenProjectJob.java:65)
	at org.eclipse.m2e.core.ui.internal.wizards.AbstractCreateMavenProjectsOperation.run(AbstractCreateMavenProjectsOperation.java:76)
	at org.eclipse.m2e.core.ui.internal.wizards.AbstractCreateMavenProjectJob.runInWorkspace(AbstractCreateMavenProjectJob.java:69)
	at org.eclipse.core.internal.resources.InternalWorkspaceJob.run(InternalWorkspaceJob.java:42)
	at org.eclipse.core.internal.jobs.Worker.run(Worker.java:63)
Caused by: java.lang.ExceptionInInitializerError: Cannot access defaults field of Properties
	at com.thoughtworks.xstream.converters.collections.PropertiesConverter.<clinit>(PropertiesConverter.java:46)
	at com.thoughtworks.xstream.XStream.setupConverters(XStream.java:647)
	at com.thoughtworks.xstream.XStream.<init>(XStream.java:445)
	at com.thoughtworks.xstream.XStream.<init>(XStream.java:385)
	at com.thoughtworks.xstream.XStream.<init>(XStream.java:342)
	at org.apache.maven.plugin.war.util.WebappStructureSerializer.<clinit>(WebappStructureSerializer.java:47)
	at org.apache.maven.plugin.war.AbstractWarMojo.<init>(AbstractWarMojo.java:316)
	at org.apache.maven.plugin.war.WarMojo.<init>(WarMojo.java:49)
	at java.base/jdk.internal.reflect.NativeConstructorAccessorImpl.newInstance0(Native Method)
	at java.base/jdk.internal.reflect.NativeConstructorAccessorImpl.newInstance(NativeConstructorAccessorImpl.java:77)
	at java.base/jdk.internal.reflect.DelegatingConstructorAccessorImpl.newInstance(DelegatingConstructorAccessorImpl.java:45)
	at java.base/java.lang.reflect.Constructor.newInstanceWithCaller(Constructor.java:499)
	at java.base/java.lang.reflect.Constructor.newInstance(Constructor.java:480)
	at com.google.inject.internal.DefaultConstructionProxyFactory$ReflectiveProxy.newInstance(DefaultConstructionProxyFactory.java:126)
	at com.google.inject.internal.ConstructorInjector.provision(ConstructorInjector.java:114)
	at com.google.inject.internal.ConstructorInjector.access$000(ConstructorInjector.java:32)
	at com.google.inject.internal.ConstructorInjector$1.call(ConstructorInjector.java:98)
	at com.google.inject.internal.ProvisionListenerStackCallback$Provision.provision(ProvisionListenerStackCallback.java:112)
	at com.google.inject.internal.ProvisionListenerStackCallback$Provision.provision(ProvisionListenerStackCallback.java:127)
	at com.google.inject.internal.ProvisionListenerStackCallback.provision(ProvisionListenerStackCallback.java:66)
	at com.google.inject.internal.ConstructorInjector.construct(ConstructorInjector.java:93)
	at com.google.inject.internal.ConstructorBindingImpl$Factory.get(ConstructorBindingImpl.java:306)
	at com.google.inject.internal.InjectorImpl$1.get(InjectorImpl.java:1050)
	... 46 common frames omitted
2025-10-28 10:39:39,738 [Worker-40: Creating maven-archetype-webapp] INFO  o.e.m.j.i.AbstractJavaProjectConfigurator - Adding source folder /com.demo/src/main/java
2025-10-28 10:39:39,743 [Worker-40: Creating maven-archetype-webapp] INFO  o.e.m.j.i.AbstractJavaProjectConfigurator - Adding resource folder /com.demo/src/main/resources
2025-10-28 10:39:39,745 [Worker-40: Creating maven-archetype-webapp] INFO  o.e.m.j.i.AbstractJavaProjectConfigurator - Adding source folder /com.demo/src/test/java
2025-10-28 10:39:42,611 [Worker-40: Creating maven-archetype-webapp] INFO  o.e.m.c.i.p.ProjectConfigurationManager - Imported and configured 1 project(s) in 5 sec
2025-10-28 10:39:43,220 [Worker-30: Building] WARN  o.e.m.c.i.embedder.EclipseLogger - Using platform encoding (Cp1252 actually) to copy filtered resources, i.e. build is platform dependent!
2025-10-28 10:39:43,227 [Worker-30: Building] INFO  o.e.m.c.i.embedder.EclipseLogger - Copying 0 resource
2025-10-28 10:39:43,233 [Worker-30: Building] WARN  o.e.m.c.i.embedder.EclipseLogger - Using platform encoding (Cp1252 actually) to copy filtered resources, i.e. build is platform dependent!
2025-10-28 10:39:43,236 [Worker-30: Building] INFO  o.e.m.c.i.embedder.EclipseLogger - skip non existing resourceDirectory C:\Users\VEERESH K C\Servelet-Project-Workspace\com.demo\src\test\resources
2025-10-28 10:39:43,255 [Worker-30: Building] WARN  Sisu - Error injecting: org.apache.maven.plugin.war.WarMojo
com.google.inject.ProvisionException: Unable to provision, see the following errors:

1) Error injecting constructor, java.lang.NoClassDefFoundError: Could not initialize class org.apache.maven.plugin.war.util.WebappStructureSerializer
  at org.apache.maven.plugin.war.WarMojo.<init>(Unknown Source)
  while locating org.apache.maven.plugin.war.WarMojo

1 error
	at com.google.inject.internal.InternalProvisionException.toProvisionException(InternalProvisionException.java:226)
	at com.google.inject.internal.InjectorImpl$1.get(InjectorImpl.java:1053)
	at com.google.inject.internal.InjectorImpl.getInstance(InjectorImpl.java:1086)
	at org.eclipse.sisu.space.AbstractDeferredClass.get(AbstractDeferredClass.java:48)
	at com.google.inject.internal.ProviderInternalFactory.provision(ProviderInternalFactory.java:85)
	at com.google.inject.internal.InternalFactoryToInitializableAdapter.provision(InternalFactoryToInitializableAdapter.java:57)
	at com.google.inject.internal.ProviderInternalFactory$1.call(ProviderInternalFactory.java:66)
	at com.google.inject.internal.ProvisionListenerStackCallback$Provision.provision(ProvisionListenerStackCallback.java:112)
	at com.google.inject.internal.ProvisionListenerStackCallback$Provision.provision(ProvisionListenerStackCallback.java:127)
	at com.google.inject.internal.ProvisionListenerStackCallback.provision(ProvisionListenerStackCallback.java:66)
	at com.google.inject.internal.ProviderInternalFactory.circularGet(ProviderInternalFactory.java:61)
	at com.google.inject.internal.InternalFactoryToInitializableAdapter.get(InternalFactoryToInitializableAdapter.java:47)
	at com.google.inject.internal.InjectorImpl$1.get(InjectorImpl.java:1050)
	at org.eclipse.sisu.inject.Guice4$1.get(Guice4.java:162)
	at org.eclipse.sisu.inject.LazyBeanEntry.getValue(LazyBeanEntry.java:81)
	at org.eclipse.sisu.plexus.LazyPlexusBean.getValue(LazyPlexusBean.java:51)
	at org.codehaus.plexus.DefaultPlexusContainer.lookup(DefaultPlexusContainer.java:263)
	at org.codehaus.plexus.DefaultPlexusContainer.lookup(DefaultPlexusContainer.java:255)
	at org.apache.maven.plugin.internal.DefaultMavenPluginManager.getConfiguredMojo(DefaultMavenPluginManager.java:520)
	at org.eclipse.m2e.core.internal.embedder.MavenImpl.getConfiguredMojo(MavenImpl.java:359)
	at org.sonatype.m2e.mavenarchiver.internal.AbstractMavenArchiverConfigurator.reflectManifestGeneration(AbstractMavenArchiverConfigurator.java:469)
	at org.sonatype.m2e.mavenarchiver.internal.AbstractMavenArchiverConfigurator.generateManifest(AbstractMavenArchiverConfigurator.java:422)
	at org.sonatype.m2e.mavenarchiver.internal.AbstractMavenArchiverConfigurator.mavenProjectChanged(AbstractMavenArchiverConfigurator.java:227)
	at org.sonatype.m2e.mavenarchiver.internal.AbstractMavenArchiverConfigurator$1.build(AbstractMavenArchiverConfigurator.java:167)
	at org.eclipse.m2e.core.internal.builder.MavenBuilderImpl.build(MavenBuilderImpl.java:135)
	at org.eclipse.m2e.core.internal.builder.MavenBuilder$1.method(MavenBuilder.java:169)
	at org.eclipse.m2e.core.internal.builder.MavenBuilder$1.method(MavenBuilder.java:1)
	at org.eclipse.m2e.core.internal.builder.MavenBuilder$BuildMethod.lambda$1(MavenBuilder.java:114)
	at org.eclipse.m2e.core.internal.embedder.MavenExecutionContext.executeBare(MavenExecutionContext.java:182)
	at org.eclipse.m2e.core.internal.embedder.MavenExecutionContext.execute(MavenExecutionContext.java:117)
	at org.eclipse.m2e.core.internal.builder.MavenBuilder$BuildMethod.lambda$0(MavenBuilder.java:105)
	at org.eclipse.m2e.core.internal.embedder.MavenExecutionContext.executeBare(MavenExecutionContext.java:182)
	at org.eclipse.m2e.core.internal.embedder.MavenExecutionContext.execute(MavenExecutionContext.java:156)
	at org.eclipse.m2e.core.internal.embedder.MavenExecutionContext.execute(MavenExecutionContext.java:103)
	at org.eclipse.m2e.core.internal.builder.MavenBuilder$BuildMethod.execute(MavenBuilder.java:88)
	at org.eclipse.m2e.core.internal.builder.MavenBuilder.build(MavenBuilder.java:198)
	at org.eclipse.core.internal.events.BuildManager$2.run(BuildManager.java:860)
	at org.eclipse.core.runtime.SafeRunner.run(SafeRunner.java:45)
	at org.eclipse.core.internal.events.BuildManager.basicBuild(BuildManager.java:232)
	at org.eclipse.core.internal.events.BuildManager.basicBuild(BuildManager.java:281)
	at org.eclipse.core.internal.events.BuildManager$1.run(BuildManager.java:334)
	at org.eclipse.core.runtime.SafeRunner.run(SafeRunner.java:45)
	at org.eclipse.core.internal.events.BuildManager.basicBuild(BuildManager.java:337)
	at org.eclipse.core.internal.events.BuildManager.basicBuildLoop(BuildManager.java:392)
	at org.eclipse.core.internal.events.BuildManager.build(BuildManager.java:417)
	at org.eclipse.core.internal.events.AutoBuildJob.doBuild(AutoBuildJob.java:161)
	at org.eclipse.core.internal.events.AutoBuildJob.run(AutoBuildJob.java:255)
	at org.eclipse.core.internal.jobs.Worker.run(Worker.java:63)
Caused by: java.lang.NoClassDefFoundError: Could not initialize class org.apache.maven.plugin.war.util.WebappStructureSerializer
	at org.apache.maven.plugin.war.AbstractWarMojo.<init>(AbstractWarMojo.java:316)
	at org.apache.maven.plugin.war.WarMojo.<init>(WarMojo.java:49)
	at java.base/jdk.internal.reflect.NativeConstructorAccessorImpl.newInstance0(Native Method)
	at java.base/jdk.internal.reflect.NativeConstructorAccessorImpl.newInstance(NativeConstructorAccessorImpl.java:77)
	at java.base/jdk.internal.reflect.DelegatingConstructorAccessorImpl.newInstance(DelegatingConstructorAccessorImpl.java:45)
	at java.base/java.lang.reflect.Constructor.newInstanceWithCaller(Constructor.java:499)
	at java.base/java.lang.reflect.Constructor.newInstance(Constructor.java:480)
	at com.google.inject.internal.DefaultConstructionProxyFactory$ReflectiveProxy.newInstance(DefaultConstructionProxyFactory.java:126)
	at com.google.inject.internal.ConstructorInjector.provision(ConstructorInjector.java:114)
	at com.google.inject.internal.ConstructorInjector.access$000(ConstructorInjector.java:32)
	at com.google.inject.internal.ConstructorInjector$1.call(ConstructorInjector.java:98)
	at com.google.inject.internal.ProvisionListenerStackCallback$Provision.provision(ProvisionListenerStackCallback.java:112)
	at com.google.inject.internal.ProvisionListenerStackCallback$Provision.provision(ProvisionListenerStackCallback.java:127)
	at com.google.inject.internal.ProvisionListenerStackCallback.provision(ProvisionListenerStackCallback.java:66)
	at com.google.inject.internal.ConstructorInjector.construct(ConstructorInjector.java:93)
	at com.google.inject.internal.ConstructorBindingImpl$Factory.get(ConstructorBindingImpl.java:306)
	at com.google.inject.internal.InjectorImpl$1.get(InjectorImpl.java:1050)
	... 46 common frames omitted
2025-10-28 10:40:00,167 [Worker-42: Building] INFO  o.e.m.c.i.l.LifecycleMappingFactory - Using org.maven.ide.eclipse.wtp.WarLifecycleMapping lifecycle mapping for MavenProject: EmployeeCRUD:com.demo:0.0.1-SNAPSHOT @ C:\Users\VEERESH K C\Servelet-Project-Workspace\com.demo\pom.xml.
2025-10-28 10:40:01,314 [Worker-42: Building] WARN  Sisu - Error injecting: org.apache.maven.plugin.war.WarMojo
com.google.inject.ProvisionException: Unable to provision, see the following errors:

1) Error injecting constructor, java.lang.ExceptionInInitializerError: Cannot access defaults field of Properties
  at org.apache.maven.plugin.war.WarMojo.<init>(Unknown Source)
  while locating org.apache.maven.plugin.war.WarMojo

1 error
	at com.google.inject.internal.InternalProvisionException.toProvisionException(InternalProvisionException.java:226)
	at com.google.inject.internal.InjectorImpl$1.get(InjectorImpl.java:1053)
	at com.google.inject.internal.InjectorImpl.getInstance(InjectorImpl.java:1086)
	at org.eclipse.sisu.space.AbstractDeferredClass.get(AbstractDeferredClass.java:48)
	at com.google.inject.internal.ProviderInternalFactory.provision(ProviderInternalFactory.java:85)
	at com.google.inject.internal.InternalFactoryToInitializableAdapter.provision(InternalFactoryToInitializableAdapter.java:57)
	at com.google.inject.internal.ProviderInternalFactory$1.call(ProviderInternalFactory.java:66)
	at com.google.inject.internal.ProvisionListenerStackCallback$Provision.provision(ProvisionListenerStackCallback.java:112)
	at com.google.inject.internal.ProvisionListenerStackCallback$Provision.provision(ProvisionListenerStackCallback.java:127)
	at com.google.inject.internal.ProvisionListenerStackCallback.provision(ProvisionListenerStackCallback.java:66)
	at com.google.inject.internal.ProviderInternalFactory.circularGet(ProviderInternalFactory.java:61)
	at com.google.inject.internal.InternalFactoryToInitializableAdapter.get(InternalFactoryToInitializableAdapter.java:47)
	at com.google.inject.internal.InjectorImpl$1.get(InjectorImpl.java:1050)
	at org.eclipse.sisu.inject.Guice4$1.get(Guice4.java:162)
	at org.eclipse.sisu.inject.LazyBeanEntry.getValue(LazyBeanEntry.java:81)
	at org.eclipse.sisu.plexus.LazyPlexusBean.getValue(LazyPlexusBean.java:51)
	at org.codehaus.plexus.DefaultPlexusContainer.lookup(DefaultPlexusContainer.java:263)
	at org.codehaus.plexus.DefaultPlexusContainer.lookup(DefaultPlexusContainer.java:255)
	at org.apache.maven.plugin.internal.DefaultMavenPluginManager.getConfiguredMojo(DefaultMavenPluginManager.java:520)
	at org.eclipse.m2e.core.internal.embedder.MavenImpl.getConfiguredMojo(MavenImpl.java:359)
	at org.sonatype.m2e.mavenarchiver.internal.AbstractMavenArchiverConfigurator.reflectManifestGeneration(AbstractMavenArchiverConfigurator.java:469)
	at org.sonatype.m2e.mavenarchiver.internal.AbstractMavenArchiverConfigurator.generateManifest(AbstractMavenArchiverConfigurator.java:422)
	at org.sonatype.m2e.mavenarchiver.internal.AbstractMavenArchiverConfigurator.mavenProjectChanged(AbstractMavenArchiverConfigurator.java:227)
	at org.eclipse.m2e.wtp.mavenarchiver.AbstractWTPArchiverConfigurator.mavenProjectChanged(AbstractWTPArchiverConfigurator.java:56)
	at org.eclipse.m2e.core.internal.project.ProjectConfigurationManager.mavenProjectChanged(ProjectConfigurationManager.java:1056)
	at org.eclipse.m2e.core.internal.project.registry.ProjectRegistryManager.notifyProjectChangeListeners(ProjectRegistryManager.java:806)
	at org.eclipse.m2e.core.internal.project.registry.ProjectRegistryManager.applyMutableProjectRegistry(ProjectRegistryManager.java:972)
	at org.eclipse.m2e.core.internal.project.registry.ProjectRegistryManager.refresh(ProjectRegistryManager.java:305)
	at org.eclipse.m2e.core.internal.builder.MavenBuilder$BuildMethod.getProjectFacade(MavenBuilder.java:151)
	at org.eclipse.m2e.core.internal.builder.MavenBuilder$BuildMethod.lambda$0(MavenBuilder.java:89)
	at org.eclipse.m2e.core.internal.embedder.MavenExecutionContext.executeBare(MavenExecutionContext.java:182)
	at org.eclipse.m2e.core.internal.embedder.MavenExecutionContext.execute(MavenExecutionContext.java:156)
	at org.eclipse.m2e.core.internal.embedder.MavenExecutionContext.execute(MavenExecutionContext.java:103)
	at org.eclipse.m2e.core.internal.builder.MavenBuilder$BuildMethod.execute(MavenBuilder.java:88)
	at org.eclipse.m2e.core.internal.builder.MavenBuilder.build(MavenBuilder.java:198)
	at org.eclipse.core.internal.events.BuildManager$2.run(BuildManager.java:860)
	at org.eclipse.core.runtime.SafeRunner.run(SafeRunner.java:45)
	at org.eclipse.core.internal.events.BuildManager.basicBuild(BuildManager.java:232)
	at org.eclipse.core.internal.events.BuildManager.basicBuild(BuildManager.java:281)
	at org.eclipse.core.internal.events.BuildManager$1.run(BuildManager.java:334)
	at org.eclipse.core.runtime.SafeRunner.run(SafeRunner.java:45)
	at org.eclipse.core.internal.events.BuildManager.basicBuild(BuildManager.java:337)
	at org.eclipse.core.internal.events.BuildManager.basicBuildLoop(BuildManager.java:392)
	at org.eclipse.core.internal.events.BuildManager.build(BuildManager.java:417)
	at org.eclipse.core.internal.events.AutoBuildJob.doBuild(AutoBuildJob.java:161)
	at org.eclipse.core.internal.events.AutoBuildJob.run(AutoBuildJob.java:255)
	at org.eclipse.core.internal.jobs.Worker.run(Worker.java:63)
Caused by: java.lang.ExceptionInInitializerError: Cannot access defaults field of Properties
	at com.thoughtworks.xstream.converters.collections.PropertiesConverter.<clinit>(PropertiesConverter.java:46)
	at com.thoughtworks.xstream.XStream.setupConverters(XStream.java:647)
	at com.thoughtworks.xstream.XStream.<init>(XStream.java:445)
	at com.thoughtworks.xstream.XStream.<init>(XStream.java:385)
	at com.thoughtworks.xstream.XStream.<init>(XStream.java:342)
	at org.apache.maven.plugin.war.util.WebappStructureSerializer.<clinit>(WebappStructureSerializer.java:47)
	at org.apache.maven.plugin.war.AbstractWarMojo.<init>(AbstractWarMojo.java:316)
	at org.apache.maven.plugin.war.WarMojo.<init>(WarMojo.java:49)
	at java.base/jdk.internal.reflect.NativeConstructorAccessorImpl.newInstance0(Native Method)
	at java.base/jdk.internal.reflect.NativeConstructorAccessorImpl.newInstance(NativeConstructorAccessorImpl.java:77)
	at java.base/jdk.internal.reflect.DelegatingConstructorAccessorImpl.newInstance(DelegatingConstructorAccessorImpl.java:45)
	at java.base/java.lang.reflect.Constructor.newInstanceWithCaller(Constructor.java:499)
	at java.base/java.lang.reflect.Constructor.newInstance(Constructor.java:480)
	at com.google.inject.internal.DefaultConstructionProxyFactory$ReflectiveProxy.newInstance(DefaultConstructionProxyFactory.java:126)
	at com.google.inject.internal.ConstructorInjector.provision(ConstructorInjector.java:114)
	at com.google.inject.internal.ConstructorInjector.access$000(ConstructorInjector.java:32)
	at com.google.inject.internal.ConstructorInjector$1.call(ConstructorInjector.java:98)
	at com.google.inject.internal.ProvisionListenerStackCallback$Provision.provision(ProvisionListenerStackCallback.java:112)
	at com.google.inject.internal.ProvisionListenerStackCallback$Provision.provision(ProvisionListenerStackCallback.java:127)
	at com.google.inject.internal.ProvisionListenerStackCallback.provision(ProvisionListenerStackCallback.java:66)
	at com.google.inject.internal.ConstructorInjector.construct(ConstructorInjector.java:93)
	at com.google.inject.internal.ConstructorBindingImpl$Factory.get(ConstructorBindingImpl.java:306)
	at com.google.inject.internal.InjectorImpl$1.get(InjectorImpl.java:1050)
	... 45 common frames omitted
2025-10-28 10:40:01,864 [Worker-42: Building] WARN  o.e.m.c.i.embedder.EclipseLogger - Using platform encoding (Cp1252 actually) to copy filtered resources, i.e. build is platform dependent!
2025-10-28 10:40:01,874 [Worker-42: Building] INFO  o.e.m.c.i.embedder.EclipseLogger - Copying 0 resource
2025-10-28 10:40:01,883 [Worker-42: Building] WARN  o.e.m.c.i.embedder.EclipseLogger - Using platform encoding (Cp1252 actually) to copy filtered resources, i.e. build is platform dependent!
2025-10-28 10:40:01,889 [Worker-42: Building] INFO  o.e.m.c.i.embedder.EclipseLogger - skip non existing resourceDirectory C:\Users\VEERESH K C\Servelet-Project-Workspace\com.demo\src\test\resources
2025-10-28 10:40:01,890 [Worker-42: Building] INFO  o.e.m.w.i.f.ResourceFilteringBuildParticipant - Changed resources require a complete clean of filtered resources of com.demo
2025-10-28 10:40:01,890 [Worker-42: Building] INFO  o.e.m.w.i.f.ResourceFilteringBuildParticipant - Executing resource filtering for com.demo
2025-10-28 10:40:01,907 [Worker-42: Building] WARN  o.e.m.c.i.embedder.EclipseLogger - Using platform encoding (Cp1252 actually) to copy filtered resources, i.e. build is platform dependent!
2025-10-28 10:40:01,934 [Worker-42: Building] WARN  Sisu - Error injecting: org.apache.maven.plugin.war.WarMojo
com.google.inject.ProvisionException: Unable to provision, see the following errors:

1) Error injecting constructor, java.lang.NoClassDefFoundError: Could not initialize class org.apache.maven.plugin.war.util.WebappStructureSerializer
  at org.apache.maven.plugin.war.WarMojo.<init>(Unknown Source)
  while locating org.apache.maven.plugin.war.WarMojo

1 error
	at com.google.inject.internal.InternalProvisionException.toProvisionException(InternalProvisionException.java:226)
	at com.google.inject.internal.InjectorImpl$1.get(InjectorImpl.java:1053)
	at com.google.inject.internal.InjectorImpl.getInstance(InjectorImpl.java:1086)
	at org.eclipse.sisu.space.AbstractDeferredClass.get(AbstractDeferredClass.java:48)
	at com.google.inject.internal.ProviderInternalFactory.provision(ProviderInternalFactory.java:85)
	at com.google.inject.internal.InternalFactoryToInitializableAdapter.provision(InternalFactoryToInitializableAdapter.java:57)
	at com.google.inject.internal.ProviderInternalFactory$1.call(ProviderInternalFactory.java:66)
	at com.google.inject.internal.ProvisionListenerStackCallback$Provision.provision(ProvisionListenerStackCallback.java:112)
	at com.google.inject.internal.ProvisionListenerStackCallback$Provision.provision(ProvisionListenerStackCallback.java:127)
	at com.google.inject.internal.ProvisionListenerStackCallback.provision(ProvisionListenerStackCallback.java:66)
	at com.google.inject.internal.ProviderInternalFactory.circularGet(ProviderInternalFactory.java:61)
	at com.google.inject.internal.InternalFactoryToInitializableAdapter.get(InternalFactoryToInitializableAdapter.java:47)
	at com.google.inject.internal.InjectorImpl$1.get(InjectorImpl.java:1050)
	at org.eclipse.sisu.inject.Guice4$1.get(Guice4.java:162)
	at org.eclipse.sisu.inject.LazyBeanEntry.getValue(LazyBeanEntry.java:81)
	at org.eclipse.sisu.plexus.LazyPlexusBean.getValue(LazyPlexusBean.java:51)
	at org.codehaus.plexus.DefaultPlexusContainer.lookup(DefaultPlexusContainer.java:263)
	at org.codehaus.plexus.DefaultPlexusContainer.lookup(DefaultPlexusContainer.java:255)
	at org.apache.maven.plugin.internal.DefaultMavenPluginManager.getConfiguredMojo(DefaultMavenPluginManager.java:520)
	at org.eclipse.m2e.core.internal.embedder.MavenImpl.getConfiguredMojo(MavenImpl.java:359)
	at org.sonatype.m2e.mavenarchiver.internal.AbstractMavenArchiverConfigurator.reflectManifestGeneration(AbstractMavenArchiverConfigurator.java:469)
	at org.sonatype.m2e.mavenarchiver.internal.AbstractMavenArchiverConfigurator.generateManifest(AbstractMavenArchiverConfigurator.java:422)
	at org.sonatype.m2e.mavenarchiver.internal.AbstractMavenArchiverConfigurator.mavenProjectChanged(AbstractMavenArchiverConfigurator.java:227)
	at org.sonatype.m2e.mavenarchiver.internal.AbstractMavenArchiverConfigurator$1.build(AbstractMavenArchiverConfigurator.java:167)
	at org.eclipse.m2e.core.internal.builder.MavenBuilderImpl.build(MavenBuilderImpl.java:135)
	at org.eclipse.m2e.core.internal.builder.MavenBuilder$1.method(MavenBuilder.java:169)
	at org.eclipse.m2e.core.internal.builder.MavenBuilder$1.method(MavenBuilder.java:1)
	at org.eclipse.m2e.core.internal.builder.MavenBuilder$BuildMethod.lambda$1(MavenBuilder.java:114)
	at org.eclipse.m2e.core.internal.embedder.MavenExecutionContext.executeBare(MavenExecutionContext.java:182)
	at org.eclipse.m2e.core.internal.embedder.MavenExecutionContext.execute(MavenExecutionContext.java:117)
	at org.eclipse.m2e.core.internal.builder.MavenBuilder$BuildMethod.lambda$0(MavenBuilder.java:105)
	at org.eclipse.m2e.core.internal.embedder.MavenExecutionContext.executeBare(MavenExecutionContext.java:182)
	at org.eclipse.m2e.core.internal.embedder.MavenExecutionContext.execute(MavenExecutionContext.java:156)
	at org.eclipse.m2e.core.internal.embedder.MavenExecutionContext.execute(MavenExecutionContext.java:103)
	at org.eclipse.m2e.core.internal.builder.MavenBuilder$BuildMethod.execute(MavenBuilder.java:88)
	at org.eclipse.m2e.core.internal.builder.MavenBuilder.build(MavenBuilder.java:198)
	at org.eclipse.core.internal.events.BuildManager$2.run(BuildManager.java:860)
	at org.eclipse.core.runtime.SafeRunner.run(SafeRunner.java:45)
	at org.eclipse.core.internal.events.BuildManager.basicBuild(BuildManager.java:232)
	at org.eclipse.core.internal.events.BuildManager.basicBuild(BuildManager.java:281)
	at org.eclipse.core.internal.events.BuildManager$1.run(BuildManager.java:334)
	at org.eclipse.core.runtime.SafeRunner.run(SafeRunner.java:45)
	at org.eclipse.core.internal.events.BuildManager.basicBuild(BuildManager.java:337)
	at org.eclipse.core.internal.events.BuildManager.basicBuildLoop(BuildManager.java:392)
	at org.eclipse.core.internal.events.BuildManager.build(BuildManager.java:417)
	at org.eclipse.core.internal.events.AutoBuildJob.doBuild(AutoBuildJob.java:161)
	at org.eclipse.core.internal.events.AutoBuildJob.run(AutoBuildJob.java:255)
	at org.eclipse.core.internal.jobs.Worker.run(Worker.java:63)
Caused by: java.lang.NoClassDefFoundError: Could not initialize class org.apache.maven.plugin.war.util.WebappStructureSerializer
	at org.apache.maven.plugin.war.AbstractWarMojo.<init>(AbstractWarMojo.java:316)
	at org.apache.maven.plugin.war.WarMojo.<init>(WarMojo.java:49)
	at java.base/jdk.internal.reflect.NativeConstructorAccessorImpl.newInstance0(Native Method)
	at java.base/jdk.internal.reflect.NativeConstructorAccessorImpl.newInstance(NativeConstructorAccessorImpl.java:77)
	at java.base/jdk.internal.reflect.DelegatingConstructorAccessorImpl.newInstance(DelegatingConstructorAccessorImpl.java:45)
	at java.base/java.lang.reflect.Constructor.newInstanceWithCaller(Constructor.java:499)
	at java.base/java.lang.reflect.Constructor.newInstance(Constructor.java:480)
	at com.google.inject.internal.DefaultConstructionProxyFactory$ReflectiveProxy.newInstance(DefaultConstructionProxyFactory.java:126)
	at com.google.inject.internal.ConstructorInjector.provision(ConstructorInjector.java:114)
	at com.google.inject.internal.ConstructorInjector.access$000(ConstructorInjector.java:32)
	at com.google.inject.internal.ConstructorInjector$1.call(ConstructorInjector.java:98)
	at com.google.inject.internal.ProvisionListenerStackCallback$Provision.provision(ProvisionListenerStackCallback.java:112)
	at com.google.inject.internal.ProvisionListenerStackCallback$Provision.provision(ProvisionListenerStackCallback.java:127)
	at com.google.inject.internal.ProvisionListenerStackCallback.provision(ProvisionListenerStackCallback.java:66)
	at com.google.inject.internal.ConstructorInjector.construct(ConstructorInjector.java:93)
	at com.google.inject.internal.ConstructorBindingImpl$Factory.get(ConstructorBindingImpl.java:306)
	at com.google.inject.internal.InjectorImpl$1.get(InjectorImpl.java:1050)
	... 46 common frames omitted
2025-10-28 10:40:31,955 [Worker-40: Building] WARN  o.e.m.c.i.embedder.EclipseLogger - Using platform encoding (Cp1252 actually) to copy filtered resources, i.e. build is platform dependent!
2025-10-28 10:40:31,959 [Worker-40: Building] INFO  o.e.m.c.i.embedder.EclipseLogger - Copying 0 resource
2025-10-28 10:40:31,966 [Worker-40: Building] WARN  o.e.m.c.i.embedder.EclipseLogger - Using platform encoding (Cp1252 actually) to copy filtered resources, i.e. build is platform dependent!
2025-10-28 10:40:31,968 [Worker-40: Building] INFO  o.e.m.c.i.embedder.EclipseLogger - skip non existing resourceDirectory C:\Users\VEERESH K C\Servelet-Project-Workspace\com.demo\src\test\resources
2025-10-28 10:40:32,728 [Worker-40: Building] WARN  Sisu - Error injecting: org.apache.maven.plugin.war.WarMojo
com.google.inject.ProvisionException: Unable to provision, see the following errors:

1) Error injecting constructor, java.lang.ExceptionInInitializerError: Cannot access defaults field of Properties
  at org.apache.maven.plugin.war.WarMojo.<init>(Unknown Source)
  while locating org.apache.maven.plugin.war.WarMojo

1 error
	at com.google.inject.internal.InternalProvisionException.toProvisionException(InternalProvisionException.java:226)
	at com.google.inject.internal.InjectorImpl$1.get(InjectorImpl.java:1053)
	at com.google.inject.internal.InjectorImpl.getInstance(InjectorImpl.java:1086)
	at org.eclipse.sisu.space.AbstractDeferredClass.get(AbstractDeferredClass.java:48)
	at com.google.inject.internal.ProviderInternalFactory.provision(ProviderInternalFactory.java:85)
	at com.google.inject.internal.InternalFactoryToInitializableAdapter.provision(InternalFactoryToInitializableAdapter.java:57)
	at com.google.inject.internal.ProviderInternalFactory$1.call(ProviderInternalFactory.java:66)
	at com.google.inject.internal.ProvisionListenerStackCallback$Provision.provision(ProvisionListenerStackCallback.java:112)
	at com.google.inject.internal.ProvisionListenerStackCallback$Provision.provision(ProvisionListenerStackCallback.java:127)
	at com.google.inject.internal.ProvisionListenerStackCallback.provision(ProvisionListenerStackCallback.java:66)
	at com.google.inject.internal.ProviderInternalFactory.circularGet(ProviderInternalFactory.java:61)
	at com.google.inject.internal.InternalFactoryToInitializableAdapter.get(InternalFactoryToInitializableAdapter.java:47)
	at com.google.inject.internal.InjectorImpl$1.get(InjectorImpl.java:1050)
	at org.eclipse.sisu.inject.Guice4$1.get(Guice4.java:162)
	at org.eclipse.sisu.inject.LazyBeanEntry.getValue(LazyBeanEntry.java:81)
	at org.eclipse.sisu.plexus.LazyPlexusBean.getValue(LazyPlexusBean.java:51)
	at org.codehaus.plexus.DefaultPlexusContainer.lookup(DefaultPlexusContainer.java:263)
	at org.codehaus.plexus.DefaultPlexusContainer.lookup(DefaultPlexusContainer.java:255)
	at org.apache.maven.plugin.internal.DefaultMavenPluginManager.getConfiguredMojo(DefaultMavenPluginManager.java:520)
	at org.eclipse.m2e.core.internal.embedder.MavenImpl.getConfiguredMojo(MavenImpl.java:359)
	at org.sonatype.m2e.mavenarchiver.internal.AbstractMavenArchiverConfigurator.reflectManifestGeneration(AbstractMavenArchiverConfigurator.java:469)
	at org.sonatype.m2e.mavenarchiver.internal.AbstractMavenArchiverConfigurator.generateManifest(AbstractMavenArchiverConfigurator.java:422)
	at org.sonatype.m2e.mavenarchiver.internal.AbstractMavenArchiverConfigurator.mavenProjectChanged(AbstractMavenArchiverConfigurator.java:227)
	at org.sonatype.m2e.mavenarchiver.internal.AbstractMavenArchiverConfigurator$1.build(AbstractMavenArchiverConfigurator.java:167)
	at org.eclipse.m2e.core.internal.builder.MavenBuilderImpl.build(MavenBuilderImpl.java:135)
	at org.eclipse.m2e.core.internal.builder.MavenBuilder$1.method(MavenBuilder.java:169)
	at org.eclipse.m2e.core.internal.builder.MavenBuilder$1.method(MavenBuilder.java:1)
	at org.eclipse.m2e.core.internal.builder.MavenBuilder$BuildMethod.lambda$1(MavenBuilder.java:114)
	at org.eclipse.m2e.core.internal.embedder.MavenExecutionContext.executeBare(MavenExecutionContext.java:182)
	at org.eclipse.m2e.core.internal.embedder.MavenExecutionContext.execute(MavenExecutionContext.java:117)
	at org.eclipse.m2e.core.internal.builder.MavenBuilder$BuildMethod.lambda$0(MavenBuilder.java:105)
	at org.eclipse.m2e.core.internal.embedder.MavenExecutionContext.executeBare(MavenExecutionContext.java:182)
	at org.eclipse.m2e.core.internal.embedder.MavenExecutionContext.execute(MavenExecutionContext.java:156)
	at org.eclipse.m2e.core.internal.embedder.MavenExecutionContext.execute(MavenExecutionContext.java:103)
	at org.eclipse.m2e.core.internal.builder.MavenBuilder$BuildMethod.execute(MavenBuilder.java:88)
	at org.eclipse.m2e.core.internal.builder.MavenBuilder.build(MavenBuilder.java:198)
	at org.eclipse.core.internal.events.BuildManager$2.run(BuildManager.java:860)
	at org.eclipse.core.runtime.SafeRunner.run(SafeRunner.java:45)
	at org.eclipse.core.internal.events.BuildManager.basicBuild(BuildManager.java:232)
	at org.eclipse.core.internal.events.BuildManager.basicBuild(BuildManager.java:281)
	at org.eclipse.core.internal.events.BuildManager$1.run(BuildManager.java:334)
	at org.eclipse.core.runtime.SafeRunner.run(SafeRunner.java:45)
	at org.eclipse.core.internal.events.BuildManager.basicBuild(BuildManager.java:337)
	at org.eclipse.core.internal.events.BuildManager.basicBuildLoop(BuildManager.java:392)
	at org.eclipse.core.internal.events.BuildManager.build(BuildManager.java:417)
	at org.eclipse.core.internal.events.AutoBuildJob.doBuild(AutoBuildJob.java:161)
	at org.eclipse.core.internal.events.AutoBuildJob.run(AutoBuildJob.java:255)
	at org.eclipse.core.internal.jobs.Worker.run(Worker.java:63)
Caused by: java.lang.ExceptionInInitializerError: Cannot access defaults field of Properties
	at com.thoughtworks.xstream.converters.collections.PropertiesConverter.<clinit>(PropertiesConverter.java:46)
	at com.thoughtworks.xstream.XStream.setupConverters(XStream.java:647)
	at com.thoughtworks.xstream.XStream.<init>(XStream.java:445)
	at com.thoughtworks.xstream.XStream.<init>(XStream.java:385)
	at com.thoughtworks.xstream.XStream.<init>(XStream.java:342)
	at org.apache.maven.plugin.war.util.WebappStructureSerializer.<clinit>(WebappStructureSerializer.java:47)
	at org.apache.maven.plugin.war.AbstractWarMojo.<init>(AbstractWarMojo.java:316)
	at org.apache.maven.plugin.war.WarMojo.<init>(WarMojo.java:49)
	at java.base/jdk.internal.reflect.NativeConstructorAccessorImpl.newInstance0(Native Method)
	at java.base/jdk.internal.reflect.NativeConstructorAccessorImpl.newInstance(NativeConstructorAccessorImpl.java:77)
	at java.base/jdk.internal.reflect.DelegatingConstructorAccessorImpl.newInstance(DelegatingConstructorAccessorImpl.java:45)
	at java.base/java.lang.reflect.Constructor.newInstanceWithCaller(Constructor.java:499)
	at java.base/java.lang.reflect.Constructor.newInstance(Constructor.java:480)
	at com.google.inject.internal.DefaultConstructionProxyFactory$ReflectiveProxy.newInstance(DefaultConstructionProxyFactory.java:126)
	at com.google.inject.internal.ConstructorInjector.provision(ConstructorInjector.java:114)
	at com.google.inject.internal.ConstructorInjector.access$000(ConstructorInjector.java:32)
	at com.google.inject.internal.ConstructorInjector$1.call(ConstructorInjector.java:98)
	at com.google.inject.internal.ProvisionListenerStackCallback$Provision.provision(ProvisionListenerStackCallback.java:112)
	at com.google.inject.internal.ProvisionListenerStackCallback$Provision.provision(ProvisionListenerStackCallback.java:127)
	at com.google.inject.internal.ProvisionListenerStackCallback.provision(ProvisionListenerStackCallback.java:66)
	at com.google.inject.internal.ConstructorInjector.construct(ConstructorInjector.java:93)
	at com.google.inject.internal.ConstructorBindingImpl$Factory.get(ConstructorBindingImpl.java:306)
	at com.google.inject.internal.InjectorImpl$1.get(InjectorImpl.java:1050)
	... 46 common frames omitted
2025-10-28 10:43:31,172 [Worker-5: Loading available Gradle versions] INFO  o.e.b.c.i.u.g.PublishedGradleVersions - Gradle version information cache is up-to-date. Trying to read.
2025-10-28 11:00:43,592 [Worker-22: Building] WARN  o.e.m.c.i.embedder.EclipseLogger - Using platform encoding (Cp1252 actually) to copy filtered resources, i.e. build is platform dependent!
2025-10-28 11:00:43,607 [Worker-22: Building] INFO  o.e.m.c.i.embedder.EclipseLogger - Copying 0 resource
2025-10-28 11:00:43,614 [Worker-22: Building] WARN  o.e.m.c.i.embedder.EclipseLogger - Using platform encoding (Cp1252 actually) to copy filtered resources, i.e. build is platform dependent!
2025-10-28 11:00:43,617 [Worker-22: Building] INFO  o.e.m.c.i.embedder.EclipseLogger - skip non existing resourceDirectory C:\Users\VEERESH K C\Servelet-Project-Workspace\com.demo\src\test\resources
2025-10-28 11:00:44,466 [Worker-22: Building] WARN  Sisu - Error injecting: org.apache.maven.plugin.war.WarMojo
com.google.inject.ProvisionException: Unable to provision, see the following errors:

1) Error injecting constructor, java.lang.ExceptionInInitializerError: Cannot access defaults field of Properties
  at org.apache.maven.plugin.war.WarMojo.<init>(Unknown Source)
  while locating org.apache.maven.plugin.war.WarMojo

1 error
	at com.google.inject.internal.InternalProvisionException.toProvisionException(InternalProvisionException.java:226)
	at com.google.inject.internal.InjectorImpl$1.get(InjectorImpl.java:1053)
	at com.google.inject.internal.InjectorImpl.getInstance(InjectorImpl.java:1086)
	at org.eclipse.sisu.space.AbstractDeferredClass.get(AbstractDeferredClass.java:48)
	at com.google.inject.internal.ProviderInternalFactory.provision(ProviderInternalFactory.java:85)
	at com.google.inject.internal.InternalFactoryToInitializableAdapter.provision(InternalFactoryToInitializableAdapter.java:57)
	at com.google.inject.internal.ProviderInternalFactory$1.call(ProviderInternalFactory.java:66)
	at com.google.inject.internal.ProvisionListenerStackCallback$Provision.provision(ProvisionListenerStackCallback.java:112)
	at com.google.inject.internal.ProvisionListenerStackCallback$Provision.provision(ProvisionListenerStackCallback.java:127)
	at com.google.inject.internal.ProvisionListenerStackCallback.provision(ProvisionListenerStackCallback.java:66)
	at com.google.inject.internal.ProviderInternalFactory.circularGet(ProviderInternalFactory.java:61)
	at com.google.inject.internal.InternalFactoryToInitializableAdapter.get(InternalFactoryToInitializableAdapter.java:47)
	at com.google.inject.internal.InjectorImpl$1.get(InjectorImpl.java:1050)
	at org.eclipse.sisu.inject.Guice4$1.get(Guice4.java:162)
	at org.eclipse.sisu.inject.LazyBeanEntry.getValue(LazyBeanEntry.java:81)
	at org.eclipse.sisu.plexus.LazyPlexusBean.getValue(LazyPlexusBean.java:51)
	at org.codehaus.plexus.DefaultPlexusContainer.lookup(DefaultPlexusContainer.java:263)
	at org.codehaus.plexus.DefaultPlexusContainer.lookup(DefaultPlexusContainer.java:255)
	at org.apache.maven.plugin.internal.DefaultMavenPluginManager.getConfiguredMojo(DefaultMavenPluginManager.java:520)
	at org.eclipse.m2e.core.internal.embedder.MavenImpl.getConfiguredMojo(MavenImpl.java:359)
	at org.sonatype.m2e.mavenarchiver.internal.AbstractMavenArchiverConfigurator.reflectManifestGeneration(AbstractMavenArchiverConfigurator.java:469)
	at org.sonatype.m2e.mavenarchiver.internal.AbstractMavenArchiverConfigurator.generateManifest(AbstractMavenArchiverConfigurator.java:422)
	at org.sonatype.m2e.mavenarchiver.internal.AbstractMavenArchiverConfigurator.mavenProjectChanged(AbstractMavenArchiverConfigurator.java:227)
	at org.sonatype.m2e.mavenarchiver.internal.AbstractMavenArchiverConfigurator$1.build(AbstractMavenArchiverConfigurator.java:167)
	at org.eclipse.m2e.core.internal.builder.MavenBuilderImpl.build(MavenBuilderImpl.java:135)
	at org.eclipse.m2e.core.internal.builder.MavenBuilder$1.method(MavenBuilder.java:169)
	at org.eclipse.m2e.core.internal.builder.MavenBuilder$1.method(MavenBuilder.java:1)
	at org.eclipse.m2e.core.internal.builder.MavenBuilder$BuildMethod.lambda$1(MavenBuilder.java:114)
	at org.eclipse.m2e.core.internal.embedder.MavenExecutionContext.executeBare(MavenExecutionContext.java:182)
	at org.eclipse.m2e.core.internal.embedder.MavenExecutionContext.execute(MavenExecutionContext.java:117)
	at org.eclipse.m2e.core.internal.builder.MavenBuilder$BuildMethod.lambda$0(MavenBuilder.java:105)
	at org.eclipse.m2e.core.internal.embedder.MavenExecutionContext.executeBare(MavenExecutionContext.java:182)
	at org.eclipse.m2e.core.internal.embedder.MavenExecutionContext.execute(MavenExecutionContext.java:156)
	at org.eclipse.m2e.core.internal.embedder.MavenExecutionContext.execute(MavenExecutionContext.java:103)
	at org.eclipse.m2e.core.internal.builder.MavenBuilder$BuildMethod.execute(MavenBuilder.java:88)
	at org.eclipse.m2e.core.internal.builder.MavenBuilder.build(MavenBuilder.java:198)
	at org.eclipse.core.internal.events.BuildManager$2.run(BuildManager.java:860)
	at org.eclipse.core.runtime.SafeRunner.run(SafeRunner.java:45)
	at org.eclipse.core.internal.events.BuildManager.basicBuild(BuildManager.java:232)
	at org.eclipse.core.internal.events.BuildManager.basicBuild(BuildManager.java:281)
	at org.eclipse.core.internal.events.BuildManager$1.run(BuildManager.java:334)
	at org.eclipse.core.runtime.SafeRunner.run(SafeRunner.java:45)
	at org.eclipse.core.internal.events.BuildManager.basicBuild(BuildManager.java:337)
	at org.eclipse.core.internal.events.BuildManager.basicBuildLoop(BuildManager.java:392)
	at org.eclipse.core.internal.events.BuildManager.build(BuildManager.java:417)
	at org.eclipse.core.internal.events.AutoBuildJob.doBuild(AutoBuildJob.java:161)
	at org.eclipse.core.internal.events.AutoBuildJob.run(AutoBuildJob.java:255)
	at org.eclipse.core.internal.jobs.Worker.run(Worker.java:63)
Caused by: java.lang.ExceptionInInitializerError: Cannot access defaults field of Properties
	at com.thoughtworks.xstream.converters.collections.PropertiesConverter.<clinit>(PropertiesConverter.java:46)
	at com.thoughtworks.xstream.XStream.setupConverters(XStream.java:647)
	at com.thoughtworks.xstream.XStream.<init>(XStream.java:445)
	at com.thoughtworks.xstream.XStream.<init>(XStream.java:385)
	at com.thoughtworks.xstream.XStream.<init>(XStream.java:342)
	at org.apache.maven.plugin.war.util.WebappStructureSerializer.<clinit>(WebappStructureSerializer.java:47)
	at org.apache.maven.plugin.war.AbstractWarMojo.<init>(AbstractWarMojo.java:316)
	at org.apache.maven.plugin.war.WarMojo.<init>(WarMojo.java:49)
	at java.base/jdk.internal.reflect.NativeConstructorAccessorImpl.newInstance0(Native Method)
	at java.base/jdk.internal.reflect.NativeConstructorAccessorImpl.newInstance(NativeConstructorAccessorImpl.java:77)
	at java.base/jdk.internal.reflect.DelegatingConstructorAccessorImpl.newInstance(DelegatingConstructorAccessorImpl.java:45)
	at java.base/java.lang.reflect.Constructor.newInstanceWithCaller(Constructor.java:499)
	at java.base/java.lang.reflect.Constructor.newInstance(Constructor.java:480)
	at com.google.inject.internal.DefaultConstructionProxyFactory$ReflectiveProxy.newInstance(DefaultConstructionProxyFactory.java:126)
	at com.google.inject.internal.ConstructorInjector.provision(ConstructorInjector.java:114)
	at com.google.inject.internal.ConstructorInjector.access$000(ConstructorInjector.java:32)
	at com.google.inject.internal.ConstructorInjector$1.call(ConstructorInjector.java:98)
	at com.google.inject.internal.ProvisionListenerStackCallback$Provision.provision(ProvisionListenerStackCallback.java:112)
	at com.google.inject.internal.ProvisionListenerStackCallback$Provision.provision(ProvisionListenerStackCallback.java:127)
	at com.google.inject.internal.ProvisionListenerStackCallback.provision(ProvisionListenerStackCallback.java:66)
	at com.google.inject.internal.ConstructorInjector.construct(ConstructorInjector.java:93)
	at com.google.inject.internal.ConstructorBindingImpl$Factory.get(ConstructorBindingImpl.java:306)
	at com.google.inject.internal.InjectorImpl$1.get(InjectorImpl.java:1050)
	... 46 common frames omitted
2025-10-28 11:00:46,120 [Worker-20: Building] WARN  o.e.m.c.i.embedder.EclipseLogger - Using platform encoding (Cp1252 actually) to copy filtered resources, i.e. build is platform dependent!
2025-10-28 11:00:46,128 [Worker-20: Building] INFO  o.e.m.c.i.embedder.EclipseLogger - Copying 0 resource
2025-10-28 11:00:46,132 [Worker-20: Building] WARN  o.e.m.c.i.embedder.EclipseLogger - Using platform encoding (Cp1252 actually) to copy filtered resources, i.e. build is platform dependent!
2025-10-28 11:00:46,142 [Worker-20: Building] INFO  o.e.m.c.i.embedder.EclipseLogger - skip non existing resourceDirectory C:\Users\VEERESH K C\Servelet-Project-Workspace\com.demo\src\test\resources
2025-10-28 11:00:46,160 [Worker-20: Building] WARN  Sisu - Error injecting: org.apache.maven.plugin.war.WarMojo
com.google.inject.ProvisionException: Unable to provision, see the following errors:

1) Error injecting constructor, java.lang.NoClassDefFoundError: Could not initialize class org.apache.maven.plugin.war.util.WebappStructureSerializer
  at org.apache.maven.plugin.war.WarMojo.<init>(Unknown Source)
  while locating org.apache.maven.plugin.war.WarMojo

1 error
	at com.google.inject.internal.InternalProvisionException.toProvisionException(InternalProvisionException.java:226)
	at com.google.inject.internal.InjectorImpl$1.get(InjectorImpl.java:1053)
	at com.google.inject.internal.InjectorImpl.getInstance(InjectorImpl.java:1086)
	at org.eclipse.sisu.space.AbstractDeferredClass.get(AbstractDeferredClass.java:48)
	at com.google.inject.internal.ProviderInternalFactory.provision(ProviderInternalFactory.java:85)
	at com.google.inject.internal.InternalFactoryToInitializableAdapter.provision(InternalFactoryToInitializableAdapter.java:57)
	at com.google.inject.internal.ProviderInternalFactory$1.call(ProviderInternalFactory.java:66)
	at com.google.inject.internal.ProvisionListenerStackCallback$Provision.provision(ProvisionListenerStackCallback.java:112)
	at com.google.inject.internal.ProvisionListenerStackCallback$Provision.provision(ProvisionListenerStackCallback.java:127)
	at com.google.inject.internal.ProvisionListenerStackCallback.provision(ProvisionListenerStackCallback.java:66)
	at com.google.inject.internal.ProviderInternalFactory.circularGet(ProviderInternalFactory.java:61)
	at com.google.inject.internal.InternalFactoryToInitializableAdapter.get(InternalFactoryToInitializableAdapter.java:47)
	at com.google.inject.internal.InjectorImpl$1.get(InjectorImpl.java:1050)
	at org.eclipse.sisu.inject.Guice4$1.get(Guice4.java:162)
	at org.eclipse.sisu.inject.LazyBeanEntry.getValue(LazyBeanEntry.java:81)
	at org.eclipse.sisu.plexus.LazyPlexusBean.getValue(LazyPlexusBean.java:51)
	at org.codehaus.plexus.DefaultPlexusContainer.lookup(DefaultPlexusContainer.java:263)
	at org.codehaus.plexus.DefaultPlexusContainer.lookup(DefaultPlexusContainer.java:255)
	at org.apache.maven.plugin.internal.DefaultMavenPluginManager.getConfiguredMojo(DefaultMavenPluginManager.java:520)
	at org.eclipse.m2e.core.internal.embedder.MavenImpl.getConfiguredMojo(MavenImpl.java:359)
	at org.sonatype.m2e.mavenarchiver.internal.AbstractMavenArchiverConfigurator.reflectManifestGeneration(AbstractMavenArchiverConfigurator.java:469)
	at org.sonatype.m2e.mavenarchiver.internal.AbstractMavenArchiverConfigurator.generateManifest(AbstractMavenArchiverConfigurator.java:422)
	at org.sonatype.m2e.mavenarchiver.internal.AbstractMavenArchiverConfigurator.mavenProjectChanged(AbstractMavenArchiverConfigurator.java:227)
	at org.sonatype.m2e.mavenarchiver.internal.AbstractMavenArchiverConfigurator$1.build(AbstractMavenArchiverConfigurator.java:167)
	at org.eclipse.m2e.core.internal.builder.MavenBuilderImpl.build(MavenBuilderImpl.java:135)
	at org.eclipse.m2e.core.internal.builder.MavenBuilder$1.method(MavenBuilder.java:169)
	at org.eclipse.m2e.core.internal.builder.MavenBuilder$1.method(MavenBuilder.java:1)
	at org.eclipse.m2e.core.internal.builder.MavenBuilder$BuildMethod.lambda$1(MavenBuilder.java:114)
	at org.eclipse.m2e.core.internal.embedder.MavenExecutionContext.executeBare(MavenExecutionContext.java:182)
	at org.eclipse.m2e.core.internal.embedder.MavenExecutionContext.execute(MavenExecutionContext.java:117)
	at org.eclipse.m2e.core.internal.builder.MavenBuilder$BuildMethod.lambda$0(MavenBuilder.java:105)
	at org.eclipse.m2e.core.internal.embedder.MavenExecutionContext.executeBare(MavenExecutionContext.java:182)
	at org.eclipse.m2e.core.internal.embedder.MavenExecutionContext.execute(MavenExecutionContext.java:156)
	at org.eclipse.m2e.core.internal.embedder.MavenExecutionContext.execute(MavenExecutionContext.java:103)
	at org.eclipse.m2e.core.internal.builder.MavenBuilder$BuildMethod.execute(MavenBuilder.java:88)
	at org.eclipse.m2e.core.internal.builder.MavenBuilder.build(MavenBuilder.java:198)
	at org.eclipse.core.internal.events.BuildManager$2.run(BuildManager.java:860)
	at org.eclipse.core.runtime.SafeRunner.run(SafeRunner.java:45)
	at org.eclipse.core.internal.events.BuildManager.basicBuild(BuildManager.java:232)
	at org.eclipse.core.internal.events.BuildManager.basicBuild(BuildManager.java:281)
	at org.eclipse.core.internal.events.BuildManager$1.run(BuildManager.java:334)
	at org.eclipse.core.runtime.SafeRunner.run(SafeRunner.java:45)
	at org.eclipse.core.internal.events.BuildManager.basicBuild(BuildManager.java:337)
	at org.eclipse.core.internal.events.BuildManager.basicBuildLoop(BuildManager.java:392)
	at org.eclipse.core.internal.events.BuildManager.build(BuildManager.java:417)
	at org.eclipse.core.internal.events.AutoBuildJob.doBuild(AutoBuildJob.java:161)
	at org.eclipse.core.internal.events.AutoBuildJob.run(AutoBuildJob.java:255)
	at org.eclipse.core.internal.jobs.Worker.run(Worker.java:63)
Caused by: java.lang.NoClassDefFoundError: Could not initialize class org.apache.maven.plugin.war.util.WebappStructureSerializer
	at org.apache.maven.plugin.war.AbstractWarMojo.<init>(AbstractWarMojo.java:316)
	at org.apache.maven.plugin.war.WarMojo.<init>(WarMojo.java:49)
	at java.base/jdk.internal.reflect.NativeConstructorAccessorImpl.newInstance0(Native Method)
	at java.base/jdk.internal.reflect.NativeConstructorAccessorImpl.newInstance(NativeConstructorAccessorImpl.java:77)
	at java.base/jdk.internal.reflect.DelegatingConstructorAccessorImpl.newInstance(DelegatingConstructorAccessorImpl.java:45)
	at java.base/java.lang.reflect.Constructor.newInstanceWithCaller(Constructor.java:499)
	at java.base/java.lang.reflect.Constructor.newInstance(Constructor.java:480)
	at com.google.inject.internal.DefaultConstructionProxyFactory$ReflectiveProxy.newInstance(DefaultConstructionProxyFactory.java:126)
	at com.google.inject.internal.ConstructorInjector.provision(ConstructorInjector.java:114)
	at com.google.inject.internal.ConstructorInjector.access$000(ConstructorInjector.java:32)
	at com.google.inject.internal.ConstructorInjector$1.call(ConstructorInjector.java:98)
	at com.google.inject.internal.ProvisionListenerStackCallback$Provision.provision(ProvisionListenerStackCallback.java:112)
	at com.google.inject.internal.ProvisionListenerStackCallback$Provision.provision(ProvisionListenerStackCallback.java:127)
	at com.google.inject.internal.ProvisionListenerStackCallback.provision(ProvisionListenerStackCallback.java:66)
	at com.google.inject.internal.ConstructorInjector.construct(ConstructorInjector.java:93)
	at com.google.inject.internal.ConstructorBindingImpl$Factory.get(ConstructorBindingImpl.java:306)
	at com.google.inject.internal.InjectorImpl$1.get(InjectorImpl.java:1050)
	... 46 common frames omitted
2025-10-28 11:01:02,631 [Worker-16: Building] WARN  o.e.m.c.i.embedder.EclipseLogger - Using platform encoding (Cp1252 actually) to copy filtered resources, i.e. build is platform dependent!
2025-10-28 11:01:02,639 [Worker-16: Building] INFO  o.e.m.c.i.embedder.EclipseLogger - Copying 0 resource
2025-10-28 11:01:02,686 [Worker-16: Building] WARN  o.e.m.c.i.embedder.EclipseLogger - Using platform encoding (Cp1252 actually) to copy filtered resources, i.e. build is platform dependent!
2025-10-28 11:01:02,697 [Worker-16: Building] INFO  o.e.m.c.i.embedder.EclipseLogger - skip non existing resourceDirectory C:\Users\VEERESH K C\Servelet-Project-Workspace\com.demo\src\test\resources
2025-10-28 11:01:02,782 [Worker-16: Building] WARN  Sisu - Error injecting: org.apache.maven.plugin.war.WarMojo
com.google.inject.ProvisionException: Unable to provision, see the following errors:

1) Error injecting constructor, java.lang.NoClassDefFoundError: Could not initialize class org.apache.maven.plugin.war.util.WebappStructureSerializer
  at org.apache.maven.plugin.war.WarMojo.<init>(Unknown Source)
  while locating org.apache.maven.plugin.war.WarMojo

1 error
	at com.google.inject.internal.InternalProvisionException.toProvisionException(InternalProvisionException.java:226)
	at com.google.inject.internal.InjectorImpl$1.get(InjectorImpl.java:1053)
	at com.google.inject.internal.InjectorImpl.getInstance(InjectorImpl.java:1086)
	at org.eclipse.sisu.space.AbstractDeferredClass.get(AbstractDeferredClass.java:48)
	at com.google.inject.internal.ProviderInternalFactory.provision(ProviderInternalFactory.java:85)
	at com.google.inject.internal.InternalFactoryToInitializableAdapter.provision(InternalFactoryToInitializableAdapter.java:57)
	at com.google.inject.internal.ProviderInternalFactory$1.call(ProviderInternalFactory.java:66)
	at com.google.inject.internal.ProvisionListenerStackCallback$Provision.provision(ProvisionListenerStackCallback.java:112)
	at com.google.inject.internal.ProvisionListenerStackCallback$Provision.provision(ProvisionListenerStackCallback.java:127)
	at com.google.inject.internal.ProvisionListenerStackCallback.provision(ProvisionListenerStackCallback.java:66)
	at com.google.inject.internal.ProviderInternalFactory.circularGet(ProviderInternalFactory.java:61)
	at com.google.inject.internal.InternalFactoryToInitializableAdapter.get(InternalFactoryToInitializableAdapter.java:47)
	at com.google.inject.internal.InjectorImpl$1.get(InjectorImpl.java:1050)
	at org.eclipse.sisu.inject.Guice4$1.get(Guice4.java:162)
	at org.eclipse.sisu.inject.LazyBeanEntry.getValue(LazyBeanEntry.java:81)
	at org.eclipse.sisu.plexus.LazyPlexusBean.getValue(LazyPlexusBean.java:51)
	at org.codehaus.plexus.DefaultPlexusContainer.lookup(DefaultPlexusContainer.java:263)
	at org.codehaus.plexus.DefaultPlexusContainer.lookup(DefaultPlexusContainer.java:255)
	at org.apache.maven.plugin.internal.DefaultMavenPluginManager.getConfiguredMojo(DefaultMavenPluginManager.java:520)
	at org.eclipse.m2e.core.internal.embedder.MavenImpl.getConfiguredMojo(MavenImpl.java:359)
	at org.sonatype.m2e.mavenarchiver.internal.AbstractMavenArchiverConfigurator.reflectManifestGeneration(AbstractMavenArchiverConfigurator.java:469)
	at org.sonatype.m2e.mavenarchiver.internal.AbstractMavenArchiverConfigurator.generateManifest(AbstractMavenArchiverConfigurator.java:422)
	at org.sonatype.m2e.mavenarchiver.internal.AbstractMavenArchiverConfigurator.mavenProjectChanged(AbstractMavenArchiverConfigurator.java:227)
	at org.sonatype.m2e.mavenarchiver.internal.AbstractMavenArchiverConfigurator$1.build(AbstractMavenArchiverConfigurator.java:167)
	at org.eclipse.m2e.core.internal.builder.MavenBuilderImpl.build(MavenBuilderImpl.java:135)
	at org.eclipse.m2e.core.internal.builder.MavenBuilder$1.method(MavenBuilder.java:169)
	at org.eclipse.m2e.core.internal.builder.MavenBuilder$1.method(MavenBuilder.java:1)
	at org.eclipse.m2e.core.internal.builder.MavenBuilder$BuildMethod.lambda$1(MavenBuilder.java:114)
	at org.eclipse.m2e.core.internal.embedder.MavenExecutionContext.executeBare(MavenExecutionContext.java:182)
	at org.eclipse.m2e.core.internal.embedder.MavenExecutionContext.execute(MavenExecutionContext.java:117)
	at org.eclipse.m2e.core.internal.builder.MavenBuilder$BuildMethod.lambda$0(MavenBuilder.java:105)
	at org.eclipse.m2e.core.internal.embedder.MavenExecutionContext.executeBare(MavenExecutionContext.java:182)
	at org.eclipse.m2e.core.internal.embedder.MavenExecutionContext.execute(MavenExecutionContext.java:156)
	at org.eclipse.m2e.core.internal.embedder.MavenExecutionContext.execute(MavenExecutionContext.java:103)
	at org.eclipse.m2e.core.internal.builder.MavenBuilder$BuildMethod.execute(MavenBuilder.java:88)
	at org.eclipse.m2e.core.internal.builder.MavenBuilder.build(MavenBuilder.java:198)
	at org.eclipse.core.internal.events.BuildManager$2.run(BuildManager.java:860)
	at org.eclipse.core.runtime.SafeRunner.run(SafeRunner.java:45)
	at org.eclipse.core.internal.events.BuildManager.basicBuild(BuildManager.java:232)
	at org.eclipse.core.internal.events.BuildManager.basicBuild(BuildManager.java:281)
	at org.eclipse.core.internal.events.BuildManager$1.run(BuildManager.java:334)
	at org.eclipse.core.runtime.SafeRunner.run(SafeRunner.java:45)
	at org.eclipse.core.internal.events.BuildManager.basicBuild(BuildManager.java:337)
	at org.eclipse.core.internal.events.BuildManager.basicBuildLoop(BuildManager.java:392)
	at org.eclipse.core.internal.events.BuildManager.build(BuildManager.java:417)
	at org.eclipse.core.internal.events.AutoBuildJob.doBuild(AutoBuildJob.java:161)
	at org.eclipse.core.internal.events.AutoBuildJob.run(AutoBuildJob.java:255)
	at org.eclipse.core.internal.jobs.Worker.run(Worker.java:63)
Caused by: java.lang.NoClassDefFoundError: Could not initialize class org.apache.maven.plugin.war.util.WebappStructureSerializer
	at org.apache.maven.plugin.war.AbstractWarMojo.<init>(AbstractWarMojo.java:316)
	at org.apache.maven.plugin.war.WarMojo.<init>(WarMojo.java:49)
	at java.base/jdk.internal.reflect.NativeConstructorAccessorImpl.newInstance0(Native Method)
	at java.base/jdk.internal.reflect.NativeConstructorAccessorImpl.newInstance(NativeConstructorAccessorImpl.java:77)
	at java.base/jdk.internal.reflect.DelegatingConstructorAccessorImpl.newInstance(DelegatingConstructorAccessorImpl.java:45)
	at java.base/java.lang.reflect.Constructor.newInstanceWithCaller(Constructor.java:499)
	at java.base/java.lang.reflect.Constructor.newInstance(Constructor.java:480)
	at com.google.inject.internal.DefaultConstructionProxyFactory$ReflectiveProxy.newInstance(DefaultConstructionProxyFactory.java:126)
	at com.google.inject.internal.ConstructorInjector.provision(ConstructorInjector.java:114)
	at com.google.inject.internal.ConstructorInjector.access$000(ConstructorInjector.java:32)
	at com.google.inject.internal.ConstructorInjector$1.call(ConstructorInjector.java:98)
	at com.google.inject.internal.ProvisionListenerStackCallback$Provision.provision(ProvisionListenerStackCallback.java:112)
	at com.google.inject.internal.ProvisionListenerStackCallback$Provision.provision(ProvisionListenerStackCallback.java:127)
	at com.google.inject.internal.ProvisionListenerStackCallback.provision(ProvisionListenerStackCallback.java:66)
	at com.google.inject.internal.ConstructorInjector.construct(ConstructorInjector.java:93)
	at com.google.inject.internal.ConstructorBindingImpl$Factory.get(ConstructorBindingImpl.java:306)
	at com.google.inject.internal.InjectorImpl$1.get(InjectorImpl.java:1050)
	... 46 common frames omitted
2025-10-28 11:01:38,759 [Worker-20: Building] WARN  o.e.m.c.i.embedder.EclipseLogger - Using platform encoding (Cp1252 actually) to copy filtered resources, i.e. build is platform dependent!
2025-10-28 11:01:38,761 [Worker-20: Building] INFO  o.e.m.c.i.embedder.EclipseLogger - Copying 0 resource
2025-10-28 11:01:38,767 [Worker-20: Building] WARN  o.e.m.c.i.embedder.EclipseLogger - Using platform encoding (Cp1252 actually) to copy filtered resources, i.e. build is platform dependent!
2025-10-28 11:01:38,814 [Worker-20: Building] INFO  o.e.m.c.i.embedder.EclipseLogger - skip non existing resourceDirectory C:\Users\VEERESH K C\Servelet-Project-Workspace\com.demo\src\test\resources
2025-10-28 11:01:38,872 [Worker-20: Building] WARN  Sisu - Error injecting: org.apache.maven.plugin.war.WarMojo
com.google.inject.ProvisionException: Unable to provision, see the following errors:

1) Error injecting constructor, java.lang.NoClassDefFoundError: Could not initialize class org.apache.maven.plugin.war.util.WebappStructureSerializer
  at org.apache.maven.plugin.war.WarMojo.<init>(Unknown Source)
  while locating org.apache.maven.plugin.war.WarMojo

1 error
	at com.google.inject.internal.InternalProvisionException.toProvisionException(InternalProvisionException.java:226)
	at com.google.inject.internal.InjectorImpl$1.get(InjectorImpl.java:1053)
	at com.google.inject.internal.InjectorImpl.getInstance(InjectorImpl.java:1086)
	at org.eclipse.sisu.space.AbstractDeferredClass.get(AbstractDeferredClass.java:48)
	at com.google.inject.internal.ProviderInternalFactory.provision(ProviderInternalFactory.java:85)
	at com.google.inject.internal.InternalFactoryToInitializableAdapter.provision(InternalFactoryToInitializableAdapter.java:57)
	at com.google.inject.internal.ProviderInternalFactory$1.call(ProviderInternalFactory.java:66)
	at com.google.inject.internal.ProvisionListenerStackCallback$Provision.provision(ProvisionListenerStackCallback.java:112)
	at com.google.inject.internal.ProvisionListenerStackCallback$Provision.provision(ProvisionListenerStackCallback.java:127)
	at com.google.inject.internal.ProvisionListenerStackCallback.provision(ProvisionListenerStackCallback.java:66)
	at com.google.inject.internal.ProviderInternalFactory.circularGet(ProviderInternalFactory.java:61)
	at com.google.inject.internal.InternalFactoryToInitializableAdapter.get(InternalFactoryToInitializableAdapter.java:47)
	at com.google.inject.internal.InjectorImpl$1.get(InjectorImpl.java:1050)
	at org.eclipse.sisu.inject.Guice4$1.get(Guice4.java:162)
	at org.eclipse.sisu.inject.LazyBeanEntry.getValue(LazyBeanEntry.java:81)
	at org.eclipse.sisu.plexus.LazyPlexusBean.getValue(LazyPlexusBean.java:51)
	at org.codehaus.plexus.DefaultPlexusContainer.lookup(DefaultPlexusContainer.java:263)
	at org.codehaus.plexus.DefaultPlexusContainer.lookup(DefaultPlexusContainer.java:255)
	at org.apache.maven.plugin.internal.DefaultMavenPluginManager.getConfiguredMojo(DefaultMavenPluginManager.java:520)
	at org.eclipse.m2e.core.internal.embedder.MavenImpl.getConfiguredMojo(MavenImpl.java:359)
	at org.sonatype.m2e.mavenarchiver.internal.AbstractMavenArchiverConfigurator.reflectManifestGeneration(AbstractMavenArchiverConfigurator.java:469)
	at org.sonatype.m2e.mavenarchiver.internal.AbstractMavenArchiverConfigurator.generateManifest(AbstractMavenArchiverConfigurator.java:422)
	at org.sonatype.m2e.mavenarchiver.internal.AbstractMavenArchiverConfigurator.mavenProjectChanged(AbstractMavenArchiverConfigurator.java:227)
	at org.sonatype.m2e.mavenarchiver.internal.AbstractMavenArchiverConfigurator$1.build(AbstractMavenArchiverConfigurator.java:167)
	at org.eclipse.m2e.core.internal.builder.MavenBuilderImpl.build(MavenBuilderImpl.java:135)
	at org.eclipse.m2e.core.internal.builder.MavenBuilder$1.method(MavenBuilder.java:169)
	at org.eclipse.m2e.core.internal.builder.MavenBuilder$1.method(MavenBuilder.java:1)
	at org.eclipse.m2e.core.internal.builder.MavenBuilder$BuildMethod.lambda$1(MavenBuilder.java:114)
	at org.eclipse.m2e.core.internal.embedder.MavenExecutionContext.executeBare(MavenExecutionContext.java:182)
	at org.eclipse.m2e.core.internal.embedder.MavenExecutionContext.execute(MavenExecutionContext.java:117)
	at org.eclipse.m2e.core.internal.builder.MavenBuilder$BuildMethod.lambda$0(MavenBuilder.java:105)
	at org.eclipse.m2e.core.internal.embedder.MavenExecutionContext.executeBare(MavenExecutionContext.java:182)
	at org.eclipse.m2e.core.internal.embedder.MavenExecutionContext.execute(MavenExecutionContext.java:156)
	at org.eclipse.m2e.core.internal.embedder.MavenExecutionContext.execute(MavenExecutionContext.java:103)
	at org.eclipse.m2e.core.internal.builder.MavenBuilder$BuildMethod.execute(MavenBuilder.java:88)
	at org.eclipse.m2e.core.internal.builder.MavenBuilder.build(MavenBuilder.java:198)
	at org.eclipse.core.internal.events.BuildManager$2.run(BuildManager.java:860)
	at org.eclipse.core.runtime.SafeRunner.run(SafeRunner.java:45)
	at org.eclipse.core.internal.events.BuildManager.basicBuild(BuildManager.java:232)
	at org.eclipse.core.internal.events.BuildManager.basicBuild(BuildManager.java:281)
	at org.eclipse.core.internal.events.BuildManager$1.run(BuildManager.java:334)
	at org.eclipse.core.runtime.SafeRunner.run(SafeRunner.java:45)
	at org.eclipse.core.internal.events.BuildManager.basicBuild(BuildManager.java:337)
	at org.eclipse.core.internal.events.BuildManager.basicBuildLoop(BuildManager.java:392)
	at org.eclipse.core.internal.events.BuildManager.build(BuildManager.java:417)
	at org.eclipse.core.internal.events.AutoBuildJob.doBuild(AutoBuildJob.java:161)
	at org.eclipse.core.internal.events.AutoBuildJob.run(AutoBuildJob.java:255)
	at org.eclipse.core.internal.jobs.Worker.run(Worker.java:63)
Caused by: java.lang.NoClassDefFoundError: Could not initialize class org.apache.maven.plugin.war.util.WebappStructureSerializer
	at org.apache.maven.plugin.war.AbstractWarMojo.<init>(AbstractWarMojo.java:316)
	at org.apache.maven.plugin.war.WarMojo.<init>(WarMojo.java:49)
	at java.base/jdk.internal.reflect.NativeConstructorAccessorImpl.newInstance0(Native Method)
	at java.base/jdk.internal.reflect.NativeConstructorAccessorImpl.newInstance(NativeConstructorAccessorImpl.java:77)
	at java.base/jdk.internal.reflect.DelegatingConstructorAccessorImpl.newInstance(DelegatingConstructorAccessorImpl.java:45)
	at java.base/java.lang.reflect.Constructor.newInstanceWithCaller(Constructor.java:499)
	at java.base/java.lang.reflect.Constructor.newInstance(Constructor.java:480)
	at com.google.inject.internal.DefaultConstructionProxyFactory$ReflectiveProxy.newInstance(DefaultConstructionProxyFactory.java:126)
	at com.google.inject.internal.ConstructorInjector.provision(ConstructorInjector.java:114)
	at com.google.inject.internal.ConstructorInjector.access$000(ConstructorInjector.java:32)
	at com.google.inject.internal.ConstructorInjector$1.call(ConstructorInjector.java:98)
	at com.google.inject.internal.ProvisionListenerStackCallback$Provision.provision(ProvisionListenerStackCallback.java:112)
	at com.google.inject.internal.ProvisionListenerStackCallback$Provision.provision(ProvisionListenerStackCallback.java:127)
	at com.google.inject.internal.ProvisionListenerStackCallback.provision(ProvisionListenerStackCallback.java:66)
	at com.google.inject.internal.ConstructorInjector.construct(ConstructorInjector.java:93)
	at com.google.inject.internal.ConstructorBindingImpl$Factory.get(ConstructorBindingImpl.java:306)
	at com.google.inject.internal.InjectorImpl$1.get(InjectorImpl.java:1050)
	... 46 common frames omitted
2025-10-28 19:26:47,187 [Worker-5: Loading available Gradle versions] INFO  o.e.b.c.i.u.g.PublishedGradleVersions - Gradle version information cache is up-to-date. Trying to read.
2025-10-28 21:04:20,616 [Worker-8: Loading available Gradle versions] INFO  o.e.b.c.i.u.g.PublishedGradleVersions - Gradle version information cache is up-to-date. Trying to read.
2025-10-28 21:05:50,441 [Worker-13: Creating maven-archetype-webapp] INFO  o.e.m.c.i.p.ProjectConfigurationManager - Collecting project info '/pom.xml' C:\Users\VEERESH K C\Servelet-Project-Workspace\com.demo\pom.xml
2025-10-28 21:05:51,720 [Worker-13: Creating maven-archetype-webapp] INFO  o.e.m.c.i.l.LifecycleMappingFactory - Using org.maven.ide.eclipse.wtp.WarLifecycleMapping lifecycle mapping for MavenProject: EmployeeCRUD:com.demo:0.0.1-SNAPSHOT @ C:\Users\VEERESH K C\Servelet-Project-Workspace\com.demo\pom.xml.
2025-10-28 21:05:53,094 [Worker-13: Creating maven-archetype-webapp] WARN  Sisu - Error injecting: org.apache.maven.plugin.war.WarMojo
com.google.inject.ProvisionException: Unable to provision, see the following errors:

1) Error injecting constructor, java.lang.ExceptionInInitializerError: Cannot access defaults field of Properties
  at org.apache.maven.plugin.war.WarMojo.<init>(Unknown Source)
  while locating org.apache.maven.plugin.war.WarMojo

1 error
	at com.google.inject.internal.InternalProvisionException.toProvisionException(InternalProvisionException.java:226)
	at com.google.inject.internal.InjectorImpl$1.get(InjectorImpl.java:1053)
	at com.google.inject.internal.InjectorImpl.getInstance(InjectorImpl.java:1086)
	at org.eclipse.sisu.space.AbstractDeferredClass.get(AbstractDeferredClass.java:48)
	at com.google.inject.internal.ProviderInternalFactory.provision(ProviderInternalFactory.java:85)
	at com.google.inject.internal.InternalFactoryToInitializableAdapter.provision(InternalFactoryToInitializableAdapter.java:57)
	at com.google.inject.internal.ProviderInternalFactory$1.call(ProviderInternalFactory.java:66)
	at com.google.inject.internal.ProvisionListenerStackCallback$Provision.provision(ProvisionListenerStackCallback.java:112)
	at com.google.inject.internal.ProvisionListenerStackCallback$Provision.provision(ProvisionListenerStackCallback.java:127)
	at com.google.inject.internal.ProvisionListenerStackCallback.provision(ProvisionListenerStackCallback.java:66)
	at com.google.inject.internal.ProviderInternalFactory.circularGet(ProviderInternalFactory.java:61)
	at com.google.inject.internal.InternalFactoryToInitializableAdapter.get(InternalFactoryToInitializableAdapter.java:47)
	at com.google.inject.internal.InjectorImpl$1.get(InjectorImpl.java:1050)
	at org.eclipse.sisu.inject.Guice4$1.get(Guice4.java:162)
	at org.eclipse.sisu.inject.LazyBeanEntry.getValue(LazyBeanEntry.java:81)
	at org.eclipse.sisu.plexus.LazyPlexusBean.getValue(LazyPlexusBean.java:51)
	at org.codehaus.plexus.DefaultPlexusContainer.lookup(DefaultPlexusContainer.java:263)
	at org.codehaus.plexus.DefaultPlexusContainer.lookup(DefaultPlexusContainer.java:255)
	at org.apache.maven.plugin.internal.DefaultMavenPluginManager.getConfiguredMojo(DefaultMavenPluginManager.java:520)
	at org.eclipse.m2e.core.internal.embedder.MavenImpl.getConfiguredMojo(MavenImpl.java:359)
	at org.sonatype.m2e.mavenarchiver.internal.AbstractMavenArchiverConfigurator.reflectManifestGeneration(AbstractMavenArchiverConfigurator.java:469)
	at org.sonatype.m2e.mavenarchiver.internal.AbstractMavenArchiverConfigurator.generateManifest(AbstractMavenArchiverConfigurator.java:422)
	at org.sonatype.m2e.mavenarchiver.internal.AbstractMavenArchiverConfigurator.mavenProjectChanged(AbstractMavenArchiverConfigurator.java:227)
	at org.eclipse.m2e.wtp.mavenarchiver.AbstractWTPArchiverConfigurator.mavenProjectChanged(AbstractWTPArchiverConfigurator.java:56)
	at org.eclipse.m2e.core.internal.project.ProjectConfigurationManager.mavenProjectChanged(ProjectConfigurationManager.java:1056)
	at org.eclipse.m2e.core.internal.project.registry.ProjectRegistryManager.notifyProjectChangeListeners(ProjectRegistryManager.java:806)
	at org.eclipse.m2e.core.internal.project.registry.ProjectRegistryManager.applyMutableProjectRegistry(ProjectRegistryManager.java:972)
	at org.eclipse.m2e.core.internal.project.registry.ProjectRegistryManager.refresh(ProjectRegistryManager.java:305)
	at org.eclipse.m2e.core.internal.project.ProjectConfigurationManager.configureNewMavenProjects(ProjectConfigurationManager.java:269)
	at org.eclipse.m2e.core.internal.project.ProjectConfigurationManager.lambda$0(ProjectConfigurationManager.java:178)
	at org.eclipse.m2e.core.internal.embedder.MavenExecutionContext.executeBare(MavenExecutionContext.java:182)
	at org.eclipse.m2e.core.internal.embedder.MavenExecutionContext.execute(MavenExecutionContext.java:117)
	at org.eclipse.m2e.core.internal.embedder.MavenExecutionContext.execute(MavenExecutionContext.java:103)
	at org.eclipse.m2e.core.internal.embedder.MavenImpl.execute(MavenImpl.java:1416)
	at org.eclipse.m2e.core.internal.project.ProjectConfigurationManager.importProjects(ProjectConfigurationManager.java:148)
	at org.eclipse.m2e.core.internal.project.ProjectConfigurationManager.createArchetypeProjects0(ProjectConfigurationManager.java:875)
	at org.eclipse.m2e.core.internal.project.ProjectConfigurationManager.lambda$3(ProjectConfigurationManager.java:806)
	at org.eclipse.m2e.core.internal.embedder.MavenExecutionContext.executeBare(MavenExecutionContext.java:182)
	at org.eclipse.m2e.core.internal.embedder.MavenExecutionContext.execute(MavenExecutionContext.java:156)
	at org.eclipse.m2e.core.internal.embedder.MavenExecutionContext.execute(MavenExecutionContext.java:103)
	at org.eclipse.m2e.core.internal.embedder.MavenImpl.execute(MavenImpl.java:1416)
	at org.eclipse.m2e.core.internal.project.ProjectConfigurationManager.createArchetypeProjects(ProjectConfigurationManager.java:806)
	at org.eclipse.m2e.core.ui.internal.wizards.MavenProjectWizard$3.doCreateMavenProjects(MavenProjectWizard.java:236)
	at org.eclipse.m2e.core.ui.internal.wizards.AbstractCreateMavenProjectJob$1.doCreateMavenProjects(AbstractCreateMavenProjectJob.java:65)
	at org.eclipse.m2e.core.ui.internal.wizards.AbstractCreateMavenProjectsOperation.run(AbstractCreateMavenProjectsOperation.java:76)
	at org.eclipse.m2e.core.ui.internal.wizards.AbstractCreateMavenProjectJob.runInWorkspace(AbstractCreateMavenProjectJob.java:69)
	at org.eclipse.core.internal.resources.InternalWorkspaceJob.run(InternalWorkspaceJob.java:42)
	at org.eclipse.core.internal.jobs.Worker.run(Worker.java:63)
Caused by: java.lang.ExceptionInInitializerError: Cannot access defaults field of Properties
	at com.thoughtworks.xstream.converters.collections.PropertiesConverter.<clinit>(PropertiesConverter.java:46)
	at com.thoughtworks.xstream.XStream.setupConverters(XStream.java:647)
	at com.thoughtworks.xstream.XStream.<init>(XStream.java:445)
	at com.thoughtworks.xstream.XStream.<init>(XStream.java:385)
	at com.thoughtworks.xstream.XStream.<init>(XStream.java:342)
	at org.apache.maven.plugin.war.util.WebappStructureSerializer.<clinit>(WebappStructureSerializer.java:47)
	at org.apache.maven.plugin.war.AbstractWarMojo.<init>(AbstractWarMojo.java:316)
	at org.apache.maven.plugin.war.WarMojo.<init>(WarMojo.java:49)
	at java.base/jdk.internal.reflect.NativeConstructorAccessorImpl.newInstance0(Native Method)
	at java.base/jdk.internal.reflect.NativeConstructorAccessorImpl.newInstance(NativeConstructorAccessorImpl.java:77)
	at java.base/jdk.internal.reflect.DelegatingConstructorAccessorImpl.newInstance(DelegatingConstructorAccessorImpl.java:45)
	at java.base/java.lang.reflect.Constructor.newInstanceWithCaller(Constructor.java:499)
	at java.base/java.lang.reflect.Constructor.newInstance(Constructor.java:480)
	at com.google.inject.internal.DefaultConstructionProxyFactory$ReflectiveProxy.newInstance(DefaultConstructionProxyFactory.java:126)
	at com.google.inject.internal.ConstructorInjector.provision(ConstructorInjector.java:114)
	at com.google.inject.internal.ConstructorInjector.access$000(ConstructorInjector.java:32)
	at com.google.inject.internal.ConstructorInjector$1.call(ConstructorInjector.java:98)
	at com.google.inject.internal.ProvisionListenerStackCallback$Provision.provision(ProvisionListenerStackCallback.java:112)
	at com.google.inject.internal.ProvisionListenerStackCallback$Provision.provision(ProvisionListenerStackCallback.java:127)
	at com.google.inject.internal.ProvisionListenerStackCallback.provision(ProvisionListenerStackCallback.java:66)
	at com.google.inject.internal.ConstructorInjector.construct(ConstructorInjector.java:93)
	at com.google.inject.internal.ConstructorBindingImpl$Factory.get(ConstructorBindingImpl.java:306)
	at com.google.inject.internal.InjectorImpl$1.get(InjectorImpl.java:1050)
	... 46 common frames omitted
2025-10-28 21:05:53,397 [Worker-13: Creating maven-archetype-webapp] INFO  o.e.m.j.i.AbstractJavaProjectConfigurator - Adding source folder /com.demo/src/main/java
2025-10-28 21:05:53,398 [Worker-13: Creating maven-archetype-webapp] INFO  o.e.m.j.i.AbstractJavaProjectConfigurator - Adding resource folder /com.demo/src/main/resources
2025-10-28 21:05:53,399 [Worker-13: Creating maven-archetype-webapp] INFO  o.e.m.j.i.AbstractJavaProjectConfigurator - Adding source folder /com.demo/src/test/java
2025-10-28 21:05:55,629 [Worker-13: Creating maven-archetype-webapp] INFO  o.e.m.c.i.p.ProjectConfigurationManager - Imported and configured 1 project(s) in 5 sec
2025-10-28 21:05:56,731 [Worker-8: Building] WARN  o.e.m.c.i.embedder.EclipseLogger - Using platform encoding (Cp1252 actually) to copy filtered resources, i.e. build is platform dependent!
2025-10-28 21:05:56,746 [Worker-8: Building] INFO  o.e.m.c.i.embedder.EclipseLogger - Copying 0 resource
2025-10-28 21:05:56,752 [Worker-8: Building] WARN  o.e.m.c.i.embedder.EclipseLogger - Using platform encoding (Cp1252 actually) to copy filtered resources, i.e. build is platform dependent!
2025-10-28 21:05:56,754 [Worker-8: Building] INFO  o.e.m.c.i.embedder.EclipseLogger - skip non existing resourceDirectory C:\Users\VEERESH K C\Servelet-Project-Workspace\com.demo\src\test\resources
2025-10-28 21:05:56,768 [Worker-8: Building] WARN  Sisu - Error injecting: org.apache.maven.plugin.war.WarMojo
com.google.inject.ProvisionException: Unable to provision, see the following errors:

1) Error injecting constructor, java.lang.NoClassDefFoundError: Could not initialize class org.apache.maven.plugin.war.util.WebappStructureSerializer
  at org.apache.maven.plugin.war.WarMojo.<init>(Unknown Source)
  while locating org.apache.maven.plugin.war.WarMojo

1 error
	at com.google.inject.internal.InternalProvisionException.toProvisionException(InternalProvisionException.java:226)
	at com.google.inject.internal.InjectorImpl$1.get(InjectorImpl.java:1053)
	at com.google.inject.internal.InjectorImpl.getInstance(InjectorImpl.java:1086)
	at org.eclipse.sisu.space.AbstractDeferredClass.get(AbstractDeferredClass.java:48)
	at com.google.inject.internal.ProviderInternalFactory.provision(ProviderInternalFactory.java:85)
	at com.google.inject.internal.InternalFactoryToInitializableAdapter.provision(InternalFactoryToInitializableAdapter.java:57)
	at com.google.inject.internal.ProviderInternalFactory$1.call(ProviderInternalFactory.java:66)
	at com.google.inject.internal.ProvisionListenerStackCallback$Provision.provision(ProvisionListenerStackCallback.java:112)
	at com.google.inject.internal.ProvisionListenerStackCallback$Provision.provision(ProvisionListenerStackCallback.java:127)
	at com.google.inject.internal.ProvisionListenerStackCallback.provision(ProvisionListenerStackCallback.java:66)
	at com.google.inject.internal.ProviderInternalFactory.circularGet(ProviderInternalFactory.java:61)
	at com.google.inject.internal.InternalFactoryToInitializableAdapter.get(InternalFactoryToInitializableAdapter.java:47)
	at com.google.inject.internal.InjectorImpl$1.get(InjectorImpl.java:1050)
	at org.eclipse.sisu.inject.Guice4$1.get(Guice4.java:162)
	at org.eclipse.sisu.inject.LazyBeanEntry.getValue(LazyBeanEntry.java:81)
	at org.eclipse.sisu.plexus.LazyPlexusBean.getValue(LazyPlexusBean.java:51)
	at org.codehaus.plexus.DefaultPlexusContainer.lookup(DefaultPlexusContainer.java:263)
	at org.codehaus.plexus.DefaultPlexusContainer.lookup(DefaultPlexusContainer.java:255)
	at org.apache.maven.plugin.internal.DefaultMavenPluginManager.getConfiguredMojo(DefaultMavenPluginManager.java:520)
	at org.eclipse.m2e.core.internal.embedder.MavenImpl.getConfiguredMojo(MavenImpl.java:359)
	at org.sonatype.m2e.mavenarchiver.internal.AbstractMavenArchiverConfigurator.reflectManifestGeneration(AbstractMavenArchiverConfigurator.java:469)
	at org.sonatype.m2e.mavenarchiver.internal.AbstractMavenArchiverConfigurator.generateManifest(AbstractMavenArchiverConfigurator.java:422)
	at org.sonatype.m2e.mavenarchiver.internal.AbstractMavenArchiverConfigurator.mavenProjectChanged(AbstractMavenArchiverConfigurator.java:227)
	at org.sonatype.m2e.mavenarchiver.internal.AbstractMavenArchiverConfigurator$1.build(AbstractMavenArchiverConfigurator.java:167)
	at org.eclipse.m2e.core.internal.builder.MavenBuilderImpl.build(MavenBuilderImpl.java:135)
	at org.eclipse.m2e.core.internal.builder.MavenBuilder$1.method(MavenBuilder.java:169)
	at org.eclipse.m2e.core.internal.builder.MavenBuilder$1.method(MavenBuilder.java:1)
	at org.eclipse.m2e.core.internal.builder.MavenBuilder$BuildMethod.lambda$1(MavenBuilder.java:114)
	at org.eclipse.m2e.core.internal.embedder.MavenExecutionContext.executeBare(MavenExecutionContext.java:182)
	at org.eclipse.m2e.core.internal.embedder.MavenExecutionContext.execute(MavenExecutionContext.java:117)
	at org.eclipse.m2e.core.internal.builder.MavenBuilder$BuildMethod.lambda$0(MavenBuilder.java:105)
	at org.eclipse.m2e.core.internal.embedder.MavenExecutionContext.executeBare(MavenExecutionContext.java:182)
	at org.eclipse.m2e.core.internal.embedder.MavenExecutionContext.execute(MavenExecutionContext.java:156)
	at org.eclipse.m2e.core.internal.embedder.MavenExecutionContext.execute(MavenExecutionContext.java:103)
	at org.eclipse.m2e.core.internal.builder.MavenBuilder$BuildMethod.execute(MavenBuilder.java:88)
	at org.eclipse.m2e.core.internal.builder.MavenBuilder.build(MavenBuilder.java:198)
	at org.eclipse.core.internal.events.BuildManager$2.run(BuildManager.java:860)
	at org.eclipse.core.runtime.SafeRunner.run(SafeRunner.java:45)
	at org.eclipse.core.internal.events.BuildManager.basicBuild(BuildManager.java:232)
	at org.eclipse.core.internal.events.BuildManager.basicBuild(BuildManager.java:281)
	at org.eclipse.core.internal.events.BuildManager$1.run(BuildManager.java:334)
	at org.eclipse.core.runtime.SafeRunner.run(SafeRunner.java:45)
	at org.eclipse.core.internal.events.BuildManager.basicBuild(BuildManager.java:337)
	at org.eclipse.core.internal.events.BuildManager.basicBuildLoop(BuildManager.java:392)
	at org.eclipse.core.internal.events.BuildManager.build(BuildManager.java:417)
	at org.eclipse.core.internal.events.AutoBuildJob.doBuild(AutoBuildJob.java:161)
	at org.eclipse.core.internal.events.AutoBuildJob.run(AutoBuildJob.java:255)
	at org.eclipse.core.internal.jobs.Worker.run(Worker.java:63)
Caused by: java.lang.NoClassDefFoundError: Could not initialize class org.apache.maven.plugin.war.util.WebappStructureSerializer
	at org.apache.maven.plugin.war.AbstractWarMojo.<init>(AbstractWarMojo.java:316)
	at org.apache.maven.plugin.war.WarMojo.<init>(WarMojo.java:49)
	at java.base/jdk.internal.reflect.NativeConstructorAccessorImpl.newInstance0(Native Method)
	at java.base/jdk.internal.reflect.NativeConstructorAccessorImpl.newInstance(NativeConstructorAccessorImpl.java:77)
	at java.base/jdk.internal.reflect.DelegatingConstructorAccessorImpl.newInstance(DelegatingConstructorAccessorImpl.java:45)
	at java.base/java.lang.reflect.Constructor.newInstanceWithCaller(Constructor.java:499)
	at java.base/java.lang.reflect.Constructor.newInstance(Constructor.java:480)
	at com.google.inject.internal.DefaultConstructionProxyFactory$ReflectiveProxy.newInstance(DefaultConstructionProxyFactory.java:126)
	at com.google.inject.internal.ConstructorInjector.provision(ConstructorInjector.java:114)
	at com.google.inject.internal.ConstructorInjector.access$000(ConstructorInjector.java:32)
	at com.google.inject.internal.ConstructorInjector$1.call(ConstructorInjector.java:98)
	at com.google.inject.internal.ProvisionListenerStackCallback$Provision.provision(ProvisionListenerStackCallback.java:112)
	at com.google.inject.internal.ProvisionListenerStackCallback$Provision.provision(ProvisionListenerStackCallback.java:127)
	at com.google.inject.internal.ProvisionListenerStackCallback.provision(ProvisionListenerStackCallback.java:66)
	at com.google.inject.internal.ConstructorInjector.construct(ConstructorInjector.java:93)
	at com.google.inject.internal.ConstructorBindingImpl$Factory.get(ConstructorBindingImpl.java:306)
	at com.google.inject.internal.InjectorImpl$1.get(InjectorImpl.java:1050)
	... 46 common frames omitted
2025-10-28 21:06:58,981 [Worker-11: Building] WARN  o.e.m.c.i.embedder.EclipseLogger - Using platform encoding (Cp1252 actually) to copy filtered resources, i.e. build is platform dependent!
2025-10-28 21:06:58,986 [Worker-11: Building] INFO  o.e.m.c.i.embedder.EclipseLogger - Copying 0 resource
2025-10-28 21:06:58,989 [Worker-11: Building] WARN  o.e.m.c.i.embedder.EclipseLogger - Using platform encoding (Cp1252 actually) to copy filtered resources, i.e. build is platform dependent!
2025-10-28 21:06:58,991 [Worker-11: Building] INFO  o.e.m.c.i.embedder.EclipseLogger - skip non existing resourceDirectory C:\Users\VEERESH K C\Servelet-Project-Workspace\com.demo\src\test\resources
2025-10-28 21:06:59,009 [Worker-11: Building] WARN  Sisu - Error injecting: org.apache.maven.plugin.war.WarMojo
com.google.inject.ProvisionException: Unable to provision, see the following errors:

1) Error injecting constructor, java.lang.NoClassDefFoundError: Could not initialize class org.apache.maven.plugin.war.util.WebappStructureSerializer
  at org.apache.maven.plugin.war.WarMojo.<init>(Unknown Source)
  while locating org.apache.maven.plugin.war.WarMojo

1 error
	at com.google.inject.internal.InternalProvisionException.toProvisionException(InternalProvisionException.java:226)
	at com.google.inject.internal.InjectorImpl$1.get(InjectorImpl.java:1053)
	at com.google.inject.internal.InjectorImpl.getInstance(InjectorImpl.java:1086)
	at org.eclipse.sisu.space.AbstractDeferredClass.get(AbstractDeferredClass.java:48)
	at com.google.inject.internal.ProviderInternalFactory.provision(ProviderInternalFactory.java:85)
	at com.google.inject.internal.InternalFactoryToInitializableAdapter.provision(InternalFactoryToInitializableAdapter.java:57)
	at com.google.inject.internal.ProviderInternalFactory$1.call(ProviderInternalFactory.java:66)
	at com.google.inject.internal.ProvisionListenerStackCallback$Provision.provision(ProvisionListenerStackCallback.java:112)
	at com.google.inject.internal.ProvisionListenerStackCallback$Provision.provision(ProvisionListenerStackCallback.java:127)
	at com.google.inject.internal.ProvisionListenerStackCallback.provision(ProvisionListenerStackCallback.java:66)
	at com.google.inject.internal.ProviderInternalFactory.circularGet(ProviderInternalFactory.java:61)
	at com.google.inject.internal.InternalFactoryToInitializableAdapter.get(InternalFactoryToInitializableAdapter.java:47)
	at com.google.inject.internal.InjectorImpl$1.get(InjectorImpl.java:1050)
	at org.eclipse.sisu.inject.Guice4$1.get(Guice4.java:162)
	at org.eclipse.sisu.inject.LazyBeanEntry.getValue(LazyBeanEntry.java:81)
	at org.eclipse.sisu.plexus.LazyPlexusBean.getValue(LazyPlexusBean.java:51)
	at org.codehaus.plexus.DefaultPlexusContainer.lookup(DefaultPlexusContainer.java:263)
	at org.codehaus.plexus.DefaultPlexusContainer.lookup(DefaultPlexusContainer.java:255)
	at org.apache.maven.plugin.internal.DefaultMavenPluginManager.getConfiguredMojo(DefaultMavenPluginManager.java:520)
	at org.eclipse.m2e.core.internal.embedder.MavenImpl.getConfiguredMojo(MavenImpl.java:359)
	at org.sonatype.m2e.mavenarchiver.internal.AbstractMavenArchiverConfigurator.reflectManifestGeneration(AbstractMavenArchiverConfigurator.java:469)
	at org.sonatype.m2e.mavenarchiver.internal.AbstractMavenArchiverConfigurator.generateManifest(AbstractMavenArchiverConfigurator.java:422)
	at org.sonatype.m2e.mavenarchiver.internal.AbstractMavenArchiverConfigurator.mavenProjectChanged(AbstractMavenArchiverConfigurator.java:227)
	at org.sonatype.m2e.mavenarchiver.internal.AbstractMavenArchiverConfigurator$1.build(AbstractMavenArchiverConfigurator.java:167)
	at org.eclipse.m2e.core.internal.builder.MavenBuilderImpl.build(MavenBuilderImpl.java:135)
	at org.eclipse.m2e.core.internal.builder.MavenBuilder$1.method(MavenBuilder.java:169)
	at org.eclipse.m2e.core.internal.builder.MavenBuilder$1.method(MavenBuilder.java:1)
	at org.eclipse.m2e.core.internal.builder.MavenBuilder$BuildMethod.lambda$1(MavenBuilder.java:114)
	at org.eclipse.m2e.core.internal.embedder.MavenExecutionContext.executeBare(MavenExecutionContext.java:182)
	at org.eclipse.m2e.core.internal.embedder.MavenExecutionContext.execute(MavenExecutionContext.java:117)
	at org.eclipse.m2e.core.internal.builder.MavenBuilder$BuildMethod.lambda$0(MavenBuilder.java:105)
	at org.eclipse.m2e.core.internal.embedder.MavenExecutionContext.executeBare(MavenExecutionContext.java:182)
	at org.eclipse.m2e.core.internal.embedder.MavenExecutionContext.execute(MavenExecutionContext.java:156)
	at org.eclipse.m2e.core.internal.embedder.MavenExecutionContext.execute(MavenExecutionContext.java:103)
	at org.eclipse.m2e.core.internal.builder.MavenBuilder$BuildMethod.execute(MavenBuilder.java:88)
	at org.eclipse.m2e.core.internal.builder.MavenBuilder.build(MavenBuilder.java:198)
	at org.eclipse.core.internal.events.BuildManager$2.run(BuildManager.java:860)
	at org.eclipse.core.runtime.SafeRunner.run(SafeRunner.java:45)
	at org.eclipse.core.internal.events.BuildManager.basicBuild(BuildManager.java:232)
	at org.eclipse.core.internal.events.BuildManager.basicBuild(BuildManager.java:281)
	at org.eclipse.core.internal.events.BuildManager$1.run(BuildManager.java:334)
	at org.eclipse.core.runtime.SafeRunner.run(SafeRunner.java:45)
	at org.eclipse.core.internal.events.BuildManager.basicBuild(BuildManager.java:337)
	at org.eclipse.core.internal.events.BuildManager.basicBuildLoop(BuildManager.java:392)
	at org.eclipse.core.internal.events.BuildManager.build(BuildManager.java:417)
	at org.eclipse.core.internal.events.AutoBuildJob.doBuild(AutoBuildJob.java:161)
	at org.eclipse.core.internal.events.AutoBuildJob.run(AutoBuildJob.java:255)
	at org.eclipse.core.internal.jobs.Worker.run(Worker.java:63)
Caused by: java.lang.NoClassDefFoundError: Could not initialize class org.apache.maven.plugin.war.util.WebappStructureSerializer
	at org.apache.maven.plugin.war.AbstractWarMojo.<init>(AbstractWarMojo.java:316)
	at org.apache.maven.plugin.war.WarMojo.<init>(WarMojo.java:49)
	at java.base/jdk.internal.reflect.NativeConstructorAccessorImpl.newInstance0(Native Method)
	at java.base/jdk.internal.reflect.NativeConstructorAccessorImpl.newInstance(NativeConstructorAccessorImpl.java:77)
	at java.base/jdk.internal.reflect.DelegatingConstructorAccessorImpl.newInstance(DelegatingConstructorAccessorImpl.java:45)
	at java.base/java.lang.reflect.Constructor.newInstanceWithCaller(Constructor.java:499)
	at java.base/java.lang.reflect.Constructor.newInstance(Constructor.java:480)
	at com.google.inject.internal.DefaultConstructionProxyFactory$ReflectiveProxy.newInstance(DefaultConstructionProxyFactory.java:126)
	at com.google.inject.internal.ConstructorInjector.provision(ConstructorInjector.java:114)
	at com.google.inject.internal.ConstructorInjector.access$000(ConstructorInjector.java:32)
	at com.google.inject.internal.ConstructorInjector$1.call(ConstructorInjector.java:98)
	at com.google.inject.internal.ProvisionListenerStackCallback$Provision.provision(ProvisionListenerStackCallback.java:112)
	at com.google.inject.internal.ProvisionListenerStackCallback$Provision.provision(ProvisionListenerStackCallback.java:127)
	at com.google.inject.internal.ProvisionListenerStackCallback.provision(ProvisionListenerStackCallback.java:66)
	at com.google.inject.internal.ConstructorInjector.construct(ConstructorInjector.java:93)
	at com.google.inject.internal.ConstructorBindingImpl$Factory.get(ConstructorBindingImpl.java:306)
	at com.google.inject.internal.InjectorImpl$1.get(InjectorImpl.java:1050)
	... 46 common frames omitted
2025-10-28 21:10:40,687 [Worker-7: Building] INFO  o.e.m.c.i.l.LifecycleMappingFactory - Using org.maven.ide.eclipse.wtp.WarLifecycleMapping lifecycle mapping for MavenProject: EmployeeCRUD:com.demo:0.0.1-SNAPSHOT @ C:\Users\VEERESH K C\Servelet-Project-Workspace\com.demo\pom.xml.
2025-10-28 21:10:41,313 [Worker-7: Building] WARN  Sisu - Error injecting: org.apache.maven.plugin.war.WarMojo
com.google.inject.ProvisionException: Unable to provision, see the following errors:

1) Error injecting constructor, java.lang.ExceptionInInitializerError: Cannot access defaults field of Properties
  at org.apache.maven.plugin.war.WarMojo.<init>(Unknown Source)
  while locating org.apache.maven.plugin.war.WarMojo

1 error
	at com.google.inject.internal.InternalProvisionException.toProvisionException(InternalProvisionException.java:226)
	at com.google.inject.internal.InjectorImpl$1.get(InjectorImpl.java:1053)
	at com.google.inject.internal.InjectorImpl.getInstance(InjectorImpl.java:1086)
	at org.eclipse.sisu.space.AbstractDeferredClass.get(AbstractDeferredClass.java:48)
	at com.google.inject.internal.ProviderInternalFactory.provision(ProviderInternalFactory.java:85)
	at com.google.inject.internal.InternalFactoryToInitializableAdapter.provision(InternalFactoryToInitializableAdapter.java:57)
	at com.google.inject.internal.ProviderInternalFactory$1.call(ProviderInternalFactory.java:66)
	at com.google.inject.internal.ProvisionListenerStackCallback$Provision.provision(ProvisionListenerStackCallback.java:112)
	at com.google.inject.internal.ProvisionListenerStackCallback$Provision.provision(ProvisionListenerStackCallback.java:127)
	at com.google.inject.internal.ProvisionListenerStackCallback.provision(ProvisionListenerStackCallback.java:66)
	at com.google.inject.internal.ProviderInternalFactory.circularGet(ProviderInternalFactory.java:61)
	at com.google.inject.internal.InternalFactoryToInitializableAdapter.get(InternalFactoryToInitializableAdapter.java:47)
	at com.google.inject.internal.InjectorImpl$1.get(InjectorImpl.java:1050)
	at org.eclipse.sisu.inject.Guice4$1.get(Guice4.java:162)
	at org.eclipse.sisu.inject.LazyBeanEntry.getValue(LazyBeanEntry.java:81)
	at org.eclipse.sisu.plexus.LazyPlexusBean.getValue(LazyPlexusBean.java:51)
	at org.codehaus.plexus.DefaultPlexusContainer.lookup(DefaultPlexusContainer.java:263)
	at org.codehaus.plexus.DefaultPlexusContainer.lookup(DefaultPlexusContainer.java:255)
	at org.apache.maven.plugin.internal.DefaultMavenPluginManager.getConfiguredMojo(DefaultMavenPluginManager.java:520)
	at org.eclipse.m2e.core.internal.embedder.MavenImpl.getConfiguredMojo(MavenImpl.java:359)
	at org.sonatype.m2e.mavenarchiver.internal.AbstractMavenArchiverConfigurator.reflectManifestGeneration(AbstractMavenArchiverConfigurator.java:469)
	at org.sonatype.m2e.mavenarchiver.internal.AbstractMavenArchiverConfigurator.generateManifest(AbstractMavenArchiverConfigurator.java:422)
	at org.sonatype.m2e.mavenarchiver.internal.AbstractMavenArchiverConfigurator.mavenProjectChanged(AbstractMavenArchiverConfigurator.java:227)
	at org.eclipse.m2e.wtp.mavenarchiver.AbstractWTPArchiverConfigurator.mavenProjectChanged(AbstractWTPArchiverConfigurator.java:56)
	at org.eclipse.m2e.core.internal.project.ProjectConfigurationManager.mavenProjectChanged(ProjectConfigurationManager.java:1056)
	at org.eclipse.m2e.core.internal.project.registry.ProjectRegistryManager.notifyProjectChangeListeners(ProjectRegistryManager.java:806)
	at org.eclipse.m2e.core.internal.project.registry.ProjectRegistryManager.applyMutableProjectRegistry(ProjectRegistryManager.java:972)
	at org.eclipse.m2e.core.internal.project.registry.ProjectRegistryManager.refresh(ProjectRegistryManager.java:305)
	at org.eclipse.m2e.core.internal.builder.MavenBuilder$BuildMethod.getProjectFacade(MavenBuilder.java:151)
	at org.eclipse.m2e.core.internal.builder.MavenBuilder$BuildMethod.lambda$0(MavenBuilder.java:89)
	at org.eclipse.m2e.core.internal.embedder.MavenExecutionContext.executeBare(MavenExecutionContext.java:182)
	at org.eclipse.m2e.core.internal.embedder.MavenExecutionContext.execute(MavenExecutionContext.java:156)
	at org.eclipse.m2e.core.internal.embedder.MavenExecutionContext.execute(MavenExecutionContext.java:103)
	at org.eclipse.m2e.core.internal.builder.MavenBuilder$BuildMethod.execute(MavenBuilder.java:88)
	at org.eclipse.m2e.core.internal.builder.MavenBuilder.build(MavenBuilder.java:198)
	at org.eclipse.core.internal.events.BuildManager$2.run(BuildManager.java:860)
	at org.eclipse.core.runtime.SafeRunner.run(SafeRunner.java:45)
	at org.eclipse.core.internal.events.BuildManager.basicBuild(BuildManager.java:232)
	at org.eclipse.core.internal.events.BuildManager.basicBuild(BuildManager.java:281)
	at org.eclipse.core.internal.events.BuildManager$1.run(BuildManager.java:334)
	at org.eclipse.core.runtime.SafeRunner.run(SafeRunner.java:45)
	at org.eclipse.core.internal.events.BuildManager.basicBuild(BuildManager.java:337)
	at org.eclipse.core.internal.events.BuildManager.basicBuildLoop(BuildManager.java:392)
	at org.eclipse.core.internal.events.BuildManager.build(BuildManager.java:417)
	at org.eclipse.core.internal.events.AutoBuildJob.doBuild(AutoBuildJob.java:161)
	at org.eclipse.core.internal.events.AutoBuildJob.run(AutoBuildJob.java:255)
	at org.eclipse.core.internal.jobs.Worker.run(Worker.java:63)
Caused by: java.lang.ExceptionInInitializerError: Cannot access defaults field of Properties
	at com.thoughtworks.xstream.converters.collections.PropertiesConverter.<clinit>(PropertiesConverter.java:46)
	at com.thoughtworks.xstream.XStream.setupConverters(XStream.java:647)
	at com.thoughtworks.xstream.XStream.<init>(XStream.java:445)
	at com.thoughtworks.xstream.XStream.<init>(XStream.java:385)
	at com.thoughtworks.xstream.XStream.<init>(XStream.java:342)
	at org.apache.maven.plugin.war.util.WebappStructureSerializer.<clinit>(WebappStructureSerializer.java:47)
	at org.apache.maven.plugin.war.AbstractWarMojo.<init>(AbstractWarMojo.java:316)
	at org.apache.maven.plugin.war.WarMojo.<init>(WarMojo.java:49)
	at java.base/jdk.internal.reflect.NativeConstructorAccessorImpl.newInstance0(Native Method)
	at java.base/jdk.internal.reflect.NativeConstructorAccessorImpl.newInstance(NativeConstructorAccessorImpl.java:77)
	at java.base/jdk.internal.reflect.DelegatingConstructorAccessorImpl.newInstance(DelegatingConstructorAccessorImpl.java:45)
	at java.base/java.lang.reflect.Constructor.newInstanceWithCaller(Constructor.java:499)
	at java.base/java.lang.reflect.Constructor.newInstance(Constructor.java:480)
	at com.google.inject.internal.DefaultConstructionProxyFactory$ReflectiveProxy.newInstance(DefaultConstructionProxyFactory.java:126)
	at com.google.inject.internal.ConstructorInjector.provision(ConstructorInjector.java:114)
	at com.google.inject.internal.ConstructorInjector.access$000(ConstructorInjector.java:32)
	at com.google.inject.internal.ConstructorInjector$1.call(ConstructorInjector.java:98)
	at com.google.inject.internal.ProvisionListenerStackCallback$Provision.provision(ProvisionListenerStackCallback.java:112)
	at com.google.inject.internal.ProvisionListenerStackCallback$Provision.provision(ProvisionListenerStackCallback.java:127)
	at com.google.inject.internal.ProvisionListenerStackCallback.provision(ProvisionListenerStackCallback.java:66)
	at com.google.inject.internal.ConstructorInjector.construct(ConstructorInjector.java:93)
	at com.google.inject.internal.ConstructorBindingImpl$Factory.get(ConstructorBindingImpl.java:306)
	at com.google.inject.internal.InjectorImpl$1.get(InjectorImpl.java:1050)
	... 45 common frames omitted
2025-10-28 21:10:41,945 [Worker-11: Building] WARN  o.e.m.c.i.embedder.EclipseLogger - Using platform encoding (Cp1252 actually) to copy filtered resources, i.e. build is platform dependent!
2025-10-28 21:10:41,948 [Worker-11: Building] INFO  o.e.m.c.i.embedder.EclipseLogger - Copying 0 resource
2025-10-28 21:10:41,955 [Worker-11: Building] WARN  o.e.m.c.i.embedder.EclipseLogger - Using platform encoding (Cp1252 actually) to copy filtered resources, i.e. build is platform dependent!
2025-10-28 21:10:41,958 [Worker-11: Building] INFO  o.e.m.c.i.embedder.EclipseLogger - skip non existing resourceDirectory C:\Users\VEERESH K C\Servelet-Project-Workspace\com.demo\src\test\resources
2025-10-28 21:10:41,965 [Worker-11: Building] WARN  Sisu - Error injecting: org.apache.maven.plugin.war.WarMojo
com.google.inject.ProvisionException: Unable to provision, see the following errors:

1) Error injecting constructor, java.lang.NoClassDefFoundError: Could not initialize class org.apache.maven.plugin.war.util.WebappStructureSerializer
  at org.apache.maven.plugin.war.WarMojo.<init>(Unknown Source)
  while locating org.apache.maven.plugin.war.WarMojo

1 error
	at com.google.inject.internal.InternalProvisionException.toProvisionException(InternalProvisionException.java:226)
	at com.google.inject.internal.InjectorImpl$1.get(InjectorImpl.java:1053)
	at com.google.inject.internal.InjectorImpl.getInstance(InjectorImpl.java:1086)
	at org.eclipse.sisu.space.AbstractDeferredClass.get(AbstractDeferredClass.java:48)
	at com.google.inject.internal.ProviderInternalFactory.provision(ProviderInternalFactory.java:85)
	at com.google.inject.internal.InternalFactoryToInitializableAdapter.provision(InternalFactoryToInitializableAdapter.java:57)
	at com.google.inject.internal.ProviderInternalFactory$1.call(ProviderInternalFactory.java:66)
	at com.google.inject.internal.ProvisionListenerStackCallback$Provision.provision(ProvisionListenerStackCallback.java:112)
	at com.google.inject.internal.ProvisionListenerStackCallback$Provision.provision(ProvisionListenerStackCallback.java:127)
	at com.google.inject.internal.ProvisionListenerStackCallback.provision(ProvisionListenerStackCallback.java:66)
	at com.google.inject.internal.ProviderInternalFactory.circularGet(ProviderInternalFactory.java:61)
	at com.google.inject.internal.InternalFactoryToInitializableAdapter.get(InternalFactoryToInitializableAdapter.java:47)
	at com.google.inject.internal.InjectorImpl$1.get(InjectorImpl.java:1050)
	at org.eclipse.sisu.inject.Guice4$1.get(Guice4.java:162)
	at org.eclipse.sisu.inject.LazyBeanEntry.getValue(LazyBeanEntry.java:81)
	at org.eclipse.sisu.plexus.LazyPlexusBean.getValue(LazyPlexusBean.java:51)
	at org.codehaus.plexus.DefaultPlexusContainer.lookup(DefaultPlexusContainer.java:263)
	at org.codehaus.plexus.DefaultPlexusContainer.lookup(DefaultPlexusContainer.java:255)
	at org.apache.maven.plugin.internal.DefaultMavenPluginManager.getConfiguredMojo(DefaultMavenPluginManager.java:520)
	at org.eclipse.m2e.core.internal.embedder.MavenImpl.getConfiguredMojo(MavenImpl.java:359)
	at org.sonatype.m2e.mavenarchiver.internal.AbstractMavenArchiverConfigurator.reflectManifestGeneration(AbstractMavenArchiverConfigurator.java:469)
	at org.sonatype.m2e.mavenarchiver.internal.AbstractMavenArchiverConfigurator.generateManifest(AbstractMavenArchiverConfigurator.java:422)
	at org.sonatype.m2e.mavenarchiver.internal.AbstractMavenArchiverConfigurator.mavenProjectChanged(AbstractMavenArchiverConfigurator.java:227)
	at org.sonatype.m2e.mavenarchiver.internal.AbstractMavenArchiverConfigurator$1.build(AbstractMavenArchiverConfigurator.java:167)
	at org.eclipse.m2e.core.internal.builder.MavenBuilderImpl.build(MavenBuilderImpl.java:135)
	at org.eclipse.m2e.core.internal.builder.MavenBuilder$1.method(MavenBuilder.java:169)
	at org.eclipse.m2e.core.internal.builder.MavenBuilder$1.method(MavenBuilder.java:1)
	at org.eclipse.m2e.core.internal.builder.MavenBuilder$BuildMethod.lambda$1(MavenBuilder.java:114)
	at org.eclipse.m2e.core.internal.embedder.MavenExecutionContext.executeBare(MavenExecutionContext.java:182)
	at org.eclipse.m2e.core.internal.embedder.MavenExecutionContext.execute(MavenExecutionContext.java:117)
	at org.eclipse.m2e.core.internal.builder.MavenBuilder$BuildMethod.lambda$0(MavenBuilder.java:105)
	at org.eclipse.m2e.core.internal.embedder.MavenExecutionContext.executeBare(MavenExecutionContext.java:182)
	at org.eclipse.m2e.core.internal.embedder.MavenExecutionContext.execute(MavenExecutionContext.java:156)
	at org.eclipse.m2e.core.internal.embedder.MavenExecutionContext.execute(MavenExecutionContext.java:103)
	at org.eclipse.m2e.core.internal.builder.MavenBuilder$BuildMethod.execute(MavenBuilder.java:88)
	at org.eclipse.m2e.core.internal.builder.MavenBuilder.build(MavenBuilder.java:198)
	at org.eclipse.core.internal.events.BuildManager$2.run(BuildManager.java:860)
	at org.eclipse.core.runtime.SafeRunner.run(SafeRunner.java:45)
	at org.eclipse.core.internal.events.BuildManager.basicBuild(BuildManager.java:232)
	at org.eclipse.core.internal.events.BuildManager.basicBuild(BuildManager.java:281)
	at org.eclipse.core.internal.events.BuildManager$1.run(BuildManager.java:334)
	at org.eclipse.core.runtime.SafeRunner.run(SafeRunner.java:45)
	at org.eclipse.core.internal.events.BuildManager.basicBuild(BuildManager.java:337)
	at org.eclipse.core.internal.events.BuildManager.basicBuildLoop(BuildManager.java:392)
	at org.eclipse.core.internal.events.BuildManager.build(BuildManager.java:417)
	at org.eclipse.core.internal.events.AutoBuildJob.doBuild(AutoBuildJob.java:161)
	at org.eclipse.core.internal.events.AutoBuildJob.run(AutoBuildJob.java:255)
	at org.eclipse.core.internal.jobs.Worker.run(Worker.java:63)
Caused by: java.lang.NoClassDefFoundError: Could not initialize class org.apache.maven.plugin.war.util.WebappStructureSerializer
	at org.apache.maven.plugin.war.AbstractWarMojo.<init>(AbstractWarMojo.java:316)
	at org.apache.maven.plugin.war.WarMojo.<init>(WarMojo.java:49)
	at java.base/jdk.internal.reflect.NativeConstructorAccessorImpl.newInstance0(Native Method)
	at java.base/jdk.internal.reflect.NativeConstructorAccessorImpl.newInstance(NativeConstructorAccessorImpl.java:77)
	at java.base/jdk.internal.reflect.DelegatingConstructorAccessorImpl.newInstance(DelegatingConstructorAccessorImpl.java:45)
	at java.base/java.lang.reflect.Constructor.newInstanceWithCaller(Constructor.java:499)
	at java.base/java.lang.reflect.Constructor.newInstance(Constructor.java:480)
	at com.google.inject.internal.DefaultConstructionProxyFactory$ReflectiveProxy.newInstance(DefaultConstructionProxyFactory.java:126)
	at com.google.inject.internal.ConstructorInjector.provision(ConstructorInjector.java:114)
	at com.google.inject.internal.ConstructorInjector.access$000(ConstructorInjector.java:32)
	at com.google.inject.internal.ConstructorInjector$1.call(ConstructorInjector.java:98)
	at com.google.inject.internal.ProvisionListenerStackCallback$Provision.provision(ProvisionListenerStackCallback.java:112)
	at com.google.inject.internal.ProvisionListenerStackCallback$Provision.provision(ProvisionListenerStackCallback.java:127)
	at com.google.inject.internal.ProvisionListenerStackCallback.provision(ProvisionListenerStackCallback.java:66)
	at com.google.inject.internal.ConstructorInjector.construct(ConstructorInjector.java:93)
	at com.google.inject.internal.ConstructorBindingImpl$Factory.get(ConstructorBindingImpl.java:306)
	at com.google.inject.internal.InjectorImpl$1.get(InjectorImpl.java:1050)
	... 46 common frames omitted
2025-10-28 21:10:43,013 [Worker-18: Download sources and javadoc] INFO  o.e.m.c.i.e.AbstractTransferListenerAdapter - Downloading https://repo.maven.apache.org/maven2/com/mysql/mysql-connector-j/9.5.0/mysql-connector-j-9.5.0-sources.jar
2025-10-28 21:10:45,247 [Worker-18: Download sources and javadoc] INFO  o.e.m.c.i.e.AbstractTransferListenerAdapter - Downloaded https://repo.maven.apache.org/maven2/com/mysql/mysql-connector-j/9.5.0/mysql-connector-j-9.5.0-sources.jar
2025-10-28 21:10:45,284 [Worker-18: Download sources and javadoc] INFO  o.e.m.j.internal.DownloadSourcesJob - Downloaded sources for com.mysql:mysql-connector-j:9.5.0
2025-10-28 21:10:45,371 [Worker-18: Download sources and javadoc] INFO  o.e.m.c.i.e.AbstractTransferListenerAdapter - Downloading https://repo.maven.apache.org/maven2/jakarta/servlet/jakarta.servlet-api/6.2.0-M1/jakarta.servlet-api-6.2.0-M1-sources.jar
2025-10-28 21:10:46,084 [Worker-18: Download sources and javadoc] INFO  o.e.m.c.i.e.AbstractTransferListenerAdapter - Downloaded https://repo.maven.apache.org/maven2/jakarta/servlet/jakarta.servlet-api/6.2.0-M1/jakarta.servlet-api-6.2.0-M1-sources.jar
2025-10-28 21:10:46,090 [Worker-18: Download sources and javadoc] INFO  o.e.m.j.internal.DownloadSourcesJob - Downloaded sources for jakarta.servlet:jakarta.servlet-api:6.2.0-M1
2025-10-28 21:10:46,479 [Worker-18: Building] WARN  o.e.m.c.i.embedder.EclipseLogger - Using platform encoding (Cp1252 actually) to copy filtered resources, i.e. build is platform dependent!
2025-10-28 21:10:46,483 [Worker-18: Building] INFO  o.e.m.c.i.embedder.EclipseLogger - Copying 0 resource
2025-10-28 21:10:46,486 [Worker-18: Building] WARN  o.e.m.c.i.embedder.EclipseLogger - Using platform encoding (Cp1252 actually) to copy filtered resources, i.e. build is platform dependent!
2025-10-28 21:10:46,488 [Worker-18: Building] INFO  o.e.m.c.i.embedder.EclipseLogger - skip non existing resourceDirectory C:\Users\VEERESH K C\Servelet-Project-Workspace\com.demo\src\test\resources
2025-10-28 21:10:46,496 [Worker-18: Building] WARN  Sisu - Error injecting: org.apache.maven.plugin.war.WarMojo
com.google.inject.ProvisionException: Unable to provision, see the following errors:

1) Error injecting constructor, java.lang.NoClassDefFoundError: Could not initialize class org.apache.maven.plugin.war.util.WebappStructureSerializer
  at org.apache.maven.plugin.war.WarMojo.<init>(Unknown Source)
  while locating org.apache.maven.plugin.war.WarMojo

1 error
	at com.google.inject.internal.InternalProvisionException.toProvisionException(InternalProvisionException.java:226)
	at com.google.inject.internal.InjectorImpl$1.get(InjectorImpl.java:1053)
	at com.google.inject.internal.InjectorImpl.getInstance(InjectorImpl.java:1086)
	at org.eclipse.sisu.space.AbstractDeferredClass.get(AbstractDeferredClass.java:48)
	at com.google.inject.internal.ProviderInternalFactory.provision(ProviderInternalFactory.java:85)
	at com.google.inject.internal.InternalFactoryToInitializableAdapter.provision(InternalFactoryToInitializableAdapter.java:57)
	at com.google.inject.internal.ProviderInternalFactory$1.call(ProviderInternalFactory.java:66)
	at com.google.inject.internal.ProvisionListenerStackCallback$Provision.provision(ProvisionListenerStackCallback.java:112)
	at com.google.inject.internal.ProvisionListenerStackCallback$Provision.provision(ProvisionListenerStackCallback.java:127)
	at com.google.inject.internal.ProvisionListenerStackCallback.provision(ProvisionListenerStackCallback.java:66)
	at com.google.inject.internal.ProviderInternalFactory.circularGet(ProviderInternalFactory.java:61)
	at com.google.inject.internal.InternalFactoryToInitializableAdapter.get(InternalFactoryToInitializableAdapter.java:47)
	at com.google.inject.internal.InjectorImpl$1.get(InjectorImpl.java:1050)
	at org.eclipse.sisu.inject.Guice4$1.get(Guice4.java:162)
	at org.eclipse.sisu.inject.LazyBeanEntry.getValue(LazyBeanEntry.java:81)
	at org.eclipse.sisu.plexus.LazyPlexusBean.getValue(LazyPlexusBean.java:51)
	at org.codehaus.plexus.DefaultPlexusContainer.lookup(DefaultPlexusContainer.java:263)
	at org.codehaus.plexus.DefaultPlexusContainer.lookup(DefaultPlexusContainer.java:255)
	at org.apache.maven.plugin.internal.DefaultMavenPluginManager.getConfiguredMojo(DefaultMavenPluginManager.java:520)
	at org.eclipse.m2e.core.internal.embedder.MavenImpl.getConfiguredMojo(MavenImpl.java:359)
	at org.sonatype.m2e.mavenarchiver.internal.AbstractMavenArchiverConfigurator.reflectManifestGeneration(AbstractMavenArchiverConfigurator.java:469)
	at org.sonatype.m2e.mavenarchiver.internal.AbstractMavenArchiverConfigurator.generateManifest(AbstractMavenArchiverConfigurator.java:422)
	at org.sonatype.m2e.mavenarchiver.internal.AbstractMavenArchiverConfigurator.mavenProjectChanged(AbstractMavenArchiverConfigurator.java:227)
	at org.sonatype.m2e.mavenarchiver.internal.AbstractMavenArchiverConfigurator$1.build(AbstractMavenArchiverConfigurator.java:167)
	at org.eclipse.m2e.core.internal.builder.MavenBuilderImpl.build(MavenBuilderImpl.java:135)
	at org.eclipse.m2e.core.internal.builder.MavenBuilder$1.method(MavenBuilder.java:169)
	at org.eclipse.m2e.core.internal.builder.MavenBuilder$1.method(MavenBuilder.java:1)
	at org.eclipse.m2e.core.internal.builder.MavenBuilder$BuildMethod.lambda$1(MavenBuilder.java:114)
	at org.eclipse.m2e.core.internal.embedder.MavenExecutionContext.executeBare(MavenExecutionContext.java:182)
	at org.eclipse.m2e.core.internal.embedder.MavenExecutionContext.execute(MavenExecutionContext.java:117)
	at org.eclipse.m2e.core.internal.builder.MavenBuilder$BuildMethod.lambda$0(MavenBuilder.java:105)
	at org.eclipse.m2e.core.internal.embedder.MavenExecutionContext.executeBare(MavenExecutionContext.java:182)
	at org.eclipse.m2e.core.internal.embedder.MavenExecutionContext.execute(MavenExecutionContext.java:156)
	at org.eclipse.m2e.core.internal.embedder.MavenExecutionContext.execute(MavenExecutionContext.java:103)
	at org.eclipse.m2e.core.internal.builder.MavenBuilder$BuildMethod.execute(MavenBuilder.java:88)
	at org.eclipse.m2e.core.internal.builder.MavenBuilder.build(MavenBuilder.java:198)
	at org.eclipse.core.internal.events.BuildManager$2.run(BuildManager.java:860)
	at org.eclipse.core.runtime.SafeRunner.run(SafeRunner.java:45)
	at org.eclipse.core.internal.events.BuildManager.basicBuild(BuildManager.java:232)
	at org.eclipse.core.internal.events.BuildManager.basicBuild(BuildManager.java:281)
	at org.eclipse.core.internal.events.BuildManager$1.run(BuildManager.java:334)
	at org.eclipse.core.runtime.SafeRunner.run(SafeRunner.java:45)
	at org.eclipse.core.internal.events.BuildManager.basicBuild(BuildManager.java:337)
	at org.eclipse.core.internal.events.BuildManager.basicBuildLoop(BuildManager.java:392)
	at org.eclipse.core.internal.events.BuildManager.build(BuildManager.java:417)
	at org.eclipse.core.internal.events.AutoBuildJob.doBuild(AutoBuildJob.java:161)
	at org.eclipse.core.internal.events.AutoBuildJob.run(AutoBuildJob.java:255)
	at org.eclipse.core.internal.jobs.Worker.run(Worker.java:63)
Caused by: java.lang.NoClassDefFoundError: Could not initialize class org.apache.maven.plugin.war.util.WebappStructureSerializer
	at org.apache.maven.plugin.war.AbstractWarMojo.<init>(AbstractWarMojo.java:316)
	at org.apache.maven.plugin.war.WarMojo.<init>(WarMojo.java:49)
	at java.base/jdk.internal.reflect.NativeConstructorAccessorImpl.newInstance0(Native Method)
	at java.base/jdk.internal.reflect.NativeConstructorAccessorImpl.newInstance(NativeConstructorAccessorImpl.java:77)
	at java.base/jdk.internal.reflect.DelegatingConstructorAccessorImpl.newInstance(DelegatingConstructorAccessorImpl.java:45)
	at java.base/java.lang.reflect.Constructor.newInstanceWithCaller(Constructor.java:499)
	at java.base/java.lang.reflect.Constructor.newInstance(Constructor.java:480)
	at com.google.inject.internal.DefaultConstructionProxyFactory$ReflectiveProxy.newInstance(DefaultConstructionProxyFactory.java:126)
	at com.google.inject.internal.ConstructorInjector.provision(ConstructorInjector.java:114)
	at com.google.inject.internal.ConstructorInjector.access$000(ConstructorInjector.java:32)
	at com.google.inject.internal.ConstructorInjector$1.call(ConstructorInjector.java:98)
	at com.google.inject.internal.ProvisionListenerStackCallback$Provision.provision(ProvisionListenerStackCallback.java:112)
	at com.google.inject.internal.ProvisionListenerStackCallback$Provision.provision(ProvisionListenerStackCallback.java:127)
	at com.google.inject.internal.ProvisionListenerStackCallback.provision(ProvisionListenerStackCallback.java:66)
	at com.google.inject.internal.ConstructorInjector.construct(ConstructorInjector.java:93)
	at com.google.inject.internal.ConstructorBindingImpl$Factory.get(ConstructorBindingImpl.java:306)
	at com.google.inject.internal.InjectorImpl$1.get(InjectorImpl.java:1050)
	... 46 common frames omitted
2025-10-28 21:13:04,477 [Worker-19: Building] WARN  o.e.m.c.i.embedder.EclipseLogger - Using platform encoding (Cp1252 actually) to copy filtered resources, i.e. build is platform dependent!
2025-10-28 21:13:04,481 [Worker-19: Building] INFO  o.e.m.c.i.embedder.EclipseLogger - Copying 0 resource
2025-10-28 21:13:04,494 [Worker-19: Building] WARN  o.e.m.c.i.embedder.EclipseLogger - Using platform encoding (Cp1252 actually) to copy filtered resources, i.e. build is platform dependent!
2025-10-28 21:13:04,499 [Worker-19: Building] INFO  o.e.m.c.i.embedder.EclipseLogger - skip non existing resourceDirectory C:\Users\VEERESH K C\Servelet-Project-Workspace\com.demo\src\test\resources
2025-10-28 21:13:04,506 [Worker-19: Building] WARN  Sisu - Error injecting: org.apache.maven.plugin.war.WarMojo
com.google.inject.ProvisionException: Unable to provision, see the following errors:

1) Error injecting constructor, java.lang.NoClassDefFoundError: Could not initialize class org.apache.maven.plugin.war.util.WebappStructureSerializer
  at org.apache.maven.plugin.war.WarMojo.<init>(Unknown Source)
  while locating org.apache.maven.plugin.war.WarMojo

1 error
	at com.google.inject.internal.InternalProvisionException.toProvisionException(InternalProvisionException.java:226)
	at com.google.inject.internal.InjectorImpl$1.get(InjectorImpl.java:1053)
	at com.google.inject.internal.InjectorImpl.getInstance(InjectorImpl.java:1086)
	at org.eclipse.sisu.space.AbstractDeferredClass.get(AbstractDeferredClass.java:48)
	at com.google.inject.internal.ProviderInternalFactory.provision(ProviderInternalFactory.java:85)
	at com.google.inject.internal.InternalFactoryToInitializableAdapter.provision(InternalFactoryToInitializableAdapter.java:57)
	at com.google.inject.internal.ProviderInternalFactory$1.call(ProviderInternalFactory.java:66)
	at com.google.inject.internal.ProvisionListenerStackCallback$Provision.provision(ProvisionListenerStackCallback.java:112)
	at com.google.inject.internal.ProvisionListenerStackCallback$Provision.provision(ProvisionListenerStackCallback.java:127)
	at com.google.inject.internal.ProvisionListenerStackCallback.provision(ProvisionListenerStackCallback.java:66)
	at com.google.inject.internal.ProviderInternalFactory.circularGet(ProviderInternalFactory.java:61)
	at com.google.inject.internal.InternalFactoryToInitializableAdapter.get(InternalFactoryToInitializableAdapter.java:47)
	at com.google.inject.internal.InjectorImpl$1.get(InjectorImpl.java:1050)
	at org.eclipse.sisu.inject.Guice4$1.get(Guice4.java:162)
	at org.eclipse.sisu.inject.LazyBeanEntry.getValue(LazyBeanEntry.java:81)
	at org.eclipse.sisu.plexus.LazyPlexusBean.getValue(LazyPlexusBean.java:51)
	at org.codehaus.plexus.DefaultPlexusContainer.lookup(DefaultPlexusContainer.java:263)
	at org.codehaus.plexus.DefaultPlexusContainer.lookup(DefaultPlexusContainer.java:255)
	at org.apache.maven.plugin.internal.DefaultMavenPluginManager.getConfiguredMojo(DefaultMavenPluginManager.java:520)
	at org.eclipse.m2e.core.internal.embedder.MavenImpl.getConfiguredMojo(MavenImpl.java:359)
	at org.sonatype.m2e.mavenarchiver.internal.AbstractMavenArchiverConfigurator.reflectManifestGeneration(AbstractMavenArchiverConfigurator.java:469)
	at org.sonatype.m2e.mavenarchiver.internal.AbstractMavenArchiverConfigurator.generateManifest(AbstractMavenArchiverConfigurator.java:422)
	at org.sonatype.m2e.mavenarchiver.internal.AbstractMavenArchiverConfigurator.mavenProjectChanged(AbstractMavenArchiverConfigurator.java:227)
	at org.sonatype.m2e.mavenarchiver.internal.AbstractMavenArchiverConfigurator$1.build(AbstractMavenArchiverConfigurator.java:167)
	at org.eclipse.m2e.core.internal.builder.MavenBuilderImpl.build(MavenBuilderImpl.java:135)
	at org.eclipse.m2e.core.internal.builder.MavenBuilder$1.method(MavenBuilder.java:169)
	at org.eclipse.m2e.core.internal.builder.MavenBuilder$1.method(MavenBuilder.java:1)
	at org.eclipse.m2e.core.internal.builder.MavenBuilder$BuildMethod.lambda$1(MavenBuilder.java:114)
	at org.eclipse.m2e.core.internal.embedder.MavenExecutionContext.executeBare(MavenExecutionContext.java:182)
	at org.eclipse.m2e.core.internal.embedder.MavenExecutionContext.execute(MavenExecutionContext.java:117)
	at org.eclipse.m2e.core.internal.builder.MavenBuilder$BuildMethod.lambda$0(MavenBuilder.java:105)
	at org.eclipse.m2e.core.internal.embedder.MavenExecutionContext.executeBare(MavenExecutionContext.java:182)
	at org.eclipse.m2e.core.internal.embedder.MavenExecutionContext.execute(MavenExecutionContext.java:156)
	at org.eclipse.m2e.core.internal.embedder.MavenExecutionContext.execute(MavenExecutionContext.java:103)
	at org.eclipse.m2e.core.internal.builder.MavenBuilder$BuildMethod.execute(MavenBuilder.java:88)
	at org.eclipse.m2e.core.internal.builder.MavenBuilder.build(MavenBuilder.java:198)
	at org.eclipse.core.internal.events.BuildManager$2.run(BuildManager.java:860)
	at org.eclipse.core.runtime.SafeRunner.run(SafeRunner.java:45)
	at org.eclipse.core.internal.events.BuildManager.basicBuild(BuildManager.java:232)
	at org.eclipse.core.internal.events.BuildManager.basicBuild(BuildManager.java:281)
	at org.eclipse.core.internal.events.BuildManager$1.run(BuildManager.java:334)
	at org.eclipse.core.runtime.SafeRunner.run(SafeRunner.java:45)
	at org.eclipse.core.internal.events.BuildManager.basicBuild(BuildManager.java:337)
	at org.eclipse.core.internal.events.BuildManager.basicBuildLoop(BuildManager.java:392)
	at org.eclipse.core.internal.events.BuildManager.build(BuildManager.java:417)
	at org.eclipse.core.internal.events.AutoBuildJob.doBuild(AutoBuildJob.java:161)
	at org.eclipse.core.internal.events.AutoBuildJob.run(AutoBuildJob.java:255)
	at org.eclipse.core.internal.jobs.Worker.run(Worker.java:63)
Caused by: java.lang.NoClassDefFoundError: Could not initialize class org.apache.maven.plugin.war.util.WebappStructureSerializer
	at org.apache.maven.plugin.war.AbstractWarMojo.<init>(AbstractWarMojo.java:316)
	at org.apache.maven.plugin.war.WarMojo.<init>(WarMojo.java:49)
	at java.base/jdk.internal.reflect.NativeConstructorAccessorImpl.newInstance0(Native Method)
	at java.base/jdk.internal.reflect.NativeConstructorAccessorImpl.newInstance(NativeConstructorAccessorImpl.java:77)
	at java.base/jdk.internal.reflect.DelegatingConstructorAccessorImpl.newInstance(DelegatingConstructorAccessorImpl.java:45)
	at java.base/java.lang.reflect.Constructor.newInstanceWithCaller(Constructor.java:499)
	at java.base/java.lang.reflect.Constructor.newInstance(Constructor.java:480)
	at com.google.inject.internal.DefaultConstructionProxyFactory$ReflectiveProxy.newInstance(DefaultConstructionProxyFactory.java:126)
	at com.google.inject.internal.ConstructorInjector.provision(ConstructorInjector.java:114)
	at com.google.inject.internal.ConstructorInjector.access$000(ConstructorInjector.java:32)
	at com.google.inject.internal.ConstructorInjector$1.call(ConstructorInjector.java:98)
	at com.google.inject.internal.ProvisionListenerStackCallback$Provision.provision(ProvisionListenerStackCallback.java:112)
	at com.google.inject.internal.ProvisionListenerStackCallback$Provision.provision(ProvisionListenerStackCallback.java:127)
	at com.google.inject.internal.ProvisionListenerStackCallback.provision(ProvisionListenerStackCallback.java:66)
	at com.google.inject.internal.ConstructorInjector.construct(ConstructorInjector.java:93)
	at com.google.inject.internal.ConstructorBindingImpl$Factory.get(ConstructorBindingImpl.java:306)
	at com.google.inject.internal.InjectorImpl$1.get(InjectorImpl.java:1050)
	... 46 common frames omitted
2025-10-28 21:15:23,896 [ModalContext] INFO  o.e.m.c.i.e.AbstractTransferListenerAdapter - Downloading https://repo1.maven.org/maven2/org/apache/maven/archetypes/maven-archetype-webapp/1.5/maven-archetype-webapp-1.5.jar
2025-10-28 21:15:24,705 [ModalContext] INFO  o.e.m.c.i.e.AbstractTransferListenerAdapter - Downloaded https://repo1.maven.org/maven2/org/apache/maven/archetypes/maven-archetype-webapp/1.5/maven-archetype-webapp-1.5.jar
2025-10-28 21:15:26,536 [ModalContext] INFO  o.e.m.c.i.e.AbstractTransferListenerAdapter - Downloaded https://repo1.maven.org/maven2/org/apache/maven/archetypes/maven-archetype-webapp/1.5/maven-archetype-webapp-1.5.pom
2025-10-28 21:15:37,867 [Worker-11: Creating maven-archetype-webapp] INFO  o.e.m.c.i.p.ProjectConfigurationManager - Collecting project info '/pom.xml' C:\Users\VEERESH K C\Servelet-Project-Workspace\com.demo\pom.xml
2025-10-28 21:15:38,233 [Worker-11: Creating maven-archetype-webapp] INFO  o.e.m.c.i.e.AbstractTransferListenerAdapter - Downloading https://repo.maven.apache.org/maven2/org/apache/maven/plugins/maven-clean-plugin/3.4.0/maven-clean-plugin-3.4.0.jar
2025-10-28 21:15:39,024 [Worker-11: Creating maven-archetype-webapp] INFO  o.e.m.c.i.e.AbstractTransferListenerAdapter - Downloaded https://repo.maven.apache.org/maven2/org/apache/maven/plugins/maven-clean-plugin/3.4.0/maven-clean-plugin-3.4.0.jar
2025-10-28 21:15:39,796 [Worker-11: Creating maven-archetype-webapp] INFO  o.e.m.c.i.e.AbstractTransferListenerAdapter - Downloading https://repo.maven.apache.org/maven2/org/apache/maven/plugins/maven-surefire-plugin/3.3.0/maven-surefire-plugin-3.3.0.jar
2025-10-28 21:15:41,066 [Worker-11: Creating maven-archetype-webapp] INFO  o.e.m.c.i.e.AbstractTransferListenerAdapter - Downloaded https://repo.maven.apache.org/maven2/org/apache/maven/plugins/maven-surefire-plugin/3.3.0/maven-surefire-plugin-3.3.0.jar
2025-10-28 21:15:41,331 [Worker-11: Creating maven-archetype-webapp] INFO  o.e.m.c.i.e.AbstractTransferListenerAdapter - Downloading https://repo.maven.apache.org/maven2/org/apache/maven/plugins/maven-war-plugin/3.4.0/maven-war-plugin-3.4.0.jar
2025-10-28 21:15:43,078 [Worker-11: Creating maven-archetype-webapp] INFO  o.e.m.c.i.e.AbstractTransferListenerAdapter - Downloaded https://repo.maven.apache.org/maven2/org/apache/maven/plugins/maven-war-plugin/3.4.0/maven-war-plugin-3.4.0.jar
2025-10-28 21:15:44,447 [Worker-11: Creating maven-archetype-webapp] INFO  o.e.m.c.i.e.AbstractTransferListenerAdapter - Downloaded https://repo.maven.apache.org/maven2/org/apache/maven/shared/maven-shared-utils/3.4.2/maven-shared-utils-3.4.2.pom
2025-10-28 21:15:45,226 [Worker-11: Creating maven-archetype-webapp] INFO  o.e.m.c.i.e.AbstractTransferListenerAdapter - Downloaded https://repo.maven.apache.org/maven2/org/codehaus/plexus/plexus-java/1.2.0/plexus-java-1.2.0.pom
2025-10-28 21:15:45,773 [Worker-11: Creating maven-archetype-webapp] INFO  o.e.m.c.i.e.AbstractTransferListenerAdapter - Downloaded https://repo.maven.apache.org/maven2/org/codehaus/plexus/plexus-languages/1.2.0/plexus-languages-1.2.0.pom
2025-10-28 21:15:46,322 [Worker-11: Creating maven-archetype-webapp] INFO  o.e.m.c.i.e.AbstractTransferListenerAdapter - Downloaded https://repo.maven.apache.org/maven2/org/codehaus/plexus/plexus/15/plexus-15.pom
2025-10-28 21:15:46,587 [Worker-11: Creating maven-archetype-webapp] INFO  o.e.m.c.i.e.AbstractTransferListenerAdapter - Downloaded https://repo.maven.apache.org/maven2/org/ow2/asm/asm/9.6/asm-9.6.pom
2025-10-28 21:15:47,207 [Worker-11: Creating maven-archetype-webapp] INFO  o.e.m.c.i.e.AbstractTransferListenerAdapter - Downloaded https://repo.maven.apache.org/maven2/org/codehaus/plexus/plexus-compiler-api/2.15.0/plexus-compiler-api-2.15.0.pom
2025-10-28 21:15:48,204 [Worker-11: Creating maven-archetype-webapp] INFO  o.e.m.c.i.e.AbstractTransferListenerAdapter - Downloaded https://repo.maven.apache.org/maven2/org/codehaus/plexus/plexus-compiler/2.15.0/plexus-compiler-2.15.0.pom
2025-10-28 21:15:48,853 [Worker-11: Creating maven-archetype-webapp] INFO  o.e.m.c.i.e.AbstractTransferListenerAdapter - Downloaded https://repo.maven.apache.org/maven2/org/codehaus/plexus/plexus-utils/4.0.0/plexus-utils-4.0.0.pom
2025-10-28 21:15:49,530 [Worker-11: Creating maven-archetype-webapp] INFO  o.e.m.c.i.e.AbstractTransferListenerAdapter - Downloaded https://repo.maven.apache.org/maven2/org/codehaus/plexus/plexus-compiler-manager/2.15.0/plexus-compiler-manager-2.15.0.pom
2025-10-28 21:15:50,593 [Worker-11: Creating maven-archetype-webapp] INFO  o.e.m.c.i.e.AbstractTransferListenerAdapter - Downloaded https://repo.maven.apache.org/maven2/org/codehaus/plexus/plexus-compiler-javac/2.15.0/plexus-compiler-javac-2.15.0.pom
2025-10-28 21:15:50,921 [Worker-11: Creating maven-archetype-webapp] INFO  o.e.m.c.i.e.AbstractTransferListenerAdapter - Downloaded https://repo.maven.apache.org/maven2/org/codehaus/plexus/plexus-compilers/2.15.0/plexus-compilers-2.15.0.pom
2025-10-28 21:15:51,337 [AetherRepositoryConnector-repo.maven.apache.org-0-0] INFO  o.e.m.c.i.e.AbstractTransferListenerAdapter - Downloading https://repo.maven.apache.org/maven2/org/apache/maven/shared/maven-shared-utils/3.4.2/maven-shared-utils-3.4.2.jar
2025-10-28 21:15:51,842 [AetherRepositoryConnector-repo.maven.apache.org-0-4] INFO  o.e.m.c.i.e.AbstractTransferListenerAdapter - Downloading https://repo.maven.apache.org/maven2/org/codehaus/plexus/plexus-compiler-manager/2.15.0/plexus-compiler-manager-2.15.0.jar
2025-10-28 21:15:51,841 [AetherRepositoryConnector-repo.maven.apache.org-0-2] INFO  o.e.m.c.i.e.AbstractTransferListenerAdapter - Downloading https://repo.maven.apache.org/maven2/org/ow2/asm/asm/9.6/asm-9.6.jar
2025-10-28 21:15:51,845 [AetherRepositoryConnector-repo.maven.apache.org-0-3] INFO  o.e.m.c.i.e.AbstractTransferListenerAdapter - Downloading https://repo.maven.apache.org/maven2/org/codehaus/plexus/plexus-compiler-api/2.15.0/plexus-compiler-api-2.15.0.jar
2025-10-28 21:15:51,847 [AetherRepositoryConnector-repo.maven.apache.org-0-1] INFO  o.e.m.c.i.e.AbstractTransferListenerAdapter - Downloading https://repo.maven.apache.org/maven2/org/codehaus/plexus/plexus-java/1.2.0/plexus-java-1.2.0.jar
2025-10-28 21:15:52,365 [AetherRepositoryConnector-repo.maven.apache.org-0-4] INFO  o.e.m.c.i.e.AbstractTransferListenerAdapter - Downloaded https://repo.maven.apache.org/maven2/org/codehaus/plexus/plexus-compiler-manager/2.15.0/plexus-compiler-manager-2.15.0.jar
2025-10-28 21:15:52,434 [AetherRepositoryConnector-repo.maven.apache.org-0-1] INFO  o.e.m.c.i.e.AbstractTransferListenerAdapter - Downloaded https://repo.maven.apache.org/maven2/org/codehaus/plexus/plexus-java/1.2.0/plexus-java-1.2.0.jar
2025-10-28 21:15:52,560 [AetherRepositoryConnector-repo.maven.apache.org-0-4] INFO  o.e.m.c.i.e.AbstractTransferListenerAdapter - Downloading https://repo.maven.apache.org/maven2/org/codehaus/plexus/plexus-compiler-javac/2.15.0/plexus-compiler-javac-2.15.0.jar
2025-10-28 21:15:52,783 [AetherRepositoryConnector-repo.maven.apache.org-0-1] INFO  o.e.m.c.i.e.AbstractTransferListenerAdapter - Downloading https://repo.maven.apache.org/maven2/org/codehaus/plexus/plexus-utils/4.0.0/plexus-utils-4.0.0.jar
2025-10-28 21:15:52,824 [AetherRepositoryConnector-repo.maven.apache.org-0-2] INFO  o.e.m.c.i.e.AbstractTransferListenerAdapter - Downloaded https://repo.maven.apache.org/maven2/org/ow2/asm/asm/9.6/asm-9.6.jar
2025-10-28 21:15:52,832 [AetherRepositoryConnector-repo.maven.apache.org-0-0] INFO  o.e.m.c.i.e.AbstractTransferListenerAdapter - Downloaded https://repo.maven.apache.org/maven2/org/apache/maven/shared/maven-shared-utils/3.4.2/maven-shared-utils-3.4.2.jar
2025-10-28 21:15:53,054 [AetherRepositoryConnector-repo.maven.apache.org-0-3] INFO  o.e.m.c.i.e.AbstractTransferListenerAdapter - Downloaded https://repo.maven.apache.org/maven2/org/codehaus/plexus/plexus-compiler-api/2.15.0/plexus-compiler-api-2.15.0.jar
2025-10-28 21:15:53,279 [AetherRepositoryConnector-repo.maven.apache.org-0-4] INFO  o.e.m.c.i.e.AbstractTransferListenerAdapter - Downloaded https://repo.maven.apache.org/maven2/org/codehaus/plexus/plexus-compiler-javac/2.15.0/plexus-compiler-javac-2.15.0.jar
2025-10-28 21:15:53,640 [AetherRepositoryConnector-repo.maven.apache.org-0-1] INFO  o.e.m.c.i.e.AbstractTransferListenerAdapter - Downloaded https://repo.maven.apache.org/maven2/org/codehaus/plexus/plexus-utils/4.0.0/plexus-utils-4.0.0.jar
2025-10-28 21:15:54,426 [Worker-11: Creating maven-archetype-webapp] INFO  o.e.m.c.i.l.LifecycleMappingFactory - Using org.maven.ide.eclipse.wtp.WarLifecycleMapping lifecycle mapping for MavenProject: EmployeeCRUD:com.demo:0.0.1-SNAPSHOT @ C:\Users\VEERESH K C\Servelet-Project-Workspace\com.demo\pom.xml.
2025-10-28 21:15:57,206 [Worker-11: Creating maven-archetype-webapp] INFO  o.e.m.c.i.e.AbstractTransferListenerAdapter - Downloaded https://repo.maven.apache.org/maven2/junit/junit/4.13.1/junit-4.13.1.pom
2025-10-28 21:15:57,609 [Worker-11: Creating maven-archetype-webapp] INFO  o.e.m.c.i.e.AbstractTransferListenerAdapter - Downloading https://repo.maven.apache.org/maven2/junit/junit/4.13.1/junit-4.13.1.jar
2025-10-28 21:15:58,035 [Worker-11: Creating maven-archetype-webapp] INFO  o.e.m.c.i.e.AbstractTransferListenerAdapter - Downloaded https://repo.maven.apache.org/maven2/junit/junit/4.13.1/junit-4.13.1.jar
2025-10-28 21:15:58,620 [Worker-11: Creating maven-archetype-webapp] INFO  o.e.m.c.i.e.AbstractTransferListenerAdapter - Downloaded https://repo.maven.apache.org/maven2/org/apache/maven/plugins/maven-surefire-plugin/3.3.0/maven-surefire-plugin-3.3.0.pom
2025-10-28 21:15:59,390 [Worker-11: Creating maven-archetype-webapp] INFO  o.e.m.c.i.e.AbstractTransferListenerAdapter - Downloaded https://repo.maven.apache.org/maven2/org/apache/maven/surefire/surefire/3.3.0/surefire-3.3.0.pom
2025-10-28 21:16:00,295 [Worker-11: Creating maven-archetype-webapp] INFO  o.e.m.c.i.e.AbstractTransferListenerAdapter - Downloaded https://repo.maven.apache.org/maven2/org/apache/maven/plugins/maven-war-plugin/3.4.0/maven-war-plugin-3.4.0.pom
2025-10-28 21:16:00,866 [Worker-11: Creating maven-archetype-webapp] INFO  o.e.m.c.i.e.AbstractTransferListenerAdapter - Downloaded https://repo.maven.apache.org/maven2/org/apache/maven/maven-archiver/3.6.0/maven-archiver-3.6.0.pom
2025-10-28 21:16:01,638 [Worker-11: Creating maven-archetype-webapp] INFO  o.e.m.c.i.e.AbstractTransferListenerAdapter - Downloaded https://repo.maven.apache.org/maven2/org/codehaus/plexus/plexus-io/3.4.0/plexus-io-3.4.0.pom
2025-10-28 21:16:02,366 [Worker-11: Creating maven-archetype-webapp] INFO  o.e.m.c.i.e.AbstractTransferListenerAdapter - Downloaded https://repo.maven.apache.org/maven2/org/codehaus/plexus/plexus-archiver/4.4.0/plexus-archiver-4.4.0.pom
2025-10-28 21:16:03,739 [Worker-11: Creating maven-archetype-webapp] INFO  o.e.m.c.i.e.AbstractTransferListenerAdapter - Downloaded https://repo.maven.apache.org/maven2/commons-io/commons-io/2.13.0/commons-io-2.13.0.pom
2025-10-28 21:16:04,099 [Worker-11: Creating maven-archetype-webapp] INFO  o.e.m.c.i.e.AbstractTransferListenerAdapter - Downloaded https://repo.maven.apache.org/maven2/org/apache/commons/commons-parent/58/commons-parent-58.pom
2025-10-28 21:16:04,717 [Worker-11: Creating maven-archetype-webapp] INFO  o.e.m.c.i.e.AbstractTransferListenerAdapter - Downloaded https://repo.maven.apache.org/maven2/org/codehaus/plexus/plexus-archiver/4.7.1/plexus-archiver-4.7.1.pom
2025-10-28 21:16:05,030 [Worker-11: Creating maven-archetype-webapp] INFO  o.e.m.c.i.e.AbstractTransferListenerAdapter - Downloaded https://repo.maven.apache.org/maven2/org/codehaus/plexus/plexus-io/3.4.1/plexus-io-3.4.1.pom
2025-10-28 21:16:05,388 [Worker-11: Creating maven-archetype-webapp] INFO  o.e.m.c.i.e.AbstractTransferListenerAdapter - Downloaded https://repo.maven.apache.org/maven2/org/apache/commons/commons-compress/1.23.0/commons-compress-1.23.0.pom
2025-10-28 21:16:05,782 [Worker-11: Creating maven-archetype-webapp] INFO  o.e.m.c.i.e.AbstractTransferListenerAdapter - Downloaded https://repo.maven.apache.org/maven2/org/apache/commons/commons-parent/56/commons-parent-56.pom
2025-10-28 21:16:06,731 [Worker-11: Creating maven-archetype-webapp] INFO  o.e.m.c.i.e.AbstractTransferListenerAdapter - Downloaded https://repo.maven.apache.org/maven2/com/github/luben/zstd-jni/1.5.5-2/zstd-jni-1.5.5-2.pom
2025-10-28 21:16:10,735 [Worker-11: Creating maven-archetype-webapp] INFO  o.e.m.c.i.e.AbstractTransferListenerAdapter - Downloaded https://repo.maven.apache.org/maven2/org/apache/maven/shared/maven-mapping/3.0.0/maven-mapping-3.0.0.pom
2025-10-28 21:16:11,186 [Worker-11: Creating maven-archetype-webapp] INFO  o.e.m.c.i.e.AbstractTransferListenerAdapter - Downloaded https://repo.maven.apache.org/maven2/org/apache/maven/shared/maven-shared-components/22/maven-shared-components-22.pom
2025-10-28 21:16:11,694 [Worker-11: Creating maven-archetype-webapp] INFO  o.e.m.c.i.e.AbstractTransferListenerAdapter - Downloaded https://repo.maven.apache.org/maven2/org/apache/maven/maven-parent/27/maven-parent-27.pom
2025-10-28 21:16:12,197 [Worker-11: Creating maven-archetype-webapp] INFO  o.e.m.c.i.e.AbstractTransferListenerAdapter - Downloaded https://repo.maven.apache.org/maven2/org/apache/apache/17/apache-17.pom
2025-10-28 21:16:13,200 [Worker-11: Creating maven-archetype-webapp] INFO  o.e.m.c.i.e.AbstractTransferListenerAdapter - Downloaded https://repo.maven.apache.org/maven2/org/codehaus/plexus/plexus-component-annotations/1.5.4/plexus-component-annotations-1.5.4.pom
2025-10-28 21:16:13,612 [Worker-11: Creating maven-archetype-webapp] INFO  o.e.m.c.i.e.AbstractTransferListenerAdapter - Downloaded https://repo.maven.apache.org/maven2/org/codehaus/plexus/plexus-containers/1.5.4/plexus-containers-1.5.4.pom
2025-10-28 21:16:13,857 [Worker-11: Creating maven-archetype-webapp] INFO  o.e.m.c.i.e.AbstractTransferListenerAdapter - Downloaded https://repo.maven.apache.org/maven2/org/codehaus/plexus/plexus/2.0.5/plexus-2.0.5.pom
2025-10-28 21:16:14,685 [AetherRepositoryConnector-repo.maven.apache.org-1-0] INFO  o.e.m.c.i.e.AbstractTransferListenerAdapter - Downloading https://repo.maven.apache.org/maven2/org/apache/maven/maven-archiver/3.6.0/maven-archiver-3.6.0.jar
2025-10-28 21:16:14,700 [AetherRepositoryConnector-repo.maven.apache.org-1-2] INFO  o.e.m.c.i.e.AbstractTransferListenerAdapter - Downloading https://repo.maven.apache.org/maven2/commons-io/commons-io/2.13.0/commons-io-2.13.0.jar
2025-10-28 21:16:14,716 [AetherRepositoryConnector-repo.maven.apache.org-1-1] INFO  o.e.m.c.i.e.AbstractTransferListenerAdapter - Downloading https://repo.maven.apache.org/maven2/org/codehaus/plexus/plexus-io/3.4.0/plexus-io-3.4.0.jar
2025-10-28 21:16:14,716 [AetherRepositoryConnector-repo.maven.apache.org-1-4] INFO  o.e.m.c.i.e.AbstractTransferListenerAdapter - Downloading https://repo.maven.apache.org/maven2/org/apache/commons/commons-compress/1.23.0/commons-compress-1.23.0.jar
2025-10-28 21:16:14,937 [AetherRepositoryConnector-repo.maven.apache.org-1-3] INFO  o.e.m.c.i.e.AbstractTransferListenerAdapter - Downloading https://repo.maven.apache.org/maven2/org/codehaus/plexus/plexus-archiver/4.7.1/plexus-archiver-4.7.1.jar
2025-10-28 21:16:15,534 [AetherRepositoryConnector-repo.maven.apache.org-1-0] INFO  o.e.m.c.i.e.AbstractTransferListenerAdapter - Downloaded https://repo.maven.apache.org/maven2/org/apache/maven/maven-archiver/3.6.0/maven-archiver-3.6.0.jar
2025-10-28 21:16:15,811 [AetherRepositoryConnector-repo.maven.apache.org-1-0] INFO  o.e.m.c.i.e.AbstractTransferListenerAdapter - Downloading https://repo.maven.apache.org/maven2/com/github/luben/zstd-jni/1.5.5-2/zstd-jni-1.5.5-2.jar
2025-10-28 21:16:16,357 [AetherRepositoryConnector-repo.maven.apache.org-1-1] INFO  o.e.m.c.i.e.AbstractTransferListenerAdapter - Downloaded https://repo.maven.apache.org/maven2/org/codehaus/plexus/plexus-io/3.4.0/plexus-io-3.4.0.jar
2025-10-28 21:16:16,547 [AetherRepositoryConnector-repo.maven.apache.org-1-1] INFO  o.e.m.c.i.e.AbstractTransferListenerAdapter - Downloading https://repo.maven.apache.org/maven2/org/apache/maven/shared/maven-mapping/3.0.0/maven-mapping-3.0.0.jar
2025-10-28 21:16:17,524 [AetherRepositoryConnector-repo.maven.apache.org-1-1] INFO  o.e.m.c.i.e.AbstractTransferListenerAdapter - Downloaded https://repo.maven.apache.org/maven2/org/apache/maven/shared/maven-mapping/3.0.0/maven-mapping-3.0.0.jar
2025-10-28 21:16:17,598 [AetherRepositoryConnector-repo.maven.apache.org-1-3] INFO  o.e.m.c.i.e.AbstractTransferListenerAdapter - Downloaded https://repo.maven.apache.org/maven2/org/codehaus/plexus/plexus-archiver/4.7.1/plexus-archiver-4.7.1.jar
2025-10-28 21:16:18,759 [AetherRepositoryConnector-repo.maven.apache.org-1-2] INFO  o.e.m.c.i.e.AbstractTransferListenerAdapter - Downloaded https://repo.maven.apache.org/maven2/commons-io/commons-io/2.13.0/commons-io-2.13.0.jar
2025-10-28 21:16:20,423 [AetherRepositoryConnector-repo.maven.apache.org-1-4] INFO  o.e.m.c.i.e.AbstractTransferListenerAdapter - Downloaded https://repo.maven.apache.org/maven2/org/apache/commons/commons-compress/1.23.0/commons-compress-1.23.0.jar
2025-10-28 21:16:22,710 [AetherRepositoryConnector-repo.maven.apache.org-1-0] INFO  o.e.m.c.i.e.AbstractTransferListenerAdapter - Downloaded https://repo.maven.apache.org/maven2/com/github/luben/zstd-jni/1.5.5-2/zstd-jni-1.5.5-2.jar
2025-10-28 21:16:24,241 [Worker-11: Creating maven-archetype-webapp] INFO  o.e.m.j.i.AbstractJavaProjectConfigurator - Adding source folder /com.demo/src/main/java
2025-10-28 21:16:24,242 [Worker-11: Creating maven-archetype-webapp] INFO  o.e.m.j.i.AbstractJavaProjectConfigurator - Adding source folder /com.demo/src/test/java
2025-10-28 21:16:25,523 [Worker-20: Download sources and javadoc] INFO  o.e.m.c.i.e.AbstractTransferListenerAdapter - Downloading https://repo.maven.apache.org/maven2/junit/junit/4.13.1/junit-4.13.1-sources.jar
2025-10-28 21:16:26,723 [Worker-20: Download sources and javadoc] INFO  o.e.m.c.i.e.AbstractTransferListenerAdapter - Downloaded https://repo.maven.apache.org/maven2/junit/junit/4.13.1/junit-4.13.1-sources.jar
2025-10-28 21:16:26,735 [Worker-20: Download sources and javadoc] INFO  o.e.m.j.internal.DownloadSourcesJob - Downloaded sources for junit:junit:4.13.1
2025-10-28 21:16:27,283 [Worker-11: Creating maven-archetype-webapp] INFO  o.e.m.c.i.e.AbstractTransferListenerAdapter - Downloaded https://repo.maven.apache.org/maven2/org/apache/maven/plugins/maven-clean-plugin/3.4.0/maven-clean-plugin-3.4.0.pom
2025-10-28 21:16:27,436 [Worker-11: Creating maven-archetype-webapp] INFO  o.e.m.c.i.p.ProjectConfigurationManager - Imported and configured 1 project(s) in 49 sec
2025-10-28 21:16:27,906 [Worker-11: Building] INFO  o.a.m.s.f.DefaultMavenResourcesFiltering - skip non existing resourceDirectory C:\Users\VEERESH K C\Servelet-Project-Workspace\com.demo\src\main\resources
2025-10-28 21:16:27,911 [Worker-11: Building] INFO  o.a.m.s.f.DefaultMavenResourcesFiltering - skip non existing resourceDirectory C:\Users\VEERESH K C\Servelet-Project-Workspace\com.demo\src\test\resources
2025-10-28 21:17:05,372 [Worker-22: Building] INFO  o.e.m.c.i.l.LifecycleMappingFactory - Using org.maven.ide.eclipse.wtp.WarLifecycleMapping lifecycle mapping for MavenProject: EmployeeCRUD:com.demo:0.0.1-SNAPSHOT @ C:\Users\VEERESH K C\Servelet-Project-Workspace\com.demo\pom.xml.
2025-10-28 21:17:06,494 [Worker-20: Building] INFO  o.a.m.s.f.DefaultMavenResourcesFiltering - skip non existing resourceDirectory C:\Users\VEERESH K C\Servelet-Project-Workspace\com.demo\src\main\resources
2025-10-28 21:17:06,499 [Worker-20: Building] INFO  o.a.m.s.f.DefaultMavenResourcesFiltering - skip non existing resourceDirectory C:\Users\VEERESH K C\Servelet-Project-Workspace\com.demo\src\test\resources
2025-10-28 21:17:28,509 [Worker-20: Building] INFO  o.e.m.c.i.l.LifecycleMappingFactory - Using org.maven.ide.eclipse.wtp.WarLifecycleMapping lifecycle mapping for MavenProject: EmployeeCRUD:com.demo:0.0.1-SNAPSHOT @ C:\Users\VEERESH K C\Servelet-Project-Workspace\com.demo\pom.xml.
2025-10-28 21:17:29,477 [Worker-19: Building] INFO  o.a.m.s.f.DefaultMavenResourcesFiltering - skip non existing resourceDirectory C:\Users\VEERESH K C\Servelet-Project-Workspace\com.demo\src\main\resources
2025-10-28 21:17:29,482 [Worker-19: Building] INFO  o.a.m.s.f.DefaultMavenResourcesFiltering - skip non existing resourceDirectory C:\Users\VEERESH K C\Servelet-Project-Workspace\com.demo\src\test\resources
2025-10-28 21:17:56,205 [Worker-20: Building] INFO  o.a.m.s.f.DefaultMavenResourcesFiltering - skip non existing resourceDirectory C:\Users\VEERESH K C\Servelet-Project-Workspace\com.demo\src\main\resources
2025-10-28 21:17:56,208 [Worker-20: Building] INFO  o.a.m.s.f.DefaultMavenResourcesFiltering - skip non existing resourceDirectory C:\Users\VEERESH K C\Servelet-Project-Workspace\com.demo\src\test\resources
2025-10-28 21:18:29,297 [Worker-11: Building] INFO  o.a.m.s.f.DefaultMavenResourcesFiltering - skip non existing resourceDirectory C:\Users\VEERESH K C\Servelet-Project-Workspace\com.demo\src\main\resources
2025-10-28 21:18:29,299 [Worker-11: Building] INFO  o.a.m.s.f.DefaultMavenResourcesFiltering - skip non existing resourceDirectory C:\Users\VEERESH K C\Servelet-Project-Workspace\com.demo\src\test\resources
2025-10-28 21:19:28,178 [Worker-18: Building] INFO  o.a.m.s.f.DefaultMavenResourcesFiltering - skip non existing resourceDirectory C:\Users\VEERESH K C\Servelet-Project-Workspace\com.demo\src\main\resources
2025-10-28 21:19:28,180 [Worker-18: Building] INFO  o.a.m.s.f.DefaultMavenResourcesFiltering - skip non existing resourceDirectory C:\Users\VEERESH K C\Servelet-Project-Workspace\com.demo\src\test\resources
2025-10-28 21:19:42,078 [Worker-21: Building] INFO  o.a.m.s.f.DefaultMavenResourcesFiltering - skip non existing resourceDirectory C:\Users\VEERESH K C\Servelet-Project-Workspace\com.demo\src\main\resources
2025-10-28 21:19:42,080 [Worker-21: Building] INFO  o.a.m.s.f.DefaultMavenResourcesFiltering - skip non existing resourceDirectory C:\Users\VEERESH K C\Servelet-Project-Workspace\com.demo\src\test\resources
2025-10-28 21:19:57,744 [Worker-11: Building] INFO  o.a.m.s.f.DefaultMavenResourcesFiltering - skip non existing resourceDirectory C:\Users\VEERESH K C\Servelet-Project-Workspace\com.demo\src\main\resources
2025-10-28 21:19:57,746 [Worker-11: Building] INFO  o.a.m.s.f.DefaultMavenResourcesFiltering - skip non existing resourceDirectory C:\Users\VEERESH K C\Servelet-Project-Workspace\com.demo\src\test\resources
2025-10-28 21:20:48,465 [Worker-19: Building] INFO  o.a.m.s.f.DefaultMavenResourcesFiltering - skip non existing resourceDirectory C:\Users\VEERESH K C\Servelet-Project-Workspace\com.demo\src\main\resources
2025-10-28 21:20:48,467 [Worker-19: Building] INFO  o.a.m.s.f.DefaultMavenResourcesFiltering - skip non existing resourceDirectory C:\Users\VEERESH K C\Servelet-Project-Workspace\com.demo\src\test\resources
2025-10-28 21:21:12,778 [Worker-19: Building] INFO  o.a.m.s.f.DefaultMavenResourcesFiltering - skip non existing resourceDirectory C:\Users\VEERESH K C\Servelet-Project-Workspace\com.demo\src\main\resources
2025-10-28 21:21:12,784 [Worker-19: Building] INFO  o.a.m.s.f.DefaultMavenResourcesFiltering - skip non existing resourceDirectory C:\Users\VEERESH K C\Servelet-Project-Workspace\com.demo\src\test\resources
2025-10-28 21:21:19,764 [Worker-19: Building] INFO  o.a.m.s.f.DefaultMavenResourcesFiltering - skip non existing resourceDirectory C:\Users\VEERESH K C\Servelet-Project-Workspace\com.demo\src\main\resources
2025-10-28 21:21:19,766 [Worker-19: Building] INFO  o.a.m.s.f.DefaultMavenResourcesFiltering - skip non existing resourceDirectory C:\Users\VEERESH K C\Servelet-Project-Workspace\com.demo\src\test\resources
2025-10-28 21:21:31,178 [Worker-19: Building] INFO  o.a.m.s.f.DefaultMavenResourcesFiltering - skip non existing resourceDirectory C:\Users\VEERESH K C\Servelet-Project-Workspace\com.demo\src\main\resources
2025-10-28 21:21:31,180 [Worker-19: Building] INFO  o.a.m.s.f.DefaultMavenResourcesFiltering - skip non existing resourceDirectory C:\Users\VEERESH K C\Servelet-Project-Workspace\com.demo\src\test\resources
2025-10-28 21:22:00,962 [Worker-18: Updating Maven Project] INFO  o.e.m.c.i.p.ProjectConfigurationManager - Update started
2025-10-28 21:22:01,256 [Worker-18: Updating Maven Project] INFO  o.e.m.c.i.l.LifecycleMappingFactory - Using org.maven.ide.eclipse.wtp.WarLifecycleMapping lifecycle mapping for MavenProject: EmployeeCRUD:com.demo:0.0.1-SNAPSHOT @ C:\Users\VEERESH K C\Servelet-Project-Workspace\com.demo\pom.xml.
2025-10-28 21:22:02,657 [Worker-18: Updating Maven Project] INFO  o.e.m.c.i.e.AbstractTransferListenerAdapter - Downloading https://central.sonatype.com/repository/maven-snapshots/org/eclipse/ee4j/project/2.0.0-SNAPSHOT/maven-metadata.xml
2025-10-28 21:22:03,304 [Worker-18: Updating Maven Project] INFO  o.e.m.c.i.e.AbstractTransferListenerAdapter - Downloaded https://central.sonatype.com/repository/maven-snapshots/org/eclipse/ee4j/project/2.0.0-SNAPSHOT/maven-metadata.xml
2025-10-28 21:22:04,024 [Worker-18: Updating Maven Project] INFO  o.e.m.j.i.AbstractJavaProjectConfigurator - Adding source folder /com.demo/src/main/java
2025-10-28 21:22:04,043 [Worker-18: Updating Maven Project] INFO  o.e.m.j.i.AbstractJavaProjectConfigurator - Adding source folder /com.demo/src/test/java
2025-10-28 21:22:04,367 [Worker-18: Updating Maven Project] INFO  o.e.m.w.i.f.ResourceFilteringBuildParticipant - Cleaning filtered folder for com.demo
2025-10-28 21:22:04,378 [Worker-18: Updating Maven Project] INFO  o.e.m.c.i.p.ProjectConfigurationManager - Update completed: 3 sec
2025-10-28 21:22:04,684 [Worker-11: Building] INFO  o.a.m.s.f.DefaultMavenResourcesFiltering - skip non existing resourceDirectory C:\Users\VEERESH K C\Servelet-Project-Workspace\com.demo\src\main\resources
2025-10-28 21:22:04,712 [Worker-11: Building] INFO  o.a.m.s.f.DefaultMavenResourcesFiltering - skip non existing resourceDirectory C:\Users\VEERESH K C\Servelet-Project-Workspace\com.demo\src\test\resources
2025-10-28 21:22:04,712 [Worker-11: Building] INFO  o.e.m.w.i.f.ResourceFilteringBuildParticipant - Changed resources require a complete clean of filtered resources of com.demo
2025-10-28 21:22:04,714 [Worker-11: Building] INFO  o.e.m.w.i.f.ResourceFilteringBuildParticipant - Executing resource filtering for com.demo
2025-10-28 21:22:48,069 [Worker-20: Building] INFO  o.a.m.s.f.DefaultMavenResourcesFiltering - skip non existing resourceDirectory C:\Users\VEERESH K C\Servelet-Project-Workspace\com.demo\src\main\resources
2025-10-28 21:22:48,071 [Worker-20: Building] INFO  o.a.m.s.f.DefaultMavenResourcesFiltering - skip non existing resourceDirectory C:\Users\VEERESH K C\Servelet-Project-Workspace\com.demo\src\test\resources
2025-10-28 21:28:48,146 [Worker-23: Building] INFO  o.a.m.s.f.DefaultMavenResourcesFiltering - skip non existing resourceDirectory C:\Users\VEERESH K C\Servelet-Project-Workspace\com.demo\src\main\resources
2025-10-28 21:28:48,148 [Worker-23: Building] INFO  o.a.m.s.f.DefaultMavenResourcesFiltering - skip non existing resourceDirectory C:\Users\VEERESH K C\Servelet-Project-Workspace\com.demo\src\test\resources
2025-10-28 21:29:52,861 [Worker-21: Building] INFO  o.a.m.s.f.DefaultMavenResourcesFiltering - skip non existing resourceDirectory C:\Users\VEERESH K C\Servelet-Project-Workspace\com.demo\src\main\resources
2025-10-28 21:29:52,865 [Worker-21: Building] INFO  o.a.m.s.f.DefaultMavenResourcesFiltering - skip non existing resourceDirectory C:\Users\VEERESH K C\Servelet-Project-Workspace\com.demo\src\test\resources
2025-10-28 21:30:10,132 [Worker-7: Updating Maven Project] INFO  o.e.m.c.i.p.ProjectConfigurationManager - Update started
2025-10-28 21:30:10,408 [Worker-7: Updating Maven Project] INFO  o.e.m.c.i.l.LifecycleMappingFactory - Using org.maven.ide.eclipse.wtp.WarLifecycleMapping lifecycle mapping for MavenProject: EmployeeCRUD:com.demo:0.0.1-SNAPSHOT @ C:\Users\VEERESH K C\Servelet-Project-Workspace\com.demo\pom.xml.
2025-10-28 21:30:11,474 [Worker-7: Updating Maven Project] INFO  o.e.m.c.i.e.AbstractTransferListenerAdapter - Downloading https://central.sonatype.com/repository/maven-snapshots/org/eclipse/ee4j/project/2.0.0-SNAPSHOT/maven-metadata.xml
2025-10-28 21:30:12,010 [Worker-7: Updating Maven Project] INFO  o.e.m.c.i.e.AbstractTransferListenerAdapter - Downloaded https://central.sonatype.com/repository/maven-snapshots/org/eclipse/ee4j/project/2.0.0-SNAPSHOT/maven-metadata.xml
2025-10-28 21:30:12,643 [Worker-7: Updating Maven Project] INFO  o.e.m.j.i.AbstractJavaProjectConfigurator - Adding source folder /com.demo/src/main/java
2025-10-28 21:30:12,645 [Worker-7: Updating Maven Project] INFO  o.e.m.j.i.AbstractJavaProjectConfigurator - Adding source folder /com.demo/src/test/java
2025-10-28 21:30:12,944 [Worker-7: Updating Maven Project] INFO  o.e.m.w.i.f.ResourceFilteringBuildParticipant - Cleaning filtered folder for com.demo
2025-10-28 21:30:12,959 [Worker-7: Updating Maven Project] INFO  o.e.m.c.i.p.ProjectConfigurationManager - Update completed: 2 sec
2025-10-28 21:30:13,212 [Worker-21: Building] INFO  o.a.m.s.f.DefaultMavenResourcesFiltering - skip non existing resourceDirectory C:\Users\VEERESH K C\Servelet-Project-Workspace\com.demo\src\main\resources
2025-10-28 21:30:13,217 [Worker-21: Building] INFO  o.a.m.s.f.DefaultMavenResourcesFiltering - skip non existing resourceDirectory C:\Users\VEERESH K C\Servelet-Project-Workspace\com.demo\src\test\resources
2025-10-28 21:30:13,217 [Worker-21: Building] INFO  o.e.m.w.i.f.ResourceFilteringBuildParticipant - Changed resources require a complete clean of filtered resources of com.demo
2025-10-28 21:30:13,217 [Worker-21: Building] INFO  o.e.m.w.i.f.ResourceFilteringBuildParticipant - Executing resource filtering for com.demo
2025-10-28 21:35:11,443 [Worker-22: Building] INFO  o.a.m.s.f.DefaultMavenResourcesFiltering - Copying 0 resource from src\main\resources to target\classes
2025-10-28 21:35:11,446 [Worker-22: Building] INFO  o.a.m.s.f.DefaultMavenResourcesFiltering - skip non existing resourceDirectory C:\Users\VEERESH K C\Servelet-Project-Workspace\com.demo\src\test\resources
2025-10-28 21:35:48,747 [Worker-22: Building] INFO  o.a.m.s.f.DefaultMavenResourcesFiltering - Copying 1 resource from src\main\resources to target\classes
2025-10-28 21:35:48,757 [Worker-22: Building] INFO  o.a.m.s.f.DefaultMavenResourcesFiltering - skip non existing resourceDirectory C:\Users\VEERESH K C\Servelet-Project-Workspace\com.demo\src\test\resources
2025-10-28 21:39:02,898 [Worker-26: Building] INFO  o.a.m.s.f.DefaultMavenResourcesFiltering - Copying 1 resource from src\main\resources to target\classes
2025-10-28 21:39:02,902 [Worker-26: Building] INFO  o.a.m.s.f.DefaultMavenResourcesFiltering - skip non existing resourceDirectory C:\Users\VEERESH K C\Servelet-Project-Workspace\com.demo\src\test\resources
2025-10-28 21:39:30,776 [Worker-25: Building] INFO  o.a.m.s.f.DefaultMavenResourcesFiltering - Copying 1 resource from src\main\resources to target\classes
2025-10-28 21:39:30,779 [Worker-25: Building] INFO  o.a.m.s.f.DefaultMavenResourcesFiltering - skip non existing resourceDirectory C:\Users\VEERESH K C\Servelet-Project-Workspace\com.demo\src\test\resources
2025-10-28 21:39:35,837 [Worker-27: Building] INFO  o.a.m.s.f.DefaultMavenResourcesFiltering - Copying 1 resource from src\main\resources to target\classes
2025-10-28 21:39:35,840 [Worker-27: Building] INFO  o.a.m.s.f.DefaultMavenResourcesFiltering - skip non existing resourceDirectory C:\Users\VEERESH K C\Servelet-Project-Workspace\com.demo\src\test\resources
2025-10-28 21:41:41,454 [Worker-27: Building] INFO  o.a.m.s.f.DefaultMavenResourcesFiltering - Copying 1 resource from src\main\resources to target\classes
2025-10-28 21:41:41,457 [Worker-27: Building] INFO  o.a.m.s.f.DefaultMavenResourcesFiltering - skip non existing resourceDirectory C:\Users\VEERESH K C\Servelet-Project-Workspace\com.demo\src\test\resources
2025-10-28 21:42:53,724 [Worker-28: Building] INFO  o.a.m.s.f.DefaultMavenResourcesFiltering - Copying 1 resource from src\main\resources to target\classes
2025-10-28 21:42:53,728 [Worker-28: Building] INFO  o.a.m.s.f.DefaultMavenResourcesFiltering - skip non existing resourceDirectory C:\Users\VEERESH K C\Servelet-Project-Workspace\com.demo\src\test\resources
2025-10-28 21:43:10,442 [Worker-26: Building] INFO  o.a.m.s.f.DefaultMavenResourcesFiltering - Copying 1 resource from src\main\resources to target\classes
2025-10-28 21:43:10,446 [Worker-26: Building] INFO  o.a.m.s.f.DefaultMavenResourcesFiltering - skip non existing resourceDirectory C:\Users\VEERESH K C\Servelet-Project-Workspace\com.demo\src\test\resources
2025-10-28 21:44:08,665 [Worker-27: Building] INFO  o.a.m.s.f.DefaultMavenResourcesFiltering - Copying 1 resource from src\main\resources to target\classes
2025-10-28 21:44:08,669 [Worker-27: Building] INFO  o.a.m.s.f.DefaultMavenResourcesFiltering - skip non existing resourceDirectory C:\Users\VEERESH K C\Servelet-Project-Workspace\com.demo\src\test\resources
2025-10-28 21:48:18,757 [Worker-25: Building] INFO  o.a.m.s.f.DefaultMavenResourcesFiltering - Copying 1 resource from src\main\resources to target\classes
2025-10-28 21:48:18,759 [Worker-25: Building] INFO  o.a.m.s.f.DefaultMavenResourcesFiltering - skip non existing resourceDirectory C:\Users\VEERESH K C\Servelet-Project-Workspace\com.demo\src\test\resources
2025-10-28 21:49:47,444 [Worker-27: Building] INFO  o.a.m.s.f.DefaultMavenResourcesFiltering - Copying 1 resource from src\main\resources to target\classes
2025-10-28 21:49:47,447 [Worker-27: Building] INFO  o.a.m.s.f.DefaultMavenResourcesFiltering - skip non existing resourceDirectory C:\Users\VEERESH K C\Servelet-Project-Workspace\com.demo\src\test\resources
2025-10-28 21:52:00,154 [Worker-26: Building] INFO  o.a.m.s.f.DefaultMavenResourcesFiltering - Copying 1 resource from src\main\resources to target\classes
2025-10-28 21:52:00,162 [Worker-26: Building] INFO  o.a.m.s.f.DefaultMavenResourcesFiltering - skip non existing resourceDirectory C:\Users\VEERESH K C\Servelet-Project-Workspace\com.demo\src\test\resources
2025-10-28 21:53:56,031 [Worker-26: Building] INFO  o.a.m.s.f.DefaultMavenResourcesFiltering - Copying 1 resource from src\main\resources to target\classes
2025-10-28 21:53:56,035 [Worker-26: Building] INFO  o.a.m.s.f.DefaultMavenResourcesFiltering - skip non existing resourceDirectory C:\Users\VEERESH K C\Servelet-Project-Workspace\com.demo\src\test\resources
2025-10-28 21:56:25,977 [Worker-28: Building] INFO  o.a.m.s.f.DefaultMavenResourcesFiltering - Copying 1 resource from src\main\resources to target\classes
2025-10-28 21:56:25,980 [Worker-28: Building] INFO  o.a.m.s.f.DefaultMavenResourcesFiltering - skip non existing resourceDirectory C:\Users\VEERESH K C\Servelet-Project-Workspace\com.demo\src\test\resources
2025-10-28 21:56:34,739 [Worker-25: Building] INFO  o.a.m.s.f.DefaultMavenResourcesFiltering - Copying 1 resource from src\main\resources to target\classes
2025-10-28 21:56:34,743 [Worker-25: Building] INFO  o.a.m.s.f.DefaultMavenResourcesFiltering - skip non existing resourceDirectory C:\Users\VEERESH K C\Servelet-Project-Workspace\com.demo\src\test\resources
2025-10-28 21:59:14,155 [Worker-31: Building] INFO  o.a.m.s.f.DefaultMavenResourcesFiltering - Copying 1 resource from src\main\resources to target\classes
2025-10-28 21:59:14,158 [Worker-31: Building] INFO  o.a.m.s.f.DefaultMavenResourcesFiltering - skip non existing resourceDirectory C:\Users\VEERESH K C\Servelet-Project-Workspace\com.demo\src\test\resources
2025-10-28 21:59:21,744 [Worker-30: Building] INFO  o.a.m.s.f.DefaultMavenResourcesFiltering - Copying 1 resource from src\main\resources to target\classes
2025-10-28 21:59:21,746 [Worker-30: Building] INFO  o.a.m.s.f.DefaultMavenResourcesFiltering - skip non existing resourceDirectory C:\Users\VEERESH K C\Servelet-Project-Workspace\com.demo\src\test\resources
2025-10-28 22:00:50,539 [Worker-32: Building] INFO  o.a.m.s.f.DefaultMavenResourcesFiltering - Copying 1 resource from src\main\resources to target\classes
2025-10-28 22:00:50,542 [Worker-32: Building] INFO  o.a.m.s.f.DefaultMavenResourcesFiltering - skip non existing resourceDirectory C:\Users\VEERESH K C\Servelet-Project-Workspace\com.demo\src\test\resources
2025-10-28 22:00:57,413 [Worker-30: Building] INFO  o.a.m.s.f.DefaultMavenResourcesFiltering - Copying 1 resource from src\main\resources to target\classes
2025-10-28 22:00:57,417 [Worker-30: Building] INFO  o.a.m.s.f.DefaultMavenResourcesFiltering - skip non existing resourceDirectory C:\Users\VEERESH K C\Servelet-Project-Workspace\com.demo\src\test\resources
2025-10-28 22:01:02,702 [Worker-32: Building] INFO  o.a.m.s.f.DefaultMavenResourcesFiltering - Copying 1 resource from src\main\resources to target\classes
2025-10-28 22:01:02,704 [Worker-32: Building] INFO  o.a.m.s.f.DefaultMavenResourcesFiltering - skip non existing resourceDirectory C:\Users\VEERESH K C\Servelet-Project-Workspace\com.demo\src\test\resources
2025-10-28 22:01:08,386 [Worker-31: Building] INFO  o.a.m.s.f.DefaultMavenResourcesFiltering - Copying 1 resource from src\main\resources to target\classes
2025-10-28 22:01:08,389 [Worker-31: Building] INFO  o.a.m.s.f.DefaultMavenResourcesFiltering - skip non existing resourceDirectory C:\Users\VEERESH K C\Servelet-Project-Workspace\com.demo\src\test\resources
2025-10-28 22:06:49,758 [Worker-34: Building] INFO  o.a.m.s.f.DefaultMavenResourcesFiltering - Copying 1 resource from src\main\resources to target\classes
2025-10-28 22:06:49,761 [Worker-34: Building] INFO  o.a.m.s.f.DefaultMavenResourcesFiltering - skip non existing resourceDirectory C:\Users\VEERESH K C\Servelet-Project-Workspace\com.demo\src\test\resources
2025-10-29 09:17:23,028 [Worker-0: Loading available Gradle versions] INFO  o.e.b.c.i.u.g.PublishedGradleVersions - Gradle version information cache is out-of-date. Trying to update.
2025-10-29 09:59:26,853 [Worker-23: Building] INFO  o.e.m.c.i.l.LifecycleMappingFactory - Using org.maven.ide.eclipse.wtp.WarLifecycleMapping lifecycle mapping for MavenProject: EmployeeCRUD:com.demo:0.0.1-SNAPSHOT @ C:\Users\VEERESH K C\Servelet-Project-Workspace\com.demo\pom.xml.
2025-10-29 09:59:28,742 [Worker-23: Building] INFO  o.e.m.c.i.e.AbstractTransferListenerAdapter - Downloaded https://repo.maven.apache.org/maven2/org/glassfish/web/jakarta.servlet.jsp.jstl/3.0.1/jakarta.servlet.jsp.jstl-3.0.1.pom
2025-10-29 09:59:53,704 [Worker-6: Download sources and javadoc] INFO  o.e.m.c.i.e.AbstractTransferListenerAdapter - Downloading https://repo.maven.apache.org/maven2/org/glassfish/web/jakarta.servlet.jsp.jstl/3.0.1/jakarta.servlet.jsp.jstl-3.0.1-sources.jar
2025-10-29 09:59:54,548 [Worker-25: Building] INFO  o.a.m.s.f.DefaultMavenResourcesFiltering - Copying 1 resource from src\main\resources to target\classes
2025-10-29 09:59:54,644 [Worker-6: Download sources and javadoc] INFO  o.e.m.c.i.e.AbstractTransferListenerAdapter - Downloaded https://repo.maven.apache.org/maven2/org/glassfish/web/jakarta.servlet.jsp.jstl/3.0.1/jakarta.servlet.jsp.jstl-3.0.1-sources.jar
2025-10-29 09:59:54,664 [Worker-25: Building] INFO  o.a.m.s.f.DefaultMavenResourcesFiltering - skip non existing resourceDirectory C:\Users\VEERESH K C\Servelet-Project-Workspace\com.demo\src\test\resources
2025-10-29 09:59:56,925 [Worker-6: Download sources and javadoc] INFO  o.e.m.j.internal.DownloadSourcesJob - Downloaded sources for org.glassfish.web:jakarta.servlet.jsp.jstl:3.0.1
2025-10-29 09:59:57,634 [Worker-24: Building] INFO  o.a.m.s.f.DefaultMavenResourcesFiltering - Copying 0 resource from src\main\resources to target\classes
2025-10-29 09:59:57,640 [Worker-24: Building] INFO  o.a.m.s.f.DefaultMavenResourcesFiltering - skip non existing resourceDirectory C:\Users\VEERESH K C\Servelet-Project-Workspace\com.demo\src\test\resources
2025-10-29 10:00:14,255 [Worker-6: Building] INFO  o.a.m.s.f.DefaultMavenResourcesFiltering - Copying 0 resource from src\main\resources to target\classes
2025-10-29 10:00:14,289 [Worker-6: Building] INFO  o.a.m.s.f.DefaultMavenResourcesFiltering - skip non existing resourceDirectory C:\Users\VEERESH K C\Servelet-Project-Workspace\com.demo\src\test\resources
2025-10-29 10:00:29,574 [Worker-21: Building] INFO  o.a.m.s.f.DefaultMavenResourcesFiltering - Copying 0 resource from src\main\resources to target\classes
2025-10-29 10:00:29,586 [Worker-21: Building] INFO  o.a.m.s.f.DefaultMavenResourcesFiltering - skip non existing resourceDirectory C:\Users\VEERESH K C\Servelet-Project-Workspace\com.demo\src\test\resources
2025-10-29 10:03:04,912 [Worker-23: Building] INFO  o.a.m.s.f.DefaultMavenResourcesFiltering - Copying 0 resource from src\main\resources to target\classes
2025-10-29 10:03:04,918 [Worker-23: Building] INFO  o.a.m.s.f.DefaultMavenResourcesFiltering - skip non existing resourceDirectory C:\Users\VEERESH K C\Servelet-Project-Workspace\com.demo\src\test\resources
2025-10-29 10:03:14,454 [Worker-6: Building] INFO  o.a.m.s.f.DefaultMavenResourcesFiltering - Copying 0 resource from src\main\resources to target\classes
2025-10-29 10:03:14,461 [Worker-6: Building] INFO  o.a.m.s.f.DefaultMavenResourcesFiltering - skip non existing resourceDirectory C:\Users\VEERESH K C\Servelet-Project-Workspace\com.demo\src\test\resources
2025-10-29 10:03:53,030 [Worker-22: Building] INFO  o.a.m.s.f.DefaultMavenResourcesFiltering - Copying 1 resource from src\main\resources to target\classes
2025-10-29 10:03:53,078 [Worker-22: Building] INFO  o.a.m.s.f.DefaultMavenResourcesFiltering - skip non existing resourceDirectory C:\Users\VEERESH K C\Servelet-Project-Workspace\com.demo\src\test\resources
2025-10-29 10:04:19,006 [Worker-22: Updating Maven Project] INFO  o.e.m.c.i.p.ProjectConfigurationManager - Update started
2025-10-29 10:04:19,511 [Worker-22: Updating Maven Project] INFO  o.e.m.c.i.l.LifecycleMappingFactory - Using org.maven.ide.eclipse.wtp.WarLifecycleMapping lifecycle mapping for MavenProject: EmployeeCRUD:com.demo:0.0.1-SNAPSHOT @ C:\Users\VEERESH K C\Servelet-Project-Workspace\com.demo\pom.xml.
2025-10-29 10:04:20,817 [Worker-22: Updating Maven Project] INFO  o.e.m.c.i.e.AbstractTransferListenerAdapter - Downloading https://central.sonatype.com/repository/maven-snapshots/org/eclipse/ee4j/project/2.0.0-SNAPSHOT/maven-metadata.xml
2025-10-29 10:04:21,406 [Worker-22: Updating Maven Project] INFO  o.e.m.c.i.e.AbstractTransferListenerAdapter - Downloaded https://central.sonatype.com/repository/maven-snapshots/org/eclipse/ee4j/project/2.0.0-SNAPSHOT/maven-metadata.xml
2025-10-29 10:04:23,576 [Worker-22: Updating Maven Project] INFO  o.e.m.c.i.e.AbstractTransferListenerAdapter - Downloaded https://repo.maven.apache.org/maven2/org/glassfish/web/jakarta.servlet.jsp.jstl/3.0.1/jakarta.servlet.jsp.jstl-3.0.1.pom
2025-10-29 10:04:25,125 [Worker-22: Updating Maven Project] INFO  o.e.m.j.i.AbstractJavaProjectConfigurator - Adding source folder /com.demo/src/main/java
2025-10-29 10:04:25,126 [Worker-22: Updating Maven Project] INFO  o.e.m.j.i.AbstractJavaProjectConfigurator - Adding resource folder /com.demo/src/main/resources
2025-10-29 10:04:25,329 [Worker-22: Updating Maven Project] INFO  o.e.m.j.i.AbstractJavaProjectConfigurator - Adding source folder /com.demo/src/test/java
2025-10-29 10:04:26,274 [Worker-22: Updating Maven Project] INFO  o.e.m.w.i.f.ResourceFilteringBuildParticipant - Cleaning filtered folder for com.demo
2025-10-29 10:04:26,306 [Worker-22: Updating Maven Project] INFO  o.e.m.c.i.p.ProjectConfigurationManager - Update completed: 7 sec
2025-10-29 10:04:26,937 [Worker-20: Building] INFO  o.a.m.s.f.DefaultMavenResourcesFiltering - Copying 1 resource from src\main\resources to target\classes
2025-10-29 10:04:26,958 [Worker-20: Building] INFO  o.a.m.s.f.DefaultMavenResourcesFiltering - skip non existing resourceDirectory C:\Users\VEERESH K C\Servelet-Project-Workspace\com.demo\src\test\resources
2025-10-29 10:04:26,959 [Worker-20: Building] INFO  o.e.m.w.i.f.ResourceFilteringBuildParticipant - Changed resources require a complete clean of filtered resources of com.demo
2025-10-29 10:04:26,960 [Worker-20: Building] INFO  o.e.m.w.i.f.ResourceFilteringBuildParticipant - Executing resource filtering for com.demo
2025-10-29 10:20:45,484 [Worker-25: Building] INFO  o.a.m.s.f.DefaultMavenResourcesFiltering - Copying 1 resource from src\main\resources to target\classes
2025-10-29 10:20:45,489 [Worker-25: Building] INFO  o.a.m.s.f.DefaultMavenResourcesFiltering - skip non existing resourceDirectory C:\Users\VEERESH K C\Servelet-Project-Workspace\com.demo\src\test\resources
2025-10-29 10:21:13,261 [Worker-25: Building] INFO  o.a.m.s.f.DefaultMavenResourcesFiltering - Copying 1 resource from src\main\resources to target\classes
2025-10-29 10:21:13,265 [Worker-25: Building] INFO  o.a.m.s.f.DefaultMavenResourcesFiltering - skip non existing resourceDirectory C:\Users\VEERESH K C\Servelet-Project-Workspace\com.demo\src\test\resources
2025-10-29 10:25:11,762 [Worker-25: Building] INFO  o.a.m.s.f.DefaultMavenResourcesFiltering - Copying 1 resource from src\main\resources to target\classes
2025-10-29 10:25:11,765 [Worker-25: Building] INFO  o.a.m.s.f.DefaultMavenResourcesFiltering - skip non existing resourceDirectory C:\Users\VEERESH K C\Servelet-Project-Workspace\com.demo\src\test\resources
2025-10-29 10:25:17,729 [Worker-30: Building] INFO  o.a.m.s.f.DefaultMavenResourcesFiltering - Copying 1 resource from src\main\resources to target\classes
2025-10-29 10:25:17,735 [Worker-30: Building] INFO  o.a.m.s.f.DefaultMavenResourcesFiltering - skip non existing resourceDirectory C:\Users\VEERESH K C\Servelet-Project-Workspace\com.demo\src\test\resources
2025-10-29 10:31:48,652 [Worker-31: Building] INFO  o.a.m.s.f.DefaultMavenResourcesFiltering - Copying 1 resource from src\main\resources to target\classes
2025-10-29 10:31:48,655 [Worker-31: Building] INFO  o.a.m.s.f.DefaultMavenResourcesFiltering - skip non existing resourceDirectory C:\Users\VEERESH K C\Servelet-Project-Workspace\com.demo\src\test\resources
2025-10-29 10:32:03,039 [Worker-31: Building] INFO  o.a.m.s.f.DefaultMavenResourcesFiltering - Copying 1 resource from src\main\resources to target\classes
2025-10-29 10:32:03,042 [Worker-31: Building] INFO  o.a.m.s.f.DefaultMavenResourcesFiltering - skip non existing resourceDirectory C:\Users\VEERESH K C\Servelet-Project-Workspace\com.demo\src\test\resources
2025-10-29 10:32:20,613 [Worker-34: Building] INFO  o.a.m.s.f.DefaultMavenResourcesFiltering - Copying 1 resource from src\main\resources to target\classes
2025-10-29 10:32:20,617 [Worker-34: Building] INFO  o.a.m.s.f.DefaultMavenResourcesFiltering - skip non existing resourceDirectory C:\Users\VEERESH K C\Servelet-Project-Workspace\com.demo\src\test\resources
2025-10-29 10:35:30,827 [Worker-33: Building] INFO  o.a.m.s.f.DefaultMavenResourcesFiltering - Copying 1 resource from src\main\resources to target\classes
2025-10-29 10:35:30,833 [Worker-33: Building] INFO  o.a.m.s.f.DefaultMavenResourcesFiltering - skip non existing resourceDirectory C:\Users\VEERESH K C\Servelet-Project-Workspace\com.demo\src\test\resources
2025-10-29 11:05:39,325 [Worker-41: Building] INFO  o.a.m.s.f.DefaultMavenResourcesFiltering - Copying 1 resource from src\main\resources to target\classes
2025-10-29 11:05:39,328 [Worker-41: Building] INFO  o.a.m.s.f.DefaultMavenResourcesFiltering - skip non existing resourceDirectory C:\Users\VEERESH K C\Servelet-Project-Workspace\com.demo\src\test\resources
2025-10-29 13:45:35,234 [Worker-8: Loading available Gradle versions] INFO  o.e.b.c.i.u.g.PublishedGradleVersions - Gradle version information cache is up-to-date. Trying to read.
2025-10-29 22:19:44,216 [Worker-0: Loading available Gradle versions] INFO  o.e.b.c.i.u.g.PublishedGradleVersions - Gradle version information cache is up-to-date. Trying to read.
2025-10-29 22:20:34,467 [Worker-1: Building] INFO  o.a.m.s.f.DefaultMavenResourcesFiltering - Copying 1 resource from src\main\resources to target\classes
2025-10-29 22:20:34,489 [Worker-1: Building] INFO  o.a.m.s.f.DefaultMavenResourcesFiltering - skip non existing resourceDirectory C:\Users\VEERESH K C\Servelet-Project-Workspace\com.demo\src\test\resources
2025-10-29 22:20:42,074 [Worker-9: Building] INFO  o.a.m.s.f.DefaultMavenResourcesFiltering - Copying 1 resource from src\main\resources to target\classes
2025-10-29 22:20:42,093 [Worker-9: Building] INFO  o.a.m.s.f.DefaultMavenResourcesFiltering - skip non existing resourceDirectory C:\Users\VEERESH K C\Servelet-Project-Workspace\com.demo\src\test\resources
2025-10-29 22:21:15,578 [Worker-10: Building] INFO  o.a.m.s.f.DefaultMavenResourcesFiltering - Copying 1 resource from src\main\resources to target\classes
2025-10-29 22:21:15,582 [Worker-10: Building] INFO  o.a.m.s.f.DefaultMavenResourcesFiltering - skip non existing resourceDirectory C:\Users\VEERESH K C\Servelet-Project-Workspace\com.demo\src\test\resources
2025-10-29 22:21:19,973 [Worker-4: Building] INFO  o.a.m.s.f.DefaultMavenResourcesFiltering - Copying 1 resource from src\main\resources to target\classes
2025-10-29 22:21:19,978 [Worker-4: Building] INFO  o.a.m.s.f.DefaultMavenResourcesFiltering - skip non existing resourceDirectory C:\Users\VEERESH K C\Servelet-Project-Workspace\com.demo\src\test\resources
2025-10-29 22:21:22,733 [Worker-1: Building] INFO  o.a.m.s.f.DefaultMavenResourcesFiltering - Copying 1 resource from src\main\resources to target\classes
2025-10-29 22:21:22,739 [Worker-1: Building] INFO  o.a.m.s.f.DefaultMavenResourcesFiltering - skip non existing resourceDirectory C:\Users\VEERESH K C\Servelet-Project-Workspace\com.demo\src\test\resources
2025-10-29 22:21:36,552 [Worker-1: Building] INFO  o.a.m.s.f.DefaultMavenResourcesFiltering - Copying 1 resource from src\main\resources to target\classes
2025-10-29 22:21:36,557 [Worker-1: Building] INFO  o.a.m.s.f.DefaultMavenResourcesFiltering - skip non existing resourceDirectory C:\Users\VEERESH K C\Servelet-Project-Workspace\com.demo\src\test\resources
2025-10-29 22:21:40,186 [Worker-7: Building] INFO  o.a.m.s.f.DefaultMavenResourcesFiltering - Copying 1 resource from src\main\resources to target\classes
2025-10-29 22:21:40,194 [Worker-7: Building] INFO  o.a.m.s.f.DefaultMavenResourcesFiltering - skip non existing resourceDirectory C:\Users\VEERESH K C\Servelet-Project-Workspace\com.demo\src\test\resources
2025-10-29 22:22:16,835 [Worker-2: Building] INFO  o.a.m.s.f.DefaultMavenResourcesFiltering - Copying 1 resource from src\main\resources to target\classes
2025-10-29 22:22:16,842 [Worker-2: Building] INFO  o.a.m.s.f.DefaultMavenResourcesFiltering - skip non existing resourceDirectory C:\Users\VEERESH K C\Servelet-Project-Workspace\com.demo\src\test\resources
2025-10-29 22:22:25,199 [Worker-0: Building] INFO  o.a.m.s.f.DefaultMavenResourcesFiltering - Copying 1 resource from src\main\resources to target\classes
2025-10-29 22:22:25,205 [Worker-0: Building] INFO  o.a.m.s.f.DefaultMavenResourcesFiltering - skip non existing resourceDirectory C:\Users\VEERESH K C\Servelet-Project-Workspace\com.demo\src\test\resources
2025-10-29 22:24:12,689 [Worker-4: Building] INFO  o.a.m.s.f.DefaultMavenResourcesFiltering - Copying 1 resource from src\main\resources to target\classes
2025-10-29 22:24:12,694 [Worker-4: Building] INFO  o.a.m.s.f.DefaultMavenResourcesFiltering - skip non existing resourceDirectory C:\Users\VEERESH K C\Servelet-Project-Workspace\com.demo\src\test\resources
2025-10-29 22:27:19,565 [Worker-11: Building] INFO  o.a.m.s.f.DefaultMavenResourcesFiltering - Copying 1 resource from src\main\resources to target\classes
2025-10-29 22:27:19,569 [Worker-11: Building] INFO  o.a.m.s.f.DefaultMavenResourcesFiltering - skip non existing resourceDirectory C:\Users\VEERESH K C\Servelet-Project-Workspace\com.demo\src\test\resources
2025-10-29 22:31:38,344 [Worker-4: Building] INFO  o.a.m.s.f.DefaultMavenResourcesFiltering - Copying 1 resource from src\main\resources to target\classes
2025-10-29 22:31:38,347 [Worker-4: Building] INFO  o.a.m.s.f.DefaultMavenResourcesFiltering - skip non existing resourceDirectory C:\Users\VEERESH K C\Servelet-Project-Workspace\com.demo\src\test\resources
2025-10-29 22:32:25,747 [Worker-4: Building] INFO  o.a.m.s.f.DefaultMavenResourcesFiltering - Copying 1 resource from src\main\resources to target\classes
2025-10-29 22:32:25,752 [Worker-4: Building] INFO  o.a.m.s.f.DefaultMavenResourcesFiltering - skip non existing resourceDirectory C:\Users\VEERESH K C\Servelet-Project-Workspace\com.demo\src\test\resources
2025-10-29 22:33:32,060 [Worker-13: Building] INFO  o.a.m.s.f.DefaultMavenResourcesFiltering - Copying 1 resource from src\main\resources to target\classes
2025-10-29 22:33:32,064 [Worker-13: Building] INFO  o.a.m.s.f.DefaultMavenResourcesFiltering - skip non existing resourceDirectory C:\Users\VEERESH K C\Servelet-Project-Workspace\com.demo\src\test\resources
2025-10-29 22:35:03,454 [Worker-11: Building] INFO  o.a.m.s.f.DefaultMavenResourcesFiltering - Copying 1 resource from src\main\resources to target\classes
2025-10-29 22:35:03,466 [Worker-11: Building] INFO  o.a.m.s.f.DefaultMavenResourcesFiltering - skip non existing resourceDirectory C:\Users\VEERESH K C\Servelet-Project-Workspace\com.demo\src\test\resources
2025-10-29 22:35:57,535 [Worker-11: Building] INFO  o.a.m.s.f.DefaultMavenResourcesFiltering - Copying 1 resource from src\main\resources to target\classes
2025-10-29 22:35:57,541 [Worker-11: Building] INFO  o.a.m.s.f.DefaultMavenResourcesFiltering - skip non existing resourceDirectory C:\Users\VEERESH K C\Servelet-Project-Workspace\com.demo\src\test\resources
2025-10-29 22:37:39,054 [Worker-15: Building] INFO  o.a.m.s.f.DefaultMavenResourcesFiltering - Copying 1 resource from src\main\resources to target\classes
2025-10-29 22:37:39,057 [Worker-15: Building] INFO  o.a.m.s.f.DefaultMavenResourcesFiltering - skip non existing resourceDirectory C:\Users\VEERESH K C\Servelet-Project-Workspace\com.demo\src\test\resources
2025-10-29 22:40:32,781 [Worker-15: Building] INFO  o.a.m.s.f.DefaultMavenResourcesFiltering - Copying 1 resource from src\main\resources to target\classes
2025-10-29 22:40:32,784 [Worker-15: Building] INFO  o.a.m.s.f.DefaultMavenResourcesFiltering - skip non existing resourceDirectory C:\Users\VEERESH K C\Servelet-Project-Workspace\com.demo\src\test\resources
2025-10-29 22:41:32,660 [Worker-13: Building] INFO  o.a.m.s.f.DefaultMavenResourcesFiltering - Copying 1 resource from src\main\resources to target\classes
2025-10-29 22:41:32,664 [Worker-13: Building] INFO  o.a.m.s.f.DefaultMavenResourcesFiltering - skip non existing resourceDirectory C:\Users\VEERESH K C\Servelet-Project-Workspace\com.demo\src\test\resources
2025-10-29 22:42:23,275 [Worker-13: Building] INFO  o.a.m.s.f.DefaultMavenResourcesFiltering - Copying 1 resource from src\main\resources to target\classes
2025-10-29 22:42:23,282 [Worker-13: Building] INFO  o.a.m.s.f.DefaultMavenResourcesFiltering - skip non existing resourceDirectory C:\Users\VEERESH K C\Servelet-Project-Workspace\com.demo\src\test\resources
2025-10-29 22:42:59,714 [Worker-15: Building] INFO  o.a.m.s.f.DefaultMavenResourcesFiltering - Copying 1 resource from src\main\resources to target\classes
2025-10-29 22:42:59,717 [Worker-15: Building] INFO  o.a.m.s.f.DefaultMavenResourcesFiltering - skip non existing resourceDirectory C:\Users\VEERESH K C\Servelet-Project-Workspace\com.demo\src\test\resources
2025-10-29 22:44:44,666 [Worker-11: Building] INFO  o.a.m.s.f.DefaultMavenResourcesFiltering - Copying 1 resource from src\main\resources to target\classes
2025-10-29 22:44:44,670 [Worker-11: Building] INFO  o.a.m.s.f.DefaultMavenResourcesFiltering - skip non existing resourceDirectory C:\Users\VEERESH K C\Servelet-Project-Workspace\com.demo\src\test\resources
2025-10-29 22:47:13,426 [Worker-11: Building] INFO  o.a.m.s.f.DefaultMavenResourcesFiltering - Copying 1 resource from src\main\resources to target\classes
2025-10-29 22:47:13,429 [Worker-11: Building] INFO  o.a.m.s.f.DefaultMavenResourcesFiltering - skip non existing resourceDirectory C:\Users\VEERESH K C\Servelet-Project-Workspace\com.demo\src\test\resources
2025-10-29 22:48:01,409 [Worker-11: Building] INFO  o.a.m.s.f.DefaultMavenResourcesFiltering - Copying 1 resource from src\main\resources to target\classes
2025-10-29 22:48:01,412 [Worker-11: Building] INFO  o.a.m.s.f.DefaultMavenResourcesFiltering - skip non existing resourceDirectory C:\Users\VEERESH K C\Servelet-Project-Workspace\com.demo\src\test\resources
2025-10-29 22:50:56,137 [Worker-15: Building] INFO  o.a.m.s.f.DefaultMavenResourcesFiltering - Copying 1 resource from src\main\resources to target\classes
2025-10-29 22:50:56,140 [Worker-15: Building] INFO  o.a.m.s.f.DefaultMavenResourcesFiltering - skip non existing resourceDirectory C:\Users\VEERESH K C\Servelet-Project-Workspace\com.demo\src\test\resources
2025-10-29 22:52:10,976 [Worker-15: Building] INFO  o.a.m.s.f.DefaultMavenResourcesFiltering - Copying 1 resource from src\main\resources to target\classes
2025-10-29 22:52:10,980 [Worker-15: Building] INFO  o.a.m.s.f.DefaultMavenResourcesFiltering - skip non existing resourceDirectory C:\Users\VEERESH K C\Servelet-Project-Workspace\com.demo\src\test\resources
2025-10-29 22:54:57,836 [Worker-15: Building] INFO  o.a.m.s.f.DefaultMavenResourcesFiltering - Copying 1 resource from src\main\resources to target\classes
2025-10-29 22:54:57,839 [Worker-15: Building] INFO  o.a.m.s.f.DefaultMavenResourcesFiltering - skip non existing resourceDirectory C:\Users\VEERESH K C\Servelet-Project-Workspace\com.demo\src\test\resources
2025-10-29 22:55:05,139 [Worker-11: Building] INFO  o.a.m.s.f.DefaultMavenResourcesFiltering - Copying 1 resource from src\main\resources to target\classes
2025-10-29 22:55:05,142 [Worker-11: Building] INFO  o.a.m.s.f.DefaultMavenResourcesFiltering - skip non existing resourceDirectory C:\Users\VEERESH K C\Servelet-Project-Workspace\com.demo\src\test\resources
2025-10-29 22:55:35,658 [Worker-15: Building] INFO  o.a.m.s.f.DefaultMavenResourcesFiltering - Copying 1 resource from src\main\resources to target\classes
2025-10-29 22:55:35,661 [Worker-15: Building] INFO  o.a.m.s.f.DefaultMavenResourcesFiltering - skip non existing resourceDirectory C:\Users\VEERESH K C\Servelet-Project-Workspace\com.demo\src\test\resources
2025-10-29 22:56:05,809 [Worker-13: Building] INFO  o.a.m.s.f.DefaultMavenResourcesFiltering - Copying 1 resource from src\main\resources to target\classes
2025-10-29 22:56:05,813 [Worker-13: Building] INFO  o.a.m.s.f.DefaultMavenResourcesFiltering - skip non existing resourceDirectory C:\Users\VEERESH K C\Servelet-Project-Workspace\com.demo\src\test\resources
2025-10-29 22:56:21,948 [Worker-15: Building] INFO  o.a.m.s.f.DefaultMavenResourcesFiltering - Copying 1 resource from src\main\resources to target\classes
2025-10-29 22:56:21,952 [Worker-15: Building] INFO  o.a.m.s.f.DefaultMavenResourcesFiltering - skip non existing resourceDirectory C:\Users\VEERESH K C\Servelet-Project-Workspace\com.demo\src\test\resources
2025-10-29 22:56:29,268 [Worker-2: Building] INFO  o.a.m.s.f.DefaultMavenResourcesFiltering - Copying 1 resource from src\main\resources to target\classes
2025-10-29 22:56:29,271 [Worker-2: Building] INFO  o.a.m.s.f.DefaultMavenResourcesFiltering - skip non existing resourceDirectory C:\Users\VEERESH K C\Servelet-Project-Workspace\com.demo\src\test\resources
2025-10-29 22:57:31,091 [Worker-15: Building] INFO  o.a.m.s.f.DefaultMavenResourcesFiltering - Copying 1 resource from src\main\resources to target\classes
2025-10-29 22:57:31,094 [Worker-15: Building] INFO  o.a.m.s.f.DefaultMavenResourcesFiltering - skip non existing resourceDirectory C:\Users\VEERESH K C\Servelet-Project-Workspace\com.demo\src\test\resources
2025-10-29 22:57:59,139 [Worker-2: Building] INFO  o.a.m.s.f.DefaultMavenResourcesFiltering - Copying 1 resource from src\main\resources to target\classes
2025-10-29 22:57:59,142 [Worker-2: Building] INFO  o.a.m.s.f.DefaultMavenResourcesFiltering - skip non existing resourceDirectory C:\Users\VEERESH K C\Servelet-Project-Workspace\com.demo\src\test\resources
2025-10-29 22:58:21,911 [Worker-13: Building] INFO  o.a.m.s.f.DefaultMavenResourcesFiltering - Copying 1 resource from src\main\resources to target\classes
2025-10-29 22:58:21,913 [Worker-13: Building] INFO  o.a.m.s.f.DefaultMavenResourcesFiltering - skip non existing resourceDirectory C:\Users\VEERESH K C\Servelet-Project-Workspace\com.demo\src\test\resources
2025-10-29 22:58:27,670 [Worker-2: Building] INFO  o.a.m.s.f.DefaultMavenResourcesFiltering - Copying 1 resource from src\main\resources to target\classes
2025-10-29 22:58:27,673 [Worker-2: Building] INFO  o.a.m.s.f.DefaultMavenResourcesFiltering - skip non existing resourceDirectory C:\Users\VEERESH K C\Servelet-Project-Workspace\com.demo\src\test\resources
2025-10-29 22:58:57,515 [Worker-11: Building] INFO  o.a.m.s.f.DefaultMavenResourcesFiltering - Copying 1 resource from src\main\resources to target\classes
2025-10-29 22:58:57,518 [Worker-11: Building] INFO  o.a.m.s.f.DefaultMavenResourcesFiltering - skip non existing resourceDirectory C:\Users\VEERESH K C\Servelet-Project-Workspace\com.demo\src\test\resources
2025-10-29 22:59:06,041 [Worker-13: Building] INFO  o.a.m.s.f.DefaultMavenResourcesFiltering - Copying 1 resource from src\main\resources to target\classes
2025-10-29 22:59:06,045 [Worker-13: Building] INFO  o.a.m.s.f.DefaultMavenResourcesFiltering - skip non existing resourceDirectory C:\Users\VEERESH K C\Servelet-Project-Workspace\com.demo\src\test\resources
2025-10-29 22:59:30,472 [Worker-15: Building] INFO  o.a.m.s.f.DefaultMavenResourcesFiltering - Copying 1 resource from src\main\resources to target\classes
2025-10-29 22:59:30,475 [Worker-15: Building] INFO  o.a.m.s.f.DefaultMavenResourcesFiltering - skip non existing resourceDirectory C:\Users\VEERESH K C\Servelet-Project-Workspace\com.demo\src\test\resources
2025-10-29 22:59:35,481 [Worker-11: Building] INFO  o.a.m.s.f.DefaultMavenResourcesFiltering - Copying 1 resource from src\main\resources to target\classes
2025-10-29 22:59:35,484 [Worker-11: Building] INFO  o.a.m.s.f.DefaultMavenResourcesFiltering - skip non existing resourceDirectory C:\Users\VEERESH K C\Servelet-Project-Workspace\com.demo\src\test\resources
2025-10-29 22:59:50,022 [Worker-13: Building] INFO  o.a.m.s.f.DefaultMavenResourcesFiltering - Copying 1 resource from src\main\resources to target\classes
2025-10-29 22:59:50,025 [Worker-13: Building] INFO  o.a.m.s.f.DefaultMavenResourcesFiltering - skip non existing resourceDirectory C:\Users\VEERESH K C\Servelet-Project-Workspace\com.demo\src\test\resources
2025-10-29 22:59:55,665 [Worker-11: Building] INFO  o.a.m.s.f.DefaultMavenResourcesFiltering - Copying 1 resource from src\main\resources to target\classes
2025-10-29 22:59:55,668 [Worker-11: Building] INFO  o.a.m.s.f.DefaultMavenResourcesFiltering - skip non existing resourceDirectory C:\Users\VEERESH K C\Servelet-Project-Workspace\com.demo\src\test\resources
2025-10-29 23:00:05,326 [Worker-11: Building] INFO  o.a.m.s.f.DefaultMavenResourcesFiltering - Copying 1 resource from src\main\resources to target\classes
2025-10-29 23:00:05,329 [Worker-11: Building] INFO  o.a.m.s.f.DefaultMavenResourcesFiltering - skip non existing resourceDirectory C:\Users\VEERESH K C\Servelet-Project-Workspace\com.demo\src\test\resources
2025-10-29 23:00:48,756 [Worker-2: Building] INFO  o.a.m.s.f.DefaultMavenResourcesFiltering - Copying 1 resource from src\main\resources to target\classes
2025-10-29 23:00:48,759 [Worker-2: Building] INFO  o.a.m.s.f.DefaultMavenResourcesFiltering - skip non existing resourceDirectory C:\Users\VEERESH K C\Servelet-Project-Workspace\com.demo\src\test\resources
2025-10-29 23:01:36,250 [Worker-15: Building] INFO  o.a.m.s.f.DefaultMavenResourcesFiltering - Copying 1 resource from src\main\resources to target\classes
2025-10-29 23:01:36,253 [Worker-15: Building] INFO  o.a.m.s.f.DefaultMavenResourcesFiltering - skip non existing resourceDirectory C:\Users\VEERESH K C\Servelet-Project-Workspace\com.demo\src\test\resources
2025-10-29 23:02:05,409 [Worker-11: Building] INFO  o.a.m.s.f.DefaultMavenResourcesFiltering - Copying 1 resource from src\main\resources to target\classes
2025-10-29 23:02:05,411 [Worker-11: Building] INFO  o.a.m.s.f.DefaultMavenResourcesFiltering - skip non existing resourceDirectory C:\Users\VEERESH K C\Servelet-Project-Workspace\com.demo\src\test\resources
2025-10-29 23:06:27,242 [Worker-15: Building] INFO  o.a.m.s.f.DefaultMavenResourcesFiltering - Copying 1 resource from src\main\resources to target\classes
2025-10-29 23:06:27,245 [Worker-15: Building] INFO  o.a.m.s.f.DefaultMavenResourcesFiltering - skip non existing resourceDirectory C:\Users\VEERESH K C\Servelet-Project-Workspace\com.demo\src\test\resources
2025-10-29 23:15:07,788 [Worker-20: Building] INFO  o.a.m.s.f.DefaultMavenResourcesFiltering - Copying 1 resource from src\main\resources to target\classes
2025-10-29 23:15:07,791 [Worker-20: Building] INFO  o.a.m.s.f.DefaultMavenResourcesFiltering - skip non existing resourceDirectory C:\Users\VEERESH K C\Servelet-Project-Workspace\com.demo\src\test\resources
2025-10-29 23:15:18,326 [Worker-15: Building] INFO  o.a.m.s.f.DefaultMavenResourcesFiltering - Copying 1 resource from src\main\resources to target\classes
2025-10-29 23:15:18,329 [Worker-15: Building] INFO  o.a.m.s.f.DefaultMavenResourcesFiltering - skip non existing resourceDirectory C:\Users\VEERESH K C\Servelet-Project-Workspace\com.demo\src\test\resources
2025-10-29 23:16:43,314 [Worker-20: Building] INFO  o.a.m.s.f.DefaultMavenResourcesFiltering - Copying 1 resource from src\main\resources to target\classes
2025-10-29 23:16:43,317 [Worker-20: Building] INFO  o.a.m.s.f.DefaultMavenResourcesFiltering - skip non existing resourceDirectory C:\Users\VEERESH K C\Servelet-Project-Workspace\com.demo\src\test\resources
2025-10-29 23:21:03,635 [Worker-19: Building] INFO  o.a.m.s.f.DefaultMavenResourcesFiltering - Copying 1 resource from src\main\resources to target\classes
2025-10-29 23:21:03,638 [Worker-19: Building] INFO  o.a.m.s.f.DefaultMavenResourcesFiltering - skip non existing resourceDirectory C:\Users\VEERESH K C\Servelet-Project-Workspace\com.demo\src\test\resources
2025-10-29 23:21:17,198 [Worker-20: Building] INFO  o.a.m.s.f.DefaultMavenResourcesFiltering - Copying 1 resource from src\main\resources to target\classes
2025-10-29 23:21:17,201 [Worker-20: Building] INFO  o.a.m.s.f.DefaultMavenResourcesFiltering - skip non existing resourceDirectory C:\Users\VEERESH K C\Servelet-Project-Workspace\com.demo\src\test\resources
2025-10-29 23:21:38,070 [Worker-20: Building] INFO  o.a.m.s.f.DefaultMavenResourcesFiltering - Copying 1 resource from src\main\resources to target\classes
2025-10-29 23:21:38,073 [Worker-20: Building] INFO  o.a.m.s.f.DefaultMavenResourcesFiltering - skip non existing resourceDirectory C:\Users\VEERESH K C\Servelet-Project-Workspace\com.demo\src\test\resources
2025-10-29 23:22:50,146 [Worker-15: Building] INFO  o.a.m.s.f.DefaultMavenResourcesFiltering - Copying 1 resource from src\main\resources to target\classes
2025-10-29 23:22:50,149 [Worker-15: Building] INFO  o.a.m.s.f.DefaultMavenResourcesFiltering - skip non existing resourceDirectory C:\Users\VEERESH K C\Servelet-Project-Workspace\com.demo\src\test\resources
2025-10-29 23:23:31,286 [Worker-20: Building] INFO  o.a.m.s.f.DefaultMavenResourcesFiltering - Copying 1 resource from src\main\resources to target\classes
2025-10-29 23:23:31,289 [Worker-20: Building] INFO  o.a.m.s.f.DefaultMavenResourcesFiltering - skip non existing resourceDirectory C:\Users\VEERESH K C\Servelet-Project-Workspace\com.demo\src\test\resources
2025-10-29 23:24:39,698 [Worker-20: Building] INFO  o.a.m.s.f.DefaultMavenResourcesFiltering - Copying 1 resource from src\main\resources to target\classes
2025-10-29 23:24:39,703 [Worker-20: Building] INFO  o.a.m.s.f.DefaultMavenResourcesFiltering - skip non existing resourceDirectory C:\Users\VEERESH K C\Servelet-Project-Workspace\com.demo\src\test\resources
2025-10-29 23:26:19,388 [Worker-21: Building] INFO  o.a.m.s.f.DefaultMavenResourcesFiltering - Copying 1 resource from src\main\resources to target\classes
2025-10-29 23:26:19,391 [Worker-21: Building] INFO  o.a.m.s.f.DefaultMavenResourcesFiltering - skip non existing resourceDirectory C:\Users\VEERESH K C\Servelet-Project-Workspace\com.demo\src\test\resources
2025-10-29 23:26:58,637 [Worker-15: Building] INFO  o.a.m.s.f.DefaultMavenResourcesFiltering - Copying 1 resource from src\main\resources to target\classes
2025-10-29 23:26:58,640 [Worker-15: Building] INFO  o.a.m.s.f.DefaultMavenResourcesFiltering - skip non existing resourceDirectory C:\Users\VEERESH K C\Servelet-Project-Workspace\com.demo\src\test\resources
2025-10-29 23:27:02,412 [Worker-15: Building] INFO  o.a.m.s.f.DefaultMavenResourcesFiltering - Copying 1 resource from src\main\resources to target\classes
2025-10-29 23:27:02,416 [Worker-15: Building] INFO  o.a.m.s.f.DefaultMavenResourcesFiltering - skip non existing resourceDirectory C:\Users\VEERESH K C\Servelet-Project-Workspace\com.demo\src\test\resources
2025-10-29 23:27:26,826 [Worker-21: Building] INFO  o.a.m.s.f.DefaultMavenResourcesFiltering - Copying 1 resource from src\main\resources to target\classes
2025-10-29 23:27:26,831 [Worker-21: Building] INFO  o.a.m.s.f.DefaultMavenResourcesFiltering - skip non existing resourceDirectory C:\Users\VEERESH K C\Servelet-Project-Workspace\com.demo\src\test\resources
2025-10-29 23:28:32,083 [Worker-21: Building] INFO  o.a.m.s.f.DefaultMavenResourcesFiltering - Copying 1 resource from src\main\resources to target\classes
2025-10-29 23:28:32,086 [Worker-21: Building] INFO  o.a.m.s.f.DefaultMavenResourcesFiltering - skip non existing resourceDirectory C:\Users\VEERESH K C\Servelet-Project-Workspace\com.demo\src\test\resources
2025-10-29 23:28:39,198 [Worker-20: Building] INFO  o.a.m.s.f.DefaultMavenResourcesFiltering - Copying 1 resource from src\main\resources to target\classes
2025-10-29 23:28:39,203 [Worker-20: Building] INFO  o.a.m.s.f.DefaultMavenResourcesFiltering - skip non existing resourceDirectory C:\Users\VEERESH K C\Servelet-Project-Workspace\com.demo\src\test\resources
2025-10-29 23:28:53,012 [Worker-18: Building] INFO  o.a.m.s.f.DefaultMavenResourcesFiltering - Copying 1 resource from src\main\resources to target\classes
2025-10-29 23:28:53,015 [Worker-18: Building] INFO  o.a.m.s.f.DefaultMavenResourcesFiltering - skip non existing resourceDirectory C:\Users\VEERESH K C\Servelet-Project-Workspace\com.demo\src\test\resources
2025-10-29 23:28:55,110 [Worker-18: Building] INFO  o.a.m.s.f.DefaultMavenResourcesFiltering - Copying 1 resource from src\main\resources to target\classes
2025-10-29 23:28:55,121 [Worker-18: Building] INFO  o.a.m.s.f.DefaultMavenResourcesFiltering - skip non existing resourceDirectory C:\Users\VEERESH K C\Servelet-Project-Workspace\com.demo\src\test\resources
2025-10-29 23:29:12,961 [Worker-18: Building] INFO  o.a.m.s.f.DefaultMavenResourcesFiltering - Copying 1 resource from src\main\resources to target\classes
2025-10-29 23:29:12,964 [Worker-18: Building] INFO  o.a.m.s.f.DefaultMavenResourcesFiltering - skip non existing resourceDirectory C:\Users\VEERESH K C\Servelet-Project-Workspace\com.demo\src\test\resources
2025-10-29 23:42:28,728 [Worker-5: Loading available Gradle versions] INFO  o.e.b.c.i.u.g.PublishedGradleVersions - Gradle version information cache is up-to-date. Trying to read.
2025-10-30 09:17:23,524 [Worker-7: Loading available Gradle versions] INFO  o.e.b.c.i.u.g.PublishedGradleVersions - Gradle version information cache is up-to-date. Trying to read.
2025-10-30 09:22:18,172 [Worker-2: Loading available Gradle versions] INFO  o.e.b.c.i.u.g.PublishedGradleVersions - Gradle version information cache is out-of-date. Trying to update.
2025-10-30 09:22:19,431 [Worker-2: Loading available Gradle versions] INFO  o.e.b.c.i.u.g.PublishedGradleVersions - Updating Gradle version information cache failed. Using outdated cache.
2025-10-30 09:23:33,275 [Worker-14: Building] INFO  o.a.m.s.f.DefaultMavenResourcesFiltering - Copying 1 resource from src\main\resources to target\classes
2025-10-30 09:23:33,334 [Worker-14: Building] INFO  o.a.m.s.f.DefaultMavenResourcesFiltering - skip non existing resourceDirectory C:\Users\VEERESH K C\Servelet-Project-Workspace\com.demo\src\test\resources
2025-10-30 09:44:11,693 [Worker-20: Building] INFO  o.a.m.s.f.DefaultMavenResourcesFiltering - Copying 1 resource from src\main\resources to target\classes
2025-10-30 09:44:11,721 [Worker-20: Building] INFO  o.a.m.s.f.DefaultMavenResourcesFiltering - skip non existing resourceDirectory C:\Users\VEERESH K C\Servelet-Project-Workspace\com.demo\src\test\resources
2025-10-30 09:46:03,440 [Worker-21: Building] INFO  o.e.m.c.i.l.LifecycleMappingFactory - Using org.maven.ide.eclipse.wtp.WarLifecycleMapping lifecycle mapping for MavenProject: EmployeeCRUD:com.demo:0.0.1-SNAPSHOT @ C:\Users\VEERESH K C\Servelet-Project-Workspace\com.demo\pom.xml.
2025-10-30 09:46:08,918 [Worker-10: Building] INFO  o.a.m.s.f.DefaultMavenResourcesFiltering - Copying 1 resource from src\main\resources to target\classes
2025-10-30 09:46:08,952 [Worker-10: Building] INFO  o.a.m.s.f.DefaultMavenResourcesFiltering - skip non existing resourceDirectory C:\Users\VEERESH K C\Servelet-Project-Workspace\com.demo\src\test\resources
2025-10-30 09:46:10,109 [Worker-20: Download sources and javadoc] INFO  o.e.m.c.i.e.AbstractTransferListenerAdapter - Downloading https://repo.maven.apache.org/maven2/javax/servlet/servlet-api/3.0-alpha-1/servlet-api-3.0-alpha-1-sources.jar
2025-10-30 09:46:10,484 [Worker-20: Download sources and javadoc] INFO  o.e.m.c.i.e.AbstractTransferListenerAdapter - Downloaded https://repo.maven.apache.org/maven2/javax/servlet/servlet-api/3.0-alpha-1/servlet-api-3.0-alpha-1-sources.jar
2025-10-30 09:46:12,966 [Worker-20: Download sources and javadoc] INFO  o.e.m.j.internal.DownloadSourcesJob - Downloaded sources for javax.servlet:servlet-api:3.0-alpha-1
2025-10-30 09:46:16,158 [Worker-20: Building] INFO  o.a.m.s.f.DefaultMavenResourcesFiltering - Copying 1 resource from src\main\resources to target\classes
2025-10-30 09:46:16,230 [Worker-20: Building] INFO  o.a.m.s.f.DefaultMavenResourcesFiltering - skip non existing resourceDirectory C:\Users\VEERESH K C\Servelet-Project-Workspace\com.demo\src\test\resources
2025-10-30 09:46:46,955 [Worker-24: Updating Maven Project] INFO  o.e.m.c.i.p.ProjectConfigurationManager - Update started
2025-10-30 09:46:48,048 [Worker-24: Updating Maven Project] INFO  o.e.m.c.i.l.LifecycleMappingFactory - Using org.maven.ide.eclipse.wtp.WarLifecycleMapping lifecycle mapping for MavenProject: EmployeeCRUD:com.demo:0.0.1-SNAPSHOT @ C:\Users\VEERESH K C\Servelet-Project-Workspace\com.demo\pom.xml.
2025-10-30 09:46:49,555 [Worker-24: Updating Maven Project] INFO  o.e.m.c.i.e.AbstractTransferListenerAdapter - Downloading https://central.sonatype.com/repository/maven-snapshots/org/eclipse/ee4j/project/2.0.0-SNAPSHOT/maven-metadata.xml
2025-10-30 09:46:50,164 [Worker-24: Updating Maven Project] INFO  o.e.m.c.i.e.AbstractTransferListenerAdapter - Downloaded https://central.sonatype.com/repository/maven-snapshots/org/eclipse/ee4j/project/2.0.0-SNAPSHOT/maven-metadata.xml
2025-10-30 09:46:53,135 [Worker-24: Updating Maven Project] INFO  o.e.m.j.i.AbstractJavaProjectConfigurator - Adding source folder /com.demo/src/main/java
2025-10-30 09:46:53,138 [Worker-24: Updating Maven Project] INFO  o.e.m.j.i.AbstractJavaProjectConfigurator - Adding resource folder /com.demo/src/main/resources
2025-10-30 09:46:53,140 [Worker-24: Updating Maven Project] INFO  o.e.m.j.i.AbstractJavaProjectConfigurator - Adding source folder /com.demo/src/test/java
2025-10-30 09:46:55,204 [Worker-24: Updating Maven Project] INFO  o.e.m.w.i.f.ResourceFilteringBuildParticipant - Cleaning filtered folder for com.demo
2025-10-30 09:46:55,276 [Worker-24: Updating Maven Project] INFO  o.e.m.c.i.p.ProjectConfigurationManager - Update completed: 8 sec
2025-10-30 09:46:56,806 [Worker-24: Building] INFO  o.a.m.s.f.DefaultMavenResourcesFiltering - Copying 1 resource from src\main\resources to target\classes
2025-10-30 09:46:56,908 [Worker-24: Building] INFO  o.a.m.s.f.DefaultMavenResourcesFiltering - skip non existing resourceDirectory C:\Users\VEERESH K C\Servelet-Project-Workspace\com.demo\src\test\resources
2025-10-30 09:46:56,914 [Worker-24: Building] INFO  o.e.m.w.i.f.ResourceFilteringBuildParticipant - Changed resources require a complete clean of filtered resources of com.demo
2025-10-30 09:46:56,919 [Worker-24: Building] INFO  o.e.m.w.i.f.ResourceFilteringBuildParticipant - Executing resource filtering for com.demo
2025-10-30 09:47:35,318 [Worker-23: Building] INFO  o.a.m.s.f.DefaultMavenResourcesFiltering - Copying 1 resource from src\main\resources to target\classes
2025-10-30 09:47:35,327 [Worker-23: Building] INFO  o.a.m.s.f.DefaultMavenResourcesFiltering - skip non existing resourceDirectory C:\Users\VEERESH K C\Servelet-Project-Workspace\com.demo\src\test\resources
2025-10-30 09:49:32,176 [Worker-23: Building] INFO  o.a.m.s.f.DefaultMavenResourcesFiltering - Copying 1 resource from src\main\resources to target\classes
2025-10-30 09:49:32,206 [Worker-23: Building] INFO  o.a.m.s.f.DefaultMavenResourcesFiltering - skip non existing resourceDirectory C:\Users\VEERESH K C\Servelet-Project-Workspace\com.demo\src\test\resources
2025-10-30 09:52:22,956 [Worker-21: Building] INFO  o.a.m.s.f.DefaultMavenResourcesFiltering - Copying 1 resource from src\main\resources to target\classes
2025-10-30 09:52:22,970 [Worker-21: Building] INFO  o.a.m.s.f.DefaultMavenResourcesFiltering - skip non existing resourceDirectory C:\Users\VEERESH K C\Servelet-Project-Workspace\com.demo\src\test\resources
2025-10-30 10:11:13,856 [Worker-30: Building] INFO  o.a.m.s.f.DefaultMavenResourcesFiltering - Copying 1 resource from src\main\resources to target\classes
2025-10-30 10:11:13,859 [Worker-30: Building] INFO  o.a.m.s.f.DefaultMavenResourcesFiltering - skip non existing resourceDirectory C:\Users\VEERESH K C\Servelet-Project-Workspace\com.demo\src\test\resources
2025-10-30 10:12:48,482 [Worker-21: Building] INFO  o.a.m.s.f.DefaultMavenResourcesFiltering - Copying 1 resource from src\main\resources to target\classes
2025-10-30 10:12:48,486 [Worker-21: Building] INFO  o.a.m.s.f.DefaultMavenResourcesFiltering - skip non existing resourceDirectory C:\Users\VEERESH K C\Servelet-Project-Workspace\com.demo\src\test\resources
2025-10-30 10:16:10,436 [Worker-33: Building] INFO  o.a.m.s.f.DefaultMavenResourcesFiltering - Copying 1 resource from src\main\resources to target\classes
2025-10-30 10:16:10,439 [Worker-33: Building] INFO  o.a.m.s.f.DefaultMavenResourcesFiltering - skip non existing resourceDirectory C:\Users\VEERESH K C\Servelet-Project-Workspace\com.demo\src\test\resources
2025-10-30 10:48:26,181 [Worker-40: Building] INFO  o.a.m.s.f.DefaultMavenResourcesFiltering - Copying 1 resource from src\main\resources to target\classes
2025-10-30 10:48:26,185 [Worker-40: Building] INFO  o.a.m.s.f.DefaultMavenResourcesFiltering - skip non existing resourceDirectory C:\Users\VEERESH K C\Servelet-Project-Workspace\com.demo\src\test\resources
2025-10-30 10:51:26,152 [Worker-40: Building] INFO  o.a.m.s.f.DefaultMavenResourcesFiltering - Copying 1 resource from src\main\resources to target\classes
2025-10-30 10:51:26,157 [Worker-40: Building] INFO  o.a.m.s.f.DefaultMavenResourcesFiltering - skip non existing resourceDirectory C:\Users\VEERESH K C\Servelet-Project-Workspace\com.demo\src\test\resources
2025-10-30 10:51:49,848 [Worker-39: Building] INFO  o.a.m.s.f.DefaultMavenResourcesFiltering - Copying 1 resource from src\main\resources to target\classes
2025-10-30 10:51:49,852 [Worker-39: Building] INFO  o.a.m.s.f.DefaultMavenResourcesFiltering - skip non existing resourceDirectory C:\Users\VEERESH K C\Servelet-Project-Workspace\com.demo\src\test\resources
2025-10-30 10:53:40,642 [Worker-40: Building] INFO  o.a.m.s.f.DefaultMavenResourcesFiltering - Copying 1 resource from src\main\resources to target\classes
2025-10-30 10:53:40,646 [Worker-40: Building] INFO  o.a.m.s.f.DefaultMavenResourcesFiltering - skip non existing resourceDirectory C:\Users\VEERESH K C\Servelet-Project-Workspace\com.demo\src\test\resources
2025-10-30 10:53:42,761 [Worker-40: Building] INFO  o.a.m.s.f.DefaultMavenResourcesFiltering - Copying 1 resource from src\main\resources to target\classes
2025-10-30 10:53:42,766 [Worker-40: Building] INFO  o.a.m.s.f.DefaultMavenResourcesFiltering - skip non existing resourceDirectory C:\Users\VEERESH K C\Servelet-Project-Workspace\com.demo\src\test\resources
2025-10-30 10:57:36,758 [Worker-36: Building] INFO  o.a.m.s.f.DefaultMavenResourcesFiltering - Copying 1 resource from src\main\resources to target\classes
2025-10-30 10:57:36,763 [Worker-36: Building] INFO  o.a.m.s.f.DefaultMavenResourcesFiltering - skip non existing resourceDirectory C:\Users\VEERESH K C\Servelet-Project-Workspace\com.demo\src\test\resources
2025-10-30 10:58:36,740 [Worker-41: Building] INFO  o.a.m.s.f.DefaultMavenResourcesFiltering - Copying 1 resource from src\main\resources to target\classes
2025-10-30 10:58:36,745 [Worker-41: Building] INFO  o.a.m.s.f.DefaultMavenResourcesFiltering - skip non existing resourceDirectory C:\Users\VEERESH K C\Servelet-Project-Workspace\com.demo\src\test\resources
2025-10-30 10:58:54,470 [Worker-39: Building] INFO  o.a.m.s.f.DefaultMavenResourcesFiltering - Copying 1 resource from src\main\resources to target\classes
2025-10-30 10:58:54,473 [Worker-39: Building] INFO  o.a.m.s.f.DefaultMavenResourcesFiltering - skip non existing resourceDirectory C:\Users\VEERESH K C\Servelet-Project-Workspace\com.demo\src\test\resources
2025-10-30 10:59:40,136 [Worker-36: Building] INFO  o.a.m.s.f.DefaultMavenResourcesFiltering - Copying 1 resource from src\main\resources to target\classes
2025-10-30 10:59:40,144 [Worker-36: Building] INFO  o.a.m.s.f.DefaultMavenResourcesFiltering - skip non existing resourceDirectory C:\Users\VEERESH K C\Servelet-Project-Workspace\com.demo\src\test\resources
2025-10-30 10:59:50,645 [Worker-40: Building] INFO  o.a.m.s.f.DefaultMavenResourcesFiltering - Copying 1 resource from src\main\resources to target\classes
2025-10-30 10:59:50,648 [Worker-40: Building] INFO  o.a.m.s.f.DefaultMavenResourcesFiltering - skip non existing resourceDirectory C:\Users\VEERESH K C\Servelet-Project-Workspace\com.demo\src\test\resources
2025-10-30 10:59:52,715 [Worker-37: Building] INFO  o.a.m.s.f.DefaultMavenResourcesFiltering - Copying 1 resource from src\main\resources to target\classes
2025-10-30 10:59:52,723 [Worker-37: Building] INFO  o.a.m.s.f.DefaultMavenResourcesFiltering - skip non existing resourceDirectory C:\Users\VEERESH K C\Servelet-Project-Workspace\com.demo\src\test\resources
2025-10-30 10:59:55,362 [Worker-38: Building] INFO  o.a.m.s.f.DefaultMavenResourcesFiltering - Copying 1 resource from src\main\resources to target\classes
2025-10-30 10:59:55,366 [Worker-38: Building] INFO  o.a.m.s.f.DefaultMavenResourcesFiltering - skip non existing resourceDirectory C:\Users\VEERESH K C\Servelet-Project-Workspace\com.demo\src\test\resources
2025-10-30 11:01:45,775 [Worker-36: Building] INFO  o.a.m.s.f.DefaultMavenResourcesFiltering - Copying 1 resource from src\main\resources to target\classes
2025-10-30 11:01:45,785 [Worker-36: Building] INFO  o.a.m.s.f.DefaultMavenResourcesFiltering - skip non existing resourceDirectory C:\Users\VEERESH K C\Servelet-Project-Workspace\com.demo\src\test\resources
2025-10-30 11:02:02,400 [Worker-40: Building] INFO  o.a.m.s.f.DefaultMavenResourcesFiltering - Copying 1 resource from src\main\resources to target\classes
2025-10-30 11:02:02,404 [Worker-40: Building] INFO  o.a.m.s.f.DefaultMavenResourcesFiltering - skip non existing resourceDirectory C:\Users\VEERESH K C\Servelet-Project-Workspace\com.demo\src\test\resources
2025-10-30 11:02:05,695 [Worker-37: Building] INFO  o.a.m.s.f.DefaultMavenResourcesFiltering - Copying 1 resource from src\main\resources to target\classes
2025-10-30 11:02:05,699 [Worker-37: Building] INFO  o.a.m.s.f.DefaultMavenResourcesFiltering - skip non existing resourceDirectory C:\Users\VEERESH K C\Servelet-Project-Workspace\com.demo\src\test\resources
2025-10-30 11:02:31,235 [Worker-41: Building] INFO  o.a.m.s.f.DefaultMavenResourcesFiltering - Copying 1 resource from src\main\resources to target\classes
2025-10-30 11:02:31,238 [Worker-41: Building] INFO  o.a.m.s.f.DefaultMavenResourcesFiltering - skip non existing resourceDirectory C:\Users\VEERESH K C\Servelet-Project-Workspace\com.demo\src\test\resources
2025-10-30 11:02:41,518 [Worker-38: Building] INFO  o.a.m.s.f.DefaultMavenResourcesFiltering - Copying 1 resource from src\main\resources to target\classes
2025-10-30 11:02:41,524 [Worker-38: Building] INFO  o.a.m.s.f.DefaultMavenResourcesFiltering - skip non existing resourceDirectory C:\Users\VEERESH K C\Servelet-Project-Workspace\com.demo\src\test\resources
2025-10-30 11:02:43,869 [Worker-36: Building] INFO  o.a.m.s.f.DefaultMavenResourcesFiltering - Copying 1 resource from src\main\resources to target\classes
2025-10-30 11:02:43,874 [Worker-36: Building] INFO  o.a.m.s.f.DefaultMavenResourcesFiltering - skip non existing resourceDirectory C:\Users\VEERESH K C\Servelet-Project-Workspace\com.demo\src\test\resources
2025-10-30 11:02:55,785 [Worker-36: Building] INFO  o.a.m.s.f.DefaultMavenResourcesFiltering - Copying 1 resource from src\main\resources to target\classes
2025-10-30 11:02:55,789 [Worker-36: Building] INFO  o.a.m.s.f.DefaultMavenResourcesFiltering - skip non existing resourceDirectory C:\Users\VEERESH K C\Servelet-Project-Workspace\com.demo\src\test\resources
2025-10-30 11:04:19,903 [Worker-40: Building] INFO  o.a.m.s.f.DefaultMavenResourcesFiltering - Copying 1 resource from src\main\resources to target\classes
2025-10-30 11:04:19,906 [Worker-40: Building] INFO  o.a.m.s.f.DefaultMavenResourcesFiltering - skip non existing resourceDirectory C:\Users\VEERESH K C\Servelet-Project-Workspace\com.demo\src\test\resources
2025-10-30 11:04:29,907 [Worker-40: Building] INFO  o.a.m.s.f.DefaultMavenResourcesFiltering - Copying 1 resource from src\main\resources to target\classes
2025-10-30 11:04:29,913 [Worker-40: Building] INFO  o.a.m.s.f.DefaultMavenResourcesFiltering - skip non existing resourceDirectory C:\Users\VEERESH K C\Servelet-Project-Workspace\com.demo\src\test\resources
2025-10-30 11:05:17,277 [Worker-37: Building] INFO  o.a.m.s.f.DefaultMavenResourcesFiltering - Copying 1 resource from src\main\resources to target\classes
2025-10-30 11:05:17,281 [Worker-37: Building] INFO  o.a.m.s.f.DefaultMavenResourcesFiltering - skip non existing resourceDirectory C:\Users\VEERESH K C\Servelet-Project-Workspace\com.demo\src\test\resources
2025-10-30 11:05:48,151 [Worker-39: Building] INFO  o.a.m.s.f.DefaultMavenResourcesFiltering - Copying 1 resource from src\main\resources to target\classes
2025-10-30 11:05:48,154 [Worker-39: Building] INFO  o.a.m.s.f.DefaultMavenResourcesFiltering - skip non existing resourceDirectory C:\Users\VEERESH K C\Servelet-Project-Workspace\com.demo\src\test\resources
2025-10-30 11:06:10,624 [Worker-39: Building] INFO  o.a.m.s.f.DefaultMavenResourcesFiltering - Copying 1 resource from src\main\resources to target\classes
2025-10-30 11:06:10,627 [Worker-39: Building] INFO  o.a.m.s.f.DefaultMavenResourcesFiltering - skip non existing resourceDirectory C:\Users\VEERESH K C\Servelet-Project-Workspace\com.demo\src\test\resources
2025-10-30 11:06:20,998 [Worker-41: Building] INFO  o.a.m.s.f.DefaultMavenResourcesFiltering - Copying 1 resource from src\main\resources to target\classes
2025-10-30 11:06:21,002 [Worker-41: Building] INFO  o.a.m.s.f.DefaultMavenResourcesFiltering - skip non existing resourceDirectory C:\Users\VEERESH K C\Servelet-Project-Workspace\com.demo\src\test\resources
2025-10-30 11:06:30,326 [Worker-40: Building] INFO  o.a.m.s.f.DefaultMavenResourcesFiltering - Copying 1 resource from src\main\resources to target\classes
2025-10-30 11:06:30,329 [Worker-40: Building] INFO  o.a.m.s.f.DefaultMavenResourcesFiltering - skip non existing resourceDirectory C:\Users\VEERESH K C\Servelet-Project-Workspace\com.demo\src\test\resources
2025-10-30 11:08:08,797 [Worker-39: Building] INFO  o.a.m.s.f.DefaultMavenResourcesFiltering - Copying 1 resource from src\main\resources to target\classes
2025-10-30 11:08:08,805 [Worker-39: Building] INFO  o.a.m.s.f.DefaultMavenResourcesFiltering - skip non existing resourceDirectory C:\Users\VEERESH K C\Servelet-Project-Workspace\com.demo\src\test\resources
2025-10-30 11:08:14,007 [Worker-36: Building] INFO  o.a.m.s.f.DefaultMavenResourcesFiltering - Copying 1 resource from src\main\resources to target\classes
2025-10-30 11:08:14,012 [Worker-36: Building] INFO  o.a.m.s.f.DefaultMavenResourcesFiltering - skip non existing resourceDirectory C:\Users\VEERESH K C\Servelet-Project-Workspace\com.demo\src\test\resources
2025-10-30 11:08:29,596 [Worker-38: Building] INFO  o.a.m.s.f.DefaultMavenResourcesFiltering - Copying 1 resource from src\main\resources to target\classes
2025-10-30 11:08:29,601 [Worker-38: Building] INFO  o.a.m.s.f.DefaultMavenResourcesFiltering - skip non existing resourceDirectory C:\Users\VEERESH K C\Servelet-Project-Workspace\com.demo\src\test\resources
2025-10-30 11:08:33,755 [Worker-40: Building] INFO  o.a.m.s.f.DefaultMavenResourcesFiltering - Copying 1 resource from src\main\resources to target\classes
2025-10-30 11:08:33,759 [Worker-40: Building] INFO  o.a.m.s.f.DefaultMavenResourcesFiltering - skip non existing resourceDirectory C:\Users\VEERESH K C\Servelet-Project-Workspace\com.demo\src\test\resources
2025-10-30 11:08:55,663 [Worker-36: Building] INFO  o.a.m.s.f.DefaultMavenResourcesFiltering - Copying 1 resource from src\main\resources to target\classes
2025-10-30 11:08:55,666 [Worker-36: Building] INFO  o.a.m.s.f.DefaultMavenResourcesFiltering - skip non existing resourceDirectory C:\Users\VEERESH K C\Servelet-Project-Workspace\com.demo\src\test\resources
2025-10-30 11:08:59,689 [Worker-40: Building] INFO  o.a.m.s.f.DefaultMavenResourcesFiltering - Copying 1 resource from src\main\resources to target\classes
2025-10-30 11:08:59,692 [Worker-40: Building] INFO  o.a.m.s.f.DefaultMavenResourcesFiltering - skip non existing resourceDirectory C:\Users\VEERESH K C\Servelet-Project-Workspace\com.demo\src\test\resources
2025-10-30 11:09:08,971 [Worker-36: Building] INFO  o.a.m.s.f.DefaultMavenResourcesFiltering - Copying 1 resource from src\main\resources to target\classes
2025-10-30 11:09:08,974 [Worker-36: Building] INFO  o.a.m.s.f.DefaultMavenResourcesFiltering - skip non existing resourceDirectory C:\Users\VEERESH K C\Servelet-Project-Workspace\com.demo\src\test\resources
2025-10-30 11:10:20,350 [Worker-37: Building] INFO  o.a.m.s.f.DefaultMavenResourcesFiltering - Copying 1 resource from src\main\resources to target\classes
2025-10-30 11:10:20,352 [Worker-37: Building] INFO  o.a.m.s.f.DefaultMavenResourcesFiltering - skip non existing resourceDirectory C:\Users\VEERESH K C\Servelet-Project-Workspace\com.demo\src\test\resources
2025-10-30 11:10:22,406 [Worker-41: Building] INFO  o.a.m.s.f.DefaultMavenResourcesFiltering - Copying 1 resource from src\main\resources to target\classes
2025-10-30 11:10:22,410 [Worker-41: Building] INFO  o.a.m.s.f.DefaultMavenResourcesFiltering - skip non existing resourceDirectory C:\Users\VEERESH K C\Servelet-Project-Workspace\com.demo\src\test\resources
2025-10-30 11:10:46,755 [Worker-38: Building] INFO  o.a.m.s.f.DefaultMavenResourcesFiltering - Copying 1 resource from src\main\resources to target\classes
2025-10-30 11:10:46,758 [Worker-38: Building] INFO  o.a.m.s.f.DefaultMavenResourcesFiltering - skip non existing resourceDirectory C:\Users\VEERESH K C\Servelet-Project-Workspace\com.demo\src\test\resources
2025-10-30 11:10:47,832 [Worker-39: Building] INFO  o.a.m.s.f.DefaultMavenResourcesFiltering - Copying 1 resource from src\main\resources to target\classes
2025-10-30 11:10:47,835 [Worker-39: Building] INFO  o.a.m.s.f.DefaultMavenResourcesFiltering - skip non existing resourceDirectory C:\Users\VEERESH K C\Servelet-Project-Workspace\com.demo\src\test\resources
2025-10-30 11:12:48,436 [Worker-44: Building] INFO  o.a.m.s.f.DefaultMavenResourcesFiltering - Copying 1 resource from src\main\resources to target\classes
2025-10-30 11:12:48,438 [Worker-44: Building] INFO  o.a.m.s.f.DefaultMavenResourcesFiltering - skip non existing resourceDirectory C:\Users\VEERESH K C\Servelet-Project-Workspace\com.demo\src\test\resources
2025-10-30 11:13:21,947 [Worker-44: Building] INFO  o.a.m.s.f.DefaultMavenResourcesFiltering - Copying 1 resource from src\main\resources to target\classes
2025-10-30 11:13:21,951 [Worker-44: Building] INFO  o.a.m.s.f.DefaultMavenResourcesFiltering - skip non existing resourceDirectory C:\Users\VEERESH K C\Servelet-Project-Workspace\com.demo\src\test\resources
2025-10-31 00:07:37,349 [Worker-6: Loading available Gradle versions] INFO  o.e.b.c.i.u.g.PublishedGradleVersions - Gradle version information cache is up-to-date. Trying to read.
2025-10-31 14:27:03,902 [Worker-5: Loading available Gradle versions] INFO  o.e.b.c.i.u.g.PublishedGradleVersions - Gradle version information cache is up-to-date. Trying to read.
2025-10-31 15:35:54,172 [Worker-31: Building] INFO  o.a.m.s.f.DefaultMavenResourcesFiltering - Copying 1 resource from src\main\resources to target\classes
2025-10-31 15:35:54,863 [Worker-31: Building] INFO  o.a.m.s.f.DefaultMavenResourcesFiltering - skip non existing resourceDirectory C:\Users\VEERESH K C\Servelet-Project-Workspace\com.demo\src\test\resources
2025-10-31 15:36:34,257 [Worker-31: Building] INFO  o.a.m.s.f.DefaultMavenResourcesFiltering - Copying 1 resource from src\main\resources to target\classes
2025-10-31 15:36:34,267 [Worker-31: Building] INFO  o.a.m.s.f.DefaultMavenResourcesFiltering - skip non existing resourceDirectory C:\Users\VEERESH K C\Servelet-Project-Workspace\com.demo\src\test\resources
2025-10-31 15:37:45,904 [Worker-37: Building] INFO  o.a.m.s.f.DefaultMavenResourcesFiltering - Copying 1 resource from src\main\resources to target\classes
2025-10-31 15:37:45,924 [Worker-37: Building] INFO  o.a.m.s.f.DefaultMavenResourcesFiltering - skip non existing resourceDirectory C:\Users\VEERESH K C\Servelet-Project-Workspace\com.demo\src\test\resources
2025-10-31 15:39:07,485 [Worker-37: Building] INFO  o.a.m.s.f.DefaultMavenResourcesFiltering - Copying 1 resource from src\main\resources to target\classes
2025-10-31 15:39:07,496 [Worker-37: Building] INFO  o.a.m.s.f.DefaultMavenResourcesFiltering - skip non existing resourceDirectory C:\Users\VEERESH K C\Servelet-Project-Workspace\com.demo\src\test\resources
2025-10-31 15:41:52,737 [Worker-33: Building] INFO  o.a.m.s.f.DefaultMavenResourcesFiltering - Copying 1 resource from src\main\resources to target\classes
2025-10-31 15:41:52,740 [Worker-33: Building] INFO  o.a.m.s.f.DefaultMavenResourcesFiltering - skip non existing resourceDirectory C:\Users\VEERESH K C\Servelet-Project-Workspace\com.demo\src\test\resources
2025-10-31 15:42:11,221 [Worker-38: Building] INFO  o.a.m.s.f.DefaultMavenResourcesFiltering - Copying 1 resource from src\main\resources to target\classes
2025-10-31 15:42:11,228 [Worker-38: Building] INFO  o.a.m.s.f.DefaultMavenResourcesFiltering - skip non existing resourceDirectory C:\Users\VEERESH K C\Servelet-Project-Workspace\com.demo\src\test\resources
2025-10-31 15:42:17,667 [Worker-31: Building] INFO  o.a.m.s.f.DefaultMavenResourcesFiltering - Copying 1 resource from src\main\resources to target\classes
2025-10-31 15:42:17,673 [Worker-31: Building] INFO  o.a.m.s.f.DefaultMavenResourcesFiltering - skip non existing resourceDirectory C:\Users\VEERESH K C\Servelet-Project-Workspace\com.demo\src\test\resources
2025-10-31 15:42:38,773 [Worker-37: Building] INFO  o.a.m.s.f.DefaultMavenResourcesFiltering - Copying 1 resource from src\main\resources to target\classes
2025-10-31 15:42:38,804 [Worker-37: Building] INFO  o.a.m.s.f.DefaultMavenResourcesFiltering - skip non existing resourceDirectory C:\Users\VEERESH K C\Servelet-Project-Workspace\com.demo\src\test\resources
2025-10-31 15:42:50,920 [Worker-38: Building] INFO  o.a.m.s.f.DefaultMavenResourcesFiltering - Copying 1 resource from src\main\resources to target\classes
2025-10-31 15:42:50,925 [Worker-38: Building] INFO  o.a.m.s.f.DefaultMavenResourcesFiltering - skip non existing resourceDirectory C:\Users\VEERESH K C\Servelet-Project-Workspace\com.demo\src\test\resources
2025-10-31 15:43:08,508 [Worker-37: Building] INFO  o.a.m.s.f.DefaultMavenResourcesFiltering - Copying 1 resource from src\main\resources to target\classes
2025-10-31 15:43:08,515 [Worker-37: Building] INFO  o.a.m.s.f.DefaultMavenResourcesFiltering - skip non existing resourceDirectory C:\Users\VEERESH K C\Servelet-Project-Workspace\com.demo\src\test\resources
2025-10-31 15:45:23,683 [Worker-33: Building] INFO  o.a.m.s.f.DefaultMavenResourcesFiltering - Copying 1 resource from src\main\resources to target\classes
2025-10-31 15:45:23,687 [Worker-33: Building] INFO  o.a.m.s.f.DefaultMavenResourcesFiltering - skip non existing resourceDirectory C:\Users\VEERESH K C\Servelet-Project-Workspace\com.demo\src\test\resources
2025-10-31 15:45:26,259 [Worker-33: Building] INFO  o.a.m.s.f.DefaultMavenResourcesFiltering - Copying 1 resource from src\main\resources to target\classes
2025-10-31 15:45:26,269 [Worker-33: Building] INFO  o.a.m.s.f.DefaultMavenResourcesFiltering - skip non existing resourceDirectory C:\Users\VEERESH K C\Servelet-Project-Workspace\com.demo\src\test\resources
2025-10-31 15:47:28,898 [Worker-34: Building] INFO  o.a.m.s.f.DefaultMavenResourcesFiltering - Copying 1 resource from src\main\resources to target\classes
2025-10-31 15:47:28,906 [Worker-34: Building] INFO  o.a.m.s.f.DefaultMavenResourcesFiltering - skip non existing resourceDirectory C:\Users\VEERESH K C\Servelet-Project-Workspace\com.demo\src\test\resources
2025-10-31 15:47:42,662 [Worker-31: Building] INFO  o.a.m.s.f.DefaultMavenResourcesFiltering - Copying 1 resource from src\main\resources to target\classes
2025-10-31 15:47:42,666 [Worker-31: Building] INFO  o.a.m.s.f.DefaultMavenResourcesFiltering - skip non existing resourceDirectory C:\Users\VEERESH K C\Servelet-Project-Workspace\com.demo\src\test\resources
2025-10-31 15:56:11,747 [Worker-39: Building] INFO  o.a.m.s.f.DefaultMavenResourcesFiltering - Copying 1 resource from src\main\resources to target\classes
2025-10-31 15:56:11,750 [Worker-39: Building] INFO  o.a.m.s.f.DefaultMavenResourcesFiltering - skip non existing resourceDirectory C:\Users\VEERESH K C\Servelet-Project-Workspace\com.demo\src\test\resources
2025-10-31 15:58:47,178 [Worker-33: Building] INFO  o.a.m.s.f.DefaultMavenResourcesFiltering - Copying 1 resource from src\main\resources to target\classes
2025-10-31 15:58:47,185 [Worker-33: Building] INFO  o.a.m.s.f.DefaultMavenResourcesFiltering - skip non existing resourceDirectory C:\Users\VEERESH K C\Servelet-Project-Workspace\com.demo\src\test\resources
2025-10-31 15:58:51,029 [Worker-39: Building] INFO  o.a.m.s.f.DefaultMavenResourcesFiltering - Copying 1 resource from src\main\resources to target\classes
2025-10-31 15:58:51,034 [Worker-39: Building] INFO  o.a.m.s.f.DefaultMavenResourcesFiltering - skip non existing resourceDirectory C:\Users\VEERESH K C\Servelet-Project-Workspace\com.demo\src\test\resources
2025-10-31 16:21:47,928 [Worker-48: Building] INFO  o.a.m.s.f.DefaultMavenResourcesFiltering - Copying 0 resource from src\main\resources to target\classes
2025-10-31 16:21:47,931 [Worker-48: Building] INFO  o.a.m.s.f.DefaultMavenResourcesFiltering - skip non existing resourceDirectory C:\Users\VEERESH K C\Servelet-Project-Workspace\com.demo\src\test\resources
2025-10-31 16:22:06,682 [Worker-46: Building] INFO  o.a.m.s.f.DefaultMavenResourcesFiltering - Copying 0 resource from src\main\resources to target\classes
2025-10-31 16:22:06,686 [Worker-46: Building] INFO  o.a.m.s.f.DefaultMavenResourcesFiltering - skip non existing resourceDirectory C:\Users\VEERESH K C\Servelet-Project-Workspace\com.demo\src\test\resources
2025-10-31 16:22:24,634 [Worker-48: Building] INFO  o.a.m.s.f.DefaultMavenResourcesFiltering - Copying 0 resource from src\main\resources to target\classes
2025-10-31 16:22:24,641 [Worker-48: Building] INFO  o.a.m.s.f.DefaultMavenResourcesFiltering - skip non existing resourceDirectory C:\Users\VEERESH K C\Servelet-Project-Workspace\com.demo\src\test\resources
2025-10-31 16:23:13,411 [Worker-46: Building] INFO  o.a.m.s.f.DefaultMavenResourcesFiltering - Copying 0 resource from src\main\resources to target\classes
2025-10-31 16:23:13,414 [Worker-46: Building] INFO  o.a.m.s.f.DefaultMavenResourcesFiltering - skip non existing resourceDirectory C:\Users\VEERESH K C\Servelet-Project-Workspace\com.demo\src\test\resources
2025-10-31 16:23:15,108 [Worker-46: Building] INFO  o.a.m.s.f.DefaultMavenResourcesFiltering - Copying 0 resource from src\main\resources to target\classes
2025-10-31 16:23:15,111 [Worker-46: Building] INFO  o.a.m.s.f.DefaultMavenResourcesFiltering - skip non existing resourceDirectory C:\Users\VEERESH K C\Servelet-Project-Workspace\com.demo\src\test\resources
2025-10-31 16:23:17,381 [Worker-49: Building] INFO  o.a.m.s.f.DefaultMavenResourcesFiltering - Copying 0 resource from src\main\resources to target\classes
2025-10-31 16:23:17,384 [Worker-49: Building] INFO  o.a.m.s.f.DefaultMavenResourcesFiltering - skip non existing resourceDirectory C:\Users\VEERESH K C\Servelet-Project-Workspace\com.demo\src\test\resources
2025-10-31 16:23:21,278 [Worker-50: Building] INFO  o.a.m.s.f.DefaultMavenResourcesFiltering - Copying 0 resource from src\main\resources to target\classes
2025-10-31 16:23:21,282 [Worker-50: Building] INFO  o.a.m.s.f.DefaultMavenResourcesFiltering - skip non existing resourceDirectory C:\Users\VEERESH K C\Servelet-Project-Workspace\com.demo\src\test\resources
2025-10-31 16:23:23,724 [Worker-50: Building] INFO  o.a.m.s.f.DefaultMavenResourcesFiltering - Copying 0 resource from src\main\resources to target\classes
2025-10-31 16:23:23,731 [Worker-50: Building] INFO  o.a.m.s.f.DefaultMavenResourcesFiltering - skip non existing resourceDirectory C:\Users\VEERESH K C\Servelet-Project-Workspace\com.demo\src\test\resources
2025-10-31 16:24:06,940 [Worker-46: Building] INFO  o.a.m.s.f.DefaultMavenResourcesFiltering - Copying 0 resource from src\main\resources to target\classes
2025-10-31 16:24:06,943 [Worker-46: Building] INFO  o.a.m.s.f.DefaultMavenResourcesFiltering - skip non existing resourceDirectory C:\Users\VEERESH K C\Servelet-Project-Workspace\com.demo\src\test\resources
2025-10-31 16:24:30,486 [Worker-46: Building] INFO  o.a.m.s.f.DefaultMavenResourcesFiltering - Copying 0 resource from src\main\resources to target\classes
2025-10-31 16:24:30,489 [Worker-46: Building] INFO  o.a.m.s.f.DefaultMavenResourcesFiltering - skip non existing resourceDirectory C:\Users\VEERESH K C\Servelet-Project-Workspace\com.demo\src\test\resources
2025-10-31 16:24:33,611 [Worker-49: Building] INFO  o.a.m.s.f.DefaultMavenResourcesFiltering - Copying 0 resource from src\main\resources to target\classes
2025-10-31 16:24:33,613 [Worker-49: Building] INFO  o.a.m.s.f.DefaultMavenResourcesFiltering - skip non existing resourceDirectory C:\Users\VEERESH K C\Servelet-Project-Workspace\com.demo\src\test\resources
2025-10-31 16:55:48,426 [Worker-53: Building] INFO  o.a.m.s.f.DefaultMavenResourcesFiltering - Copying 0 resource from src\main\resources to target\classes
2025-10-31 16:55:48,429 [Worker-53: Building] INFO  o.a.m.s.f.DefaultMavenResourcesFiltering - skip non existing resourceDirectory C:\Users\VEERESH K C\Servelet-Project-Workspace\com.demo\src\test\resources
2025-10-31 16:56:17,712 [Worker-54: Building] INFO  o.a.m.s.f.DefaultMavenResourcesFiltering - Copying 0 resource from src\main\resources to target\classes
2025-10-31 16:56:17,715 [Worker-54: Building] INFO  o.a.m.s.f.DefaultMavenResourcesFiltering - skip non existing resourceDirectory C:\Users\VEERESH K C\Servelet-Project-Workspace\com.demo\src\test\resources
2025-10-31 16:56:35,195 [Worker-51: Building] INFO  o.a.m.s.f.DefaultMavenResourcesFiltering - Copying 0 resource from src\main\resources to target\classes
2025-10-31 16:56:35,198 [Worker-51: Building] INFO  o.a.m.s.f.DefaultMavenResourcesFiltering - skip non existing resourceDirectory C:\Users\VEERESH K C\Servelet-Project-Workspace\com.demo\src\test\resources
2025-10-31 16:56:53,713 [Worker-51: Building] INFO  o.a.m.s.f.DefaultMavenResourcesFiltering - Copying 0 resource from src\main\resources to target\classes
2025-10-31 16:56:53,717 [Worker-51: Building] INFO  o.a.m.s.f.DefaultMavenResourcesFiltering - skip non existing resourceDirectory C:\Users\VEERESH K C\Servelet-Project-Workspace\com.demo\src\test\resources
2025-10-31 16:58:15,505 [Worker-54: Building] INFO  o.a.m.s.f.DefaultMavenResourcesFiltering - Copying 0 resource from src\main\resources to target\classes
2025-10-31 16:58:15,507 [Worker-54: Building] INFO  o.a.m.s.f.DefaultMavenResourcesFiltering - skip non existing resourceDirectory C:\Users\VEERESH K C\Servelet-Project-Workspace\com.demo\src\test\resources
2025-10-31 17:00:16,147 [Worker-53: Building] INFO  o.a.m.s.f.DefaultMavenResourcesFiltering - Copying 0 resource from src\main\resources to target\classes
2025-10-31 17:00:16,150 [Worker-53: Building] INFO  o.a.m.s.f.DefaultMavenResourcesFiltering - skip non existing resourceDirectory C:\Users\VEERESH K C\Servelet-Project-Workspace\com.demo\src\test\resources
2025-10-31 17:00:31,645 [Worker-53: Building] INFO  o.a.m.s.f.DefaultMavenResourcesFiltering - Copying 0 resource from src\main\resources to target\classes
2025-10-31 17:00:31,648 [Worker-53: Building] INFO  o.a.m.s.f.DefaultMavenResourcesFiltering - skip non existing resourceDirectory C:\Users\VEERESH K C\Servelet-Project-Workspace\com.demo\src\test\resources
2025-10-31 17:01:02,686 [Worker-53: Building] INFO  o.a.m.s.f.DefaultMavenResourcesFiltering - Copying 0 resource from src\main\resources to target\classes
2025-10-31 17:01:02,694 [Worker-53: Building] INFO  o.a.m.s.f.DefaultMavenResourcesFiltering - skip non existing resourceDirectory C:\Users\VEERESH K C\Servelet-Project-Workspace\com.demo\src\test\resources
2025-10-31 17:02:55,785 [Worker-56: Building] INFO  o.a.m.s.f.DefaultMavenResourcesFiltering - Copying 0 resource from src\main\resources to target\classes
2025-10-31 17:02:55,788 [Worker-56: Building] INFO  o.a.m.s.f.DefaultMavenResourcesFiltering - skip non existing resourceDirectory C:\Users\VEERESH K C\Servelet-Project-Workspace\com.demo\src\test\resources
2025-10-31 17:02:58,680 [Worker-51: Building] INFO  o.a.m.s.f.DefaultMavenResourcesFiltering - Copying 0 resource from src\main\resources to target\classes
2025-10-31 17:02:58,684 [Worker-51: Building] INFO  o.a.m.s.f.DefaultMavenResourcesFiltering - skip non existing resourceDirectory C:\Users\VEERESH K C\Servelet-Project-Workspace\com.demo\src\test\resources
2025-10-31 17:15:26,765 [Worker-51: Building] INFO  o.a.m.s.f.DefaultMavenResourcesFiltering - Copying 0 resource from src\main\resources to target\classes
2025-10-31 17:15:26,768 [Worker-51: Building] INFO  o.a.m.s.f.DefaultMavenResourcesFiltering - skip non existing resourceDirectory C:\Users\VEERESH K C\Servelet-Project-Workspace\com.demo\src\test\resources
2025-10-31 17:15:55,263 [Worker-60: Building] INFO  o.a.m.s.f.DefaultMavenResourcesFiltering - Copying 0 resource from src\main\resources to target\classes
2025-10-31 17:15:55,265 [Worker-60: Building] INFO  o.a.m.s.f.DefaultMavenResourcesFiltering - skip non existing resourceDirectory C:\Users\VEERESH K C\Servelet-Project-Workspace\com.demo\src\test\resources
2025-10-31 17:16:28,031 [Worker-60: Building] INFO  o.a.m.s.f.DefaultMavenResourcesFiltering - Copying 0 resource from src\main\resources to target\classes
2025-10-31 17:16:28,032 [Worker-60: Building] INFO  o.a.m.s.f.DefaultMavenResourcesFiltering - skip non existing resourceDirectory C:\Users\VEERESH K C\Servelet-Project-Workspace\com.demo\src\test\resources
2025-10-31 17:17:51,229 [Worker-58: Building] INFO  o.a.m.s.f.DefaultMavenResourcesFiltering - Copying 0 resource from src\main\resources to target\classes
2025-10-31 17:17:51,232 [Worker-58: Building] INFO  o.a.m.s.f.DefaultMavenResourcesFiltering - skip non existing resourceDirectory C:\Users\VEERESH K C\Servelet-Project-Workspace\com.demo\src\test\resources
2025-10-31 17:18:06,441 [Worker-61: Building] INFO  o.a.m.s.f.DefaultMavenResourcesFiltering - Copying 0 resource from src\main\resources to target\classes
2025-10-31 17:18:06,444 [Worker-61: Building] INFO  o.a.m.s.f.DefaultMavenResourcesFiltering - skip non existing resourceDirectory C:\Users\VEERESH K C\Servelet-Project-Workspace\com.demo\src\test\resources
2025-10-31 17:24:29,790 [Worker-62: Building] INFO  o.a.m.s.f.DefaultMavenResourcesFiltering - Copying 0 resource from src\main\resources to target\classes
2025-10-31 17:24:29,796 [Worker-62: Building] INFO  o.a.m.s.f.DefaultMavenResourcesFiltering - skip non existing resourceDirectory C:\Users\VEERESH K C\Servelet-Project-Workspace\com.demo\src\test\resources
2025-10-31 17:31:48,648 [Worker-64: Building] INFO  o.a.m.s.f.DefaultMavenResourcesFiltering - Copying 0 resource from src\main\resources to target\classes
2025-10-31 17:31:48,651 [Worker-64: Building] INFO  o.a.m.s.f.DefaultMavenResourcesFiltering - skip non existing resourceDirectory C:\Users\VEERESH K C\Servelet-Project-Workspace\com.demo\src\test\resources
2025-10-31 21:36:44,504 [Worker-7: Loading available Gradle versions] INFO  o.e.b.c.i.u.g.PublishedGradleVersions - Gradle version information cache is out-of-date. Trying to update.
2025-10-31 21:36:45,147 [Worker-7: Loading available Gradle versions] INFO  o.e.b.c.i.u.g.PublishedGradleVersions - Updating Gradle version information cache failed. Using outdated cache.
2025-10-31 21:36:55,949 [Worker-8: Building] INFO  o.a.m.s.f.DefaultMavenResourcesFiltering - Copying 1 resource from src\main\resources to target\classes
2025-10-31 21:36:55,989 [Worker-8: Building] INFO  o.a.m.s.f.DefaultMavenResourcesFiltering - skip non existing resourceDirectory C:\Users\VEERESH K C\Servelet-Project-Workspace\com.demo\src\test\resources
2025-10-31 21:49:04,780 [Worker-3: Loading available Gradle versions] INFO  o.e.b.c.i.u.g.PublishedGradleVersions - Gradle version information cache is out-of-date. Trying to update.
2025-10-31 21:49:18,511 [Worker-4: Building] INFO  o.a.m.s.f.DefaultMavenResourcesFiltering - Copying 1 resource from src\main\resources to target\classes
2025-10-31 21:49:18,528 [Worker-4: Building] INFO  o.a.m.s.f.DefaultMavenResourcesFiltering - skip non existing resourceDirectory C:\Users\VEERESH K C\Servelet-Project-Workspace\com.demo\src\test\resources
2025-10-31 21:50:38,340 [Worker-13: Building] INFO  o.a.m.s.f.DefaultMavenResourcesFiltering - Copying 1 resource from src\main\resources to target\classes
2025-10-31 21:50:38,350 [Worker-13: Building] INFO  o.a.m.s.f.DefaultMavenResourcesFiltering - skip non existing resourceDirectory C:\Users\VEERESH K C\Servelet-Project-Workspace\com.demo\src\test\resources
2025-10-31 21:52:08,236 [Worker-6: Building] INFO  o.e.m.c.i.l.LifecycleMappingFactory - Using org.maven.ide.eclipse.wtp.WarLifecycleMapping lifecycle mapping for MavenProject: EmployeeCRUD:com.demo:0.0.1-SNAPSHOT @ C:\Users\VEERESH K C\Servelet-Project-Workspace\com.demo\pom.xml.
2025-10-31 21:52:13,042 [Worker-6: Building] INFO  o.a.m.s.f.DefaultMavenResourcesFiltering - Copying 0 resource from src\main\resources to target\classes
2025-10-31 21:52:13,055 [Worker-6: Building] INFO  o.a.m.s.f.DefaultMavenResourcesFiltering - skip non existing resourceDirectory C:\Users\VEERESH K C\Servelet-Project-Workspace\com.demo\src\test\resources
2025-10-31 21:52:13,056 [Worker-6: Building] INFO  o.e.m.w.i.f.ResourceFilteringBuildParticipant - Changed resources require a complete clean of filtered resources of com.demo
2025-10-31 21:52:13,059 [Worker-6: Building] INFO  o.e.m.w.i.f.ResourceFilteringBuildParticipant - Executing resource filtering for com.demo
2025-10-31 21:52:14,588 [Worker-6: Building] INFO  o.a.m.s.f.DefaultMavenResourcesFiltering - Copying 1 resource from src\main\resources to target\classes
2025-10-31 21:52:14,642 [Worker-6: Building] INFO  o.a.m.s.f.DefaultMavenResourcesFiltering - skip non existing resourceDirectory C:\Users\VEERESH K C\Servelet-Project-Workspace\com.demo\src\test\resources
2025-10-31 21:52:14,845 [Worker-5: Download sources and javadoc] INFO  o.e.m.c.i.e.AbstractTransferListenerAdapter - Downloading https://repo.maven.apache.org/maven2/jakarta/servlet/jsp/jstl/jakarta.servlet.jsp.jstl-api/3.1.0-M1/jakarta.servlet.jsp.jstl-api-3.1.0-M1-sources.jar
2025-10-31 21:52:15,492 [Worker-5: Download sources and javadoc] INFO  o.e.m.c.i.e.AbstractTransferListenerAdapter - Downloaded https://repo.maven.apache.org/maven2/jakarta/servlet/jsp/jstl/jakarta.servlet.jsp.jstl-api/3.1.0-M1/jakarta.servlet.jsp.jstl-api-3.1.0-M1-sources.jar
2025-10-31 21:52:16,229 [Worker-5: Download sources and javadoc] INFO  o.e.m.j.internal.DownloadSourcesJob - Downloaded sources for jakarta.servlet.jsp.jstl:jakarta.servlet.jsp.jstl-api:3.1.0-M1
2025-10-31 21:52:16,551 [Worker-5: Download sources and javadoc] INFO  o.e.m.c.i.e.AbstractTransferListenerAdapter - Downloading https://repo.maven.apache.org/maven2/jakarta/servlet/jakarta.servlet-api/6.0.0/jakarta.servlet-api-6.0.0-sources.jar
2025-10-31 21:52:16,803 [Worker-5: Download sources and javadoc] INFO  o.e.m.c.i.e.AbstractTransferListenerAdapter - Downloaded https://repo.maven.apache.org/maven2/jakarta/servlet/jakarta.servlet-api/6.0.0/jakarta.servlet-api-6.0.0-sources.jar
2025-10-31 21:52:17,256 [Worker-5: Download sources and javadoc] INFO  o.e.m.j.internal.DownloadSourcesJob - Downloaded sources for jakarta.servlet:jakarta.servlet-api:6.0.0
2025-10-31 21:52:18,371 [Worker-5: Download sources and javadoc] INFO  o.e.m.c.i.e.AbstractTransferListenerAdapter - Downloading https://repo.maven.apache.org/maven2/jakarta/el/jakarta.el-api/5.0.0/jakarta.el-api-5.0.0-sources.jar
2025-10-31 21:52:18,896 [Worker-5: Download sources and javadoc] INFO  o.e.m.c.i.e.AbstractTransferListenerAdapter - Downloaded https://repo.maven.apache.org/maven2/jakarta/el/jakarta.el-api/5.0.0/jakarta.el-api-5.0.0-sources.jar
2025-10-31 21:52:19,772 [Worker-5: Download sources and javadoc] INFO  o.e.m.j.internal.DownloadSourcesJob - Downloaded sources for jakarta.el:jakarta.el-api:5.0.0
2025-10-31 21:52:20,135 [Worker-5: Building] INFO  o.a.m.s.f.DefaultMavenResourcesFiltering - Copying 0 resource from src\main\resources to target\classes
2025-10-31 21:52:20,148 [Worker-5: Building] INFO  o.a.m.s.f.DefaultMavenResourcesFiltering - skip non existing resourceDirectory C:\Users\VEERESH K C\Servelet-Project-Workspace\com.demo\src\test\resources
2025-10-31 21:52:31,872 [Worker-5: Updating Maven Project] INFO  o.e.m.c.i.p.ProjectConfigurationManager - Update started
2025-10-31 21:52:32,243 [Worker-5: Updating Maven Project] INFO  o.e.m.c.i.l.LifecycleMappingFactory - Using org.maven.ide.eclipse.wtp.WarLifecycleMapping lifecycle mapping for MavenProject: EmployeeCRUD:com.demo:0.0.1-SNAPSHOT @ C:\Users\VEERESH K C\Servelet-Project-Workspace\com.demo\pom.xml.
2025-10-31 21:52:33,989 [Worker-5: Updating Maven Project] INFO  o.e.m.c.i.e.AbstractTransferListenerAdapter - Downloading https://central.sonatype.com/repository/maven-snapshots/org/eclipse/ee4j/project/2.0.0-SNAPSHOT/maven-metadata.xml
2025-10-31 21:52:34,737 [Worker-5: Updating Maven Project] INFO  o.e.m.c.i.e.AbstractTransferListenerAdapter - Downloaded https://central.sonatype.com/repository/maven-snapshots/org/eclipse/ee4j/project/2.0.0-SNAPSHOT/maven-metadata.xml
2025-10-31 21:52:36,249 [Worker-5: Updating Maven Project] INFO  o.e.m.j.i.AbstractJavaProjectConfigurator - Adding source folder /com.demo/src/main/java
2025-10-31 21:52:36,251 [Worker-5: Updating Maven Project] INFO  o.e.m.j.i.AbstractJavaProjectConfigurator - Adding resource folder /com.demo/src/main/resources
2025-10-31 21:52:36,253 [Worker-5: Updating Maven Project] INFO  o.e.m.j.i.AbstractJavaProjectConfigurator - Adding source folder /com.demo/src/test/java
2025-10-31 21:52:37,261 [Worker-5: Updating Maven Project] INFO  o.e.m.w.i.f.ResourceFilteringBuildParticipant - Cleaning filtered folder for com.demo
2025-10-31 21:52:37,276 [Worker-5: Updating Maven Project] INFO  o.e.m.c.i.p.ProjectConfigurationManager - Update completed: 5 sec
2025-10-31 21:52:37,824 [Worker-13: Building] INFO  o.a.m.s.f.DefaultMavenResourcesFiltering - Copying 1 resource from src\main\resources to target\classes
2025-10-31 21:52:37,845 [Worker-13: Building] INFO  o.a.m.s.f.DefaultMavenResourcesFiltering - skip non existing resourceDirectory C:\Users\VEERESH K C\Servelet-Project-Workspace\com.demo\src\test\resources
2025-10-31 21:52:37,846 [Worker-13: Building] INFO  o.e.m.w.i.f.ResourceFilteringBuildParticipant - Changed resources require a complete clean of filtered resources of com.demo
2025-10-31 21:52:37,847 [Worker-13: Building] INFO  o.e.m.w.i.f.ResourceFilteringBuildParticipant - Executing resource filtering for com.demo
2025-10-31 21:52:55,228 [Worker-13: Building] INFO  o.e.m.c.i.l.LifecycleMappingFactory - Using org.maven.ide.eclipse.wtp.WarLifecycleMapping lifecycle mapping for MavenProject: EmployeeCRUD:com.demo:0.0.1-SNAPSHOT @ C:\Users\VEERESH K C\Servelet-Project-Workspace\com.demo\pom.xml.
2025-10-31 21:52:56,485 [Worker-1: Building] INFO  o.a.m.s.f.DefaultMavenResourcesFiltering - Copying 1 resource from src\main\resources to target\classes
2025-10-31 21:52:56,496 [Worker-1: Building] INFO  o.a.m.s.f.DefaultMavenResourcesFiltering - skip non existing resourceDirectory C:\Users\VEERESH K C\Servelet-Project-Workspace\com.demo\src\test\resources
2025-10-31 21:53:16,875 [Worker-15: Building] INFO  o.e.m.c.i.l.LifecycleMappingFactory - Using org.maven.ide.eclipse.wtp.WarLifecycleMapping lifecycle mapping for MavenProject: EmployeeCRUD:com.demo:0.0.1-SNAPSHOT @ C:\Users\VEERESH K C\Servelet-Project-Workspace\com.demo\pom.xml.
2025-10-31 21:53:18,749 [Worker-4: Building] INFO  o.a.m.s.f.DefaultMavenResourcesFiltering - Copying 1 resource from src\main\resources to target\classes
2025-10-31 21:53:18,759 [Worker-4: Building] INFO  o.a.m.s.f.DefaultMavenResourcesFiltering - skip non existing resourceDirectory C:\Users\VEERESH K C\Servelet-Project-Workspace\com.demo\src\test\resources
2025-10-31 21:53:59,806 [Worker-3: Updating Maven Project] INFO  o.e.m.c.i.p.ProjectConfigurationManager - Update started
2025-10-31 21:54:00,119 [Worker-3: Updating Maven Project] INFO  o.e.m.c.i.l.LifecycleMappingFactory - Using org.maven.ide.eclipse.wtp.WarLifecycleMapping lifecycle mapping for MavenProject: EmployeeCRUD:com.demo:0.0.1-SNAPSHOT @ C:\Users\VEERESH K C\Servelet-Project-Workspace\com.demo\pom.xml.
2025-10-31 21:54:01,226 [Worker-3: Updating Maven Project] INFO  o.e.m.c.i.e.AbstractTransferListenerAdapter - Downloading https://central.sonatype.com/repository/maven-snapshots/org/eclipse/ee4j/project/2.0.0-SNAPSHOT/maven-metadata.xml
2025-10-31 21:54:01,775 [Worker-3: Updating Maven Project] INFO  o.e.m.c.i.e.AbstractTransferListenerAdapter - Downloaded https://central.sonatype.com/repository/maven-snapshots/org/eclipse/ee4j/project/2.0.0-SNAPSHOT/maven-metadata.xml
2025-10-31 21:54:02,660 [Worker-3: Updating Maven Project] INFO  o.e.m.j.i.AbstractJavaProjectConfigurator - Adding source folder /com.demo/src/main/java
2025-10-31 21:54:02,661 [Worker-3: Updating Maven Project] INFO  o.e.m.j.i.AbstractJavaProjectConfigurator - Adding resource folder /com.demo/src/main/resources
2025-10-31 21:54:02,662 [Worker-3: Updating Maven Project] INFO  o.e.m.j.i.AbstractJavaProjectConfigurator - Adding source folder /com.demo/src/test/java
2025-10-31 21:54:03,037 [Worker-3: Updating Maven Project] INFO  o.e.m.w.i.f.ResourceFilteringBuildParticipant - Cleaning filtered folder for com.demo
2025-10-31 21:54:03,070 [Worker-3: Updating Maven Project] INFO  o.e.m.c.i.p.ProjectConfigurationManager - Update completed: 3 sec
2025-10-31 21:54:03,713 [Worker-15: Building] INFO  o.a.m.s.f.DefaultMavenResourcesFiltering - Copying 1 resource from src\main\resources to target\classes
2025-10-31 21:54:03,724 [Worker-15: Building] INFO  o.a.m.s.f.DefaultMavenResourcesFiltering - skip non existing resourceDirectory C:\Users\VEERESH K C\Servelet-Project-Workspace\com.demo\src\test\resources
2025-10-31 21:54:03,724 [Worker-15: Building] INFO  o.e.m.w.i.f.ResourceFilteringBuildParticipant - Changed resources require a complete clean of filtered resources of com.demo
2025-10-31 21:54:03,725 [Worker-15: Building] INFO  o.e.m.w.i.f.ResourceFilteringBuildParticipant - Executing resource filtering for com.demo
2025-10-31 21:54:54,930 [Worker-5: Loading available Gradle versions] INFO  o.e.b.c.i.u.g.PublishedGradleVersions - Gradle version information cache is up-to-date. Trying to read.
2025-10-31 21:55:08,175 [Worker-6: Building] INFO  o.a.m.s.f.DefaultMavenResourcesFiltering - Copying 1 resource from src\main\resources to target\classes
2025-10-31 21:55:08,194 [Worker-6: Building] INFO  o.a.m.s.f.DefaultMavenResourcesFiltering - skip non existing resourceDirectory C:\Users\VEERESH K C\Servelet-Project-Workspace\com.demo\src\test\resources
2025-10-31 21:55:40,933 [Worker-2: Building] INFO  o.a.m.s.f.DefaultMavenResourcesFiltering - Copying 0 resource from src\main\resources to target\classes
2025-10-31 21:55:40,944 [Worker-2: Building] INFO  o.a.m.s.f.DefaultMavenResourcesFiltering - skip non existing resourceDirectory C:\Users\VEERESH K C\Servelet-Project-Workspace\com.demo\src\test\resources
2025-10-31 21:58:13,881 [Worker-5: Building] INFO  o.a.m.s.f.DefaultMavenResourcesFiltering - Copying 0 resource from src\main\resources to target\classes
2025-10-31 21:58:13,886 [Worker-5: Building] INFO  o.a.m.s.f.DefaultMavenResourcesFiltering - skip non existing resourceDirectory C:\Users\VEERESH K C\Servelet-Project-Workspace\com.demo\src\test\resources
2025-10-31 21:59:33,848 [Worker-16: Building] INFO  o.a.m.s.f.DefaultMavenResourcesFiltering - Copying 1 resource from src\main\resources to target\classes
2025-10-31 21:59:33,854 [Worker-16: Building] INFO  o.a.m.s.f.DefaultMavenResourcesFiltering - skip non existing resourceDirectory C:\Users\VEERESH K C\Servelet-Project-Workspace\com.demo\src\test\resources
2025-10-31 22:00:16,722 [Worker-9: Updating Maven Project] INFO  o.e.m.c.i.p.ProjectConfigurationManager - Update started
2025-10-31 22:00:17,314 [Worker-9: Updating Maven Project] INFO  o.e.m.c.i.l.LifecycleMappingFactory - Using org.maven.ide.eclipse.wtp.WarLifecycleMapping lifecycle mapping for MavenProject: EmployeeCRUD:com.demo:0.0.1-SNAPSHOT @ C:\Users\VEERESH K C\Servelet-Project-Workspace\com.demo\pom.xml.
2025-10-31 22:00:20,078 [Worker-9: Updating Maven Project] INFO  o.e.m.c.i.e.AbstractTransferListenerAdapter - Downloading https://central.sonatype.com/repository/maven-snapshots/org/eclipse/ee4j/project/2.0.0-SNAPSHOT/maven-metadata.xml
2025-10-31 22:00:20,511 [Worker-9: Updating Maven Project] INFO  o.e.m.c.i.e.AbstractTransferListenerAdapter - Downloaded https://central.sonatype.com/repository/maven-snapshots/org/eclipse/ee4j/project/2.0.0-SNAPSHOT/maven-metadata.xml
2025-10-31 22:00:21,722 [Worker-9: Updating Maven Project] INFO  o.e.m.j.i.AbstractJavaProjectConfigurator - Adding source folder /com.demo/src/main/java
2025-10-31 22:00:21,723 [Worker-9: Updating Maven Project] INFO  o.e.m.j.i.AbstractJavaProjectConfigurator - Adding resource folder /com.demo/src/main/resources
2025-10-31 22:00:21,724 [Worker-9: Updating Maven Project] INFO  o.e.m.j.i.AbstractJavaProjectConfigurator - Adding source folder /com.demo/src/test/java
2025-10-31 22:00:22,253 [Worker-9: Updating Maven Project] INFO  o.e.m.w.i.f.ResourceFilteringBuildParticipant - Cleaning filtered folder for com.demo
2025-10-31 22:00:22,267 [Worker-9: Updating Maven Project] INFO  o.e.m.c.i.p.ProjectConfigurationManager - Update completed: 5 sec
2025-10-31 22:00:23,120 [Worker-16: Building] INFO  o.a.m.s.f.DefaultMavenResourcesFiltering - Copying 1 resource from src\main\resources to target\classes
2025-10-31 22:00:23,152 [Worker-16: Building] INFO  o.a.m.s.f.DefaultMavenResourcesFiltering - skip non existing resourceDirectory C:\Users\VEERESH K C\Servelet-Project-Workspace\com.demo\src\test\resources
2025-10-31 22:00:23,154 [Worker-16: Building] INFO  o.e.m.w.i.f.ResourceFilteringBuildParticipant - Changed resources require a complete clean of filtered resources of com.demo
2025-10-31 22:00:23,165 [Worker-16: Building] INFO  o.e.m.w.i.f.ResourceFilteringBuildParticipant - Executing resource filtering for com.demo
2025-10-31 22:01:19,729 [Worker-17: Building] INFO  o.a.m.s.f.DefaultMavenResourcesFiltering - Copying 1 resource from src\main\resources to target\classes
2025-10-31 22:01:19,738 [Worker-17: Building] INFO  o.a.m.s.f.DefaultMavenResourcesFiltering - skip non existing resourceDirectory C:\Users\VEERESH K C\Servelet-Project-Workspace\com.demo\src\test\resources
2025-10-31 22:01:30,109 [Worker-17: Updating Maven Project] INFO  o.e.m.c.i.p.ProjectConfigurationManager - Update started
2025-10-31 22:01:30,429 [Worker-17: Updating Maven Project] INFO  o.e.m.c.i.l.LifecycleMappingFactory - Using org.maven.ide.eclipse.wtp.WarLifecycleMapping lifecycle mapping for MavenProject: EmployeeCRUD:com.demo:0.0.1-SNAPSHOT @ C:\Users\VEERESH K C\Servelet-Project-Workspace\com.demo\pom.xml.
2025-10-31 22:01:31,844 [Worker-17: Updating Maven Project] INFO  o.e.m.c.i.e.AbstractTransferListenerAdapter - Downloading https://central.sonatype.com/repository/maven-snapshots/org/eclipse/ee4j/project/2.0.0-SNAPSHOT/maven-metadata.xml
2025-10-31 22:01:32,539 [Worker-17: Updating Maven Project] INFO  o.e.m.c.i.e.AbstractTransferListenerAdapter - Downloaded https://central.sonatype.com/repository/maven-snapshots/org/eclipse/ee4j/project/2.0.0-SNAPSHOT/maven-metadata.xml
2025-10-31 22:01:33,631 [Worker-17: Updating Maven Project] INFO  o.e.m.j.i.AbstractJavaProjectConfigurator - Adding source folder /com.demo/src/main/java
2025-10-31 22:01:33,632 [Worker-17: Updating Maven Project] INFO  o.e.m.j.i.AbstractJavaProjectConfigurator - Adding resource folder /com.demo/src/main/resources
2025-10-31 22:01:33,633 [Worker-17: Updating Maven Project] INFO  o.e.m.j.i.AbstractJavaProjectConfigurator - Adding source folder /com.demo/src/test/java
2025-10-31 22:01:34,307 [Worker-17: Updating Maven Project] INFO  o.e.m.w.i.f.ResourceFilteringBuildParticipant - Cleaning filtered folder for com.demo
2025-10-31 22:01:34,404 [Worker-17: Updating Maven Project] INFO  o.e.m.c.i.p.ProjectConfigurationManager - Update completed: 4 sec
2025-10-31 22:01:34,963 [Worker-15: Building] INFO  o.a.m.s.f.DefaultMavenResourcesFiltering - Copying 1 resource from src\main\resources to target\classes
2025-10-31 22:01:34,984 [Worker-15: Building] INFO  o.a.m.s.f.DefaultMavenResourcesFiltering - skip non existing resourceDirectory C:\Users\VEERESH K C\Servelet-Project-Workspace\com.demo\src\test\resources
2025-10-31 22:01:34,984 [Worker-15: Building] INFO  o.e.m.w.i.f.ResourceFilteringBuildParticipant - Changed resources require a complete clean of filtered resources of com.demo
2025-10-31 22:01:34,985 [Worker-15: Building] INFO  o.e.m.w.i.f.ResourceFilteringBuildParticipant - Executing resource filtering for com.demo
2025-10-31 22:01:48,732 [Worker-5: Download sources and javadoc] INFO  o.e.m.j.internal.DownloadSourcesJob - Downloaded sources for jakarta.servlet.jsp.jstl:jakarta.servlet.jsp.jstl-api:3.1.0-M1
2025-10-31 22:01:49,294 [Worker-5: Download sources and javadoc] INFO  o.e.m.c.i.e.AbstractTransferListenerAdapter - Downloading https://repo.maven.apache.org/maven2/jakarta/servlet/jsp/jstl/jakarta.servlet.jsp.jstl-api/3.1.0-M1/jakarta.servlet.jsp.jstl-api-3.1.0-M1-javadoc.jar
2025-10-31 22:01:50,159 [Worker-5: Download sources and javadoc] INFO  o.e.m.c.i.e.AbstractTransferListenerAdapter - Downloaded https://repo.maven.apache.org/maven2/jakarta/servlet/jsp/jstl/jakarta.servlet.jsp.jstl-api/3.1.0-M1/jakarta.servlet.jsp.jstl-api-3.1.0-M1-javadoc.jar
2025-10-31 22:01:50,292 [Worker-5: Download sources and javadoc] INFO  o.e.m.j.internal.DownloadSourcesJob - Downloaded javadoc for jakarta.servlet.jsp.jstl:jakarta.servlet.jsp.jstl-api:3.1.0-M1
2025-10-31 22:01:50,303 [Worker-5: Download sources and javadoc] INFO  o.e.m.j.internal.DownloadSourcesJob - Downloaded sources for jakarta.servlet:jakarta.servlet-api:6.0.0
2025-10-31 22:01:50,830 [Worker-5: Download sources and javadoc] INFO  o.e.m.c.i.e.AbstractTransferListenerAdapter - Downloading https://repo.maven.apache.org/maven2/jakarta/servlet/jakarta.servlet-api/6.0.0/jakarta.servlet-api-6.0.0-javadoc.jar
2025-10-31 22:01:51,435 [Worker-5: Download sources and javadoc] INFO  o.e.m.c.i.e.AbstractTransferListenerAdapter - Downloaded https://repo.maven.apache.org/maven2/jakarta/servlet/jakarta.servlet-api/6.0.0/jakarta.servlet-api-6.0.0-javadoc.jar
2025-10-31 22:01:51,709 [Worker-5: Download sources and javadoc] INFO  o.e.m.j.internal.DownloadSourcesJob - Downloaded javadoc for jakarta.servlet:jakarta.servlet-api:6.0.0
2025-10-31 22:01:51,716 [Worker-5: Download sources and javadoc] INFO  o.e.m.j.internal.DownloadSourcesJob - Downloaded sources for jakarta.el:jakarta.el-api:5.0.0
2025-10-31 22:01:52,357 [Worker-5: Download sources and javadoc] INFO  o.e.m.c.i.e.AbstractTransferListenerAdapter - Downloading https://repo.maven.apache.org/maven2/jakarta/el/jakarta.el-api/5.0.0/jakarta.el-api-5.0.0-javadoc.jar
2025-10-31 22:01:53,216 [Worker-5: Download sources and javadoc] INFO  o.e.m.c.i.e.AbstractTransferListenerAdapter - Downloaded https://repo.maven.apache.org/maven2/jakarta/el/jakarta.el-api/5.0.0/jakarta.el-api-5.0.0-javadoc.jar
2025-10-31 22:01:53,370 [Worker-5: Download sources and javadoc] INFO  o.e.m.j.internal.DownloadSourcesJob - Downloaded javadoc for jakarta.el:jakarta.el-api:5.0.0
2025-10-31 22:01:53,381 [Worker-5: Download sources and javadoc] INFO  o.e.m.j.internal.DownloadSourcesJob - Downloaded sources for com.mysql:mysql-connector-j:9.5.0
2025-10-31 22:01:53,693 [Worker-5: Download sources and javadoc] INFO  o.e.m.c.i.e.AbstractTransferListenerAdapter - Downloading https://repo.maven.apache.org/maven2/com/mysql/mysql-connector-j/9.5.0/mysql-connector-j-9.5.0-javadoc.jar
2025-10-31 22:01:54,188 [Worker-5: Download sources and javadoc] INFO  o.e.m.c.i.e.AbstractTransferListenerAdapter - Downloaded https://repo.maven.apache.org/maven2/com/mysql/mysql-connector-j/9.5.0/mysql-connector-j-9.5.0-javadoc.jar
2025-10-31 22:01:54,502 [Worker-5: Download sources and javadoc] INFO  o.e.m.j.internal.DownloadSourcesJob - Downloaded javadoc for com.mysql:mysql-connector-j:9.5.0
2025-10-31 22:01:54,509 [Worker-5: Download sources and javadoc] INFO  o.e.m.j.internal.DownloadSourcesJob - Downloaded sources for com.google.protobuf:protobuf-java:4.31.1
2025-10-31 22:01:55,629 [Worker-5: Download sources and javadoc] INFO  o.e.m.c.i.e.AbstractTransferListenerAdapter - Downloading https://repo.maven.apache.org/maven2/com/google/protobuf/protobuf-java/4.31.1/protobuf-java-4.31.1-javadoc.jar
2025-10-31 22:01:56,643 [Worker-5: Download sources and javadoc] INFO  o.e.m.c.i.e.AbstractTransferListenerAdapter - Downloaded https://repo.maven.apache.org/maven2/com/google/protobuf/protobuf-java/4.31.1/protobuf-java-4.31.1-javadoc.jar
2025-10-31 22:01:56,878 [Worker-5: Download sources and javadoc] INFO  o.e.m.j.internal.DownloadSourcesJob - Downloaded javadoc for com.google.protobuf:protobuf-java:4.31.1
2025-10-31 22:01:56,885 [Worker-5: Download sources and javadoc] INFO  o.e.m.j.internal.DownloadSourcesJob - Downloaded sources for org.glassfish.web:jakarta.servlet.jsp.jstl:3.0.1
2025-10-31 22:01:57,088 [Worker-5: Download sources and javadoc] INFO  o.e.m.c.i.e.AbstractTransferListenerAdapter - Downloading https://repo.maven.apache.org/maven2/org/glassfish/web/jakarta.servlet.jsp.jstl/3.0.1/jakarta.servlet.jsp.jstl-3.0.1-javadoc.jar
2025-10-31 22:01:58,693 [Worker-5: Download sources and javadoc] INFO  o.e.m.c.i.e.AbstractTransferListenerAdapter - Downloaded https://repo.maven.apache.org/maven2/org/glassfish/web/jakarta.servlet.jsp.jstl/3.0.1/jakarta.servlet.jsp.jstl-3.0.1-javadoc.jar
2025-10-31 22:01:58,828 [Worker-5: Download sources and javadoc] INFO  o.e.m.j.internal.DownloadSourcesJob - Downloaded javadoc for org.glassfish.web:jakarta.servlet.jsp.jstl:3.0.1
2025-10-31 22:01:59,024 [Worker-9: Building] INFO  o.a.m.s.f.DefaultMavenResourcesFiltering - Copying 0 resource from src\main\resources to target\classes
2025-10-31 22:01:59,026 [Worker-9: Building] INFO  o.a.m.s.f.DefaultMavenResourcesFiltering - skip non existing resourceDirectory C:\Users\VEERESH K C\Servelet-Project-Workspace\com.demo\src\test\resources
2025-10-31 22:02:00,072 [Worker-15: Building] INFO  o.a.m.s.f.DefaultMavenResourcesFiltering - Copying 0 resource from src\main\resources to target\classes
2025-10-31 22:02:00,076 [Worker-15: Building] INFO  o.a.m.s.f.DefaultMavenResourcesFiltering - skip non existing resourceDirectory C:\Users\VEERESH K C\Servelet-Project-Workspace\com.demo\src\test\resources
2025-10-31 22:15:49,241 [Worker-5: Building] INFO  o.a.m.s.f.DefaultMavenResourcesFiltering - Copying 1 resource from src\main\resources to target\classes
2025-10-31 22:15:49,244 [Worker-5: Building] INFO  o.a.m.s.f.DefaultMavenResourcesFiltering - skip non existing resourceDirectory C:\Users\VEERESH K C\Servelet-Project-Workspace\com.demo\src\test\resources
2025-10-31 22:16:12,609 [Start Help Server] INFO  org.eclipse.jetty.server.Server - jetty-10.0.6; built: 2021-06-29T15:28:56.259Z; git: 37e7731b4b142a882d73974ff3bec78d621bd674; jvm 17.0.2+8
2025-10-31 22:16:12,647 [Start Help Server] INFO  o.e.j.s.s.DefaultSessionIdManager - Session workerName=node0
2025-10-31 22:16:12,703 [Start Help Server] INFO  o.e.j.server.handler.ContextHandler - Started o.e.j.s.ServletContextHandler@641da393{/help,null,AVAILABLE}
2025-10-31 22:16:12,744 [Start Help Server] INFO  o.e.jetty.server.AbstractConnector - Started ServerConnector@9251afd{HTTP/1.1, (http/1.1)}{127.0.0.1:60991}
2025-10-31 22:16:12,748 [Start Help Server] INFO  org.eclipse.jetty.server.Server - Started Server@232efd7d{STARTING}[10.0.6,sto=0] @1299500ms
2025-10-31 22:16:28,666 [Worker-20: Building] INFO  o.a.m.s.f.DefaultMavenResourcesFiltering - Copying 1 resource from src\main\resources to target\classes
2025-10-31 22:16:28,674 [Worker-20: Building] INFO  o.a.m.s.f.DefaultMavenResourcesFiltering - skip non existing resourceDirectory C:\Users\VEERESH K C\Servelet-Project-Workspace\com.demo\src\test\resources
2025-10-31 22:17:50,884 [Worker-20: Building] INFO  o.a.m.s.f.DefaultMavenResourcesFiltering - Copying 1 resource from src\main\resources to target\classes
2025-10-31 22:17:50,905 [Worker-20: Building] INFO  o.a.m.s.f.DefaultMavenResourcesFiltering - skip non existing resourceDirectory C:\Users\VEERESH K C\Servelet-Project-Workspace\com.demo\src\test\resources
2025-10-31 22:18:05,132 [Worker-5: Building] INFO  o.a.m.s.f.DefaultMavenResourcesFiltering - Copying 1 resource from src\main\resources to target\classes
2025-10-31 22:18:05,135 [Worker-5: Building] INFO  o.a.m.s.f.DefaultMavenResourcesFiltering - skip non existing resourceDirectory C:\Users\VEERESH K C\Servelet-Project-Workspace\com.demo\src\test\resources
2025-10-31 22:21:44,027 [Worker-21: Building] INFO  o.a.m.s.f.DefaultMavenResourcesFiltering - Copying 1 resource from src\main\resources to target\classes
2025-10-31 22:21:44,030 [Worker-21: Building] INFO  o.a.m.s.f.DefaultMavenResourcesFiltering - skip non existing resourceDirectory C:\Users\VEERESH K C\Servelet-Project-Workspace\com.demo\src\test\resources
2025-10-31 22:21:50,372 [Worker-21: Building] INFO  o.a.m.s.f.DefaultMavenResourcesFiltering - Copying 1 resource from src\main\resources to target\classes
2025-10-31 22:21:50,375 [Worker-21: Building] INFO  o.a.m.s.f.DefaultMavenResourcesFiltering - skip non existing resourceDirectory C:\Users\VEERESH K C\Servelet-Project-Workspace\com.demo\src\test\resources
2025-10-31 22:22:17,591 [Worker-16: Building] INFO  o.a.m.s.f.DefaultMavenResourcesFiltering - Copying 1 resource from src\main\resources to target\classes
2025-10-31 22:22:17,594 [Worker-16: Building] INFO  o.a.m.s.f.DefaultMavenResourcesFiltering - skip non existing resourceDirectory C:\Users\VEERESH K C\Servelet-Project-Workspace\com.demo\src\test\resources
2025-10-31 22:23:58,886 [Worker-20: Building] INFO  o.a.m.s.f.DefaultMavenResourcesFiltering - Copying 0 resource from src\main\resources to target\classes
2025-10-31 22:23:58,889 [Worker-20: Building] INFO  o.a.m.s.f.DefaultMavenResourcesFiltering - skip non existing resourceDirectory C:\Users\VEERESH K C\Servelet-Project-Workspace\com.demo\src\test\resources
2025-10-31 22:25:47,917 [Worker-24: Building] INFO  o.a.m.s.f.DefaultMavenResourcesFiltering - Copying 0 resource from src\main\resources to target\classes
2025-10-31 22:25:47,924 [Worker-24: Building] INFO  o.a.m.s.f.DefaultMavenResourcesFiltering - skip non existing resourceDirectory C:\Users\VEERESH K C\Servelet-Project-Workspace\com.demo\src\test\resources
2025-10-31 22:26:03,385 [Worker-27: Building] INFO  o.a.m.s.f.DefaultMavenResourcesFiltering - Copying 0 resource from src\main\resources to target\classes
2025-10-31 22:26:03,387 [Worker-27: Building] INFO  o.a.m.s.f.DefaultMavenResourcesFiltering - skip non existing resourceDirectory C:\Users\VEERESH K C\Servelet-Project-Workspace\com.demo\src\test\resources
2025-10-31 22:26:14,096 [Worker-20: Building] INFO  o.a.m.s.f.DefaultMavenResourcesFiltering - Copying 0 resource from src\main\resources to target\classes
2025-10-31 22:26:14,098 [Worker-20: Building] INFO  o.a.m.s.f.DefaultMavenResourcesFiltering - skip non existing resourceDirectory C:\Users\VEERESH K C\Servelet-Project-Workspace\com.demo\src\test\resources
2025-10-31 22:26:42,196 [Worker-24: Building] INFO  o.a.m.s.f.DefaultMavenResourcesFiltering - Copying 0 resource from src\main\resources to target\classes
2025-10-31 22:26:42,198 [Worker-24: Building] INFO  o.a.m.s.f.DefaultMavenResourcesFiltering - skip non existing resourceDirectory C:\Users\VEERESH K C\Servelet-Project-Workspace\com.demo\src\test\resources
2025-10-31 22:34:47,392 [Worker-30: Building] INFO  o.a.m.s.f.DefaultMavenResourcesFiltering - Copying 1 resource from src\main\resources to target\classes
2025-10-31 22:34:47,399 [Worker-30: Building] INFO  o.a.m.s.f.DefaultMavenResourcesFiltering - skip non existing resourceDirectory C:\Users\VEERESH K C\Servelet-Project-Workspace\com.demo\src\test\resources
2025-10-31 22:35:05,158 [Worker-30: Updating Maven Project] INFO  o.e.m.c.i.p.ProjectConfigurationManager - Update started
2025-10-31 22:35:05,461 [Worker-30: Updating Maven Project] INFO  o.e.m.c.i.l.LifecycleMappingFactory - Using org.maven.ide.eclipse.wtp.WarLifecycleMapping lifecycle mapping for MavenProject: EmployeeCRUD:com.demo:0.0.1-SNAPSHOT @ C:\Users\VEERESH K C\Servelet-Project-Workspace\com.demo\pom.xml.
2025-10-31 22:35:07,101 [Worker-30: Updating Maven Project] INFO  o.e.m.c.i.e.AbstractTransferListenerAdapter - Downloading https://central.sonatype.com/repository/maven-snapshots/org/eclipse/ee4j/project/2.0.0-SNAPSHOT/maven-metadata.xml
2025-10-31 22:35:07,534 [Worker-30: Updating Maven Project] INFO  o.e.m.c.i.e.AbstractTransferListenerAdapter - Downloaded https://central.sonatype.com/repository/maven-snapshots/org/eclipse/ee4j/project/2.0.0-SNAPSHOT/maven-metadata.xml
2025-10-31 22:35:08,547 [Worker-30: Updating Maven Project] INFO  o.e.m.j.i.AbstractJavaProjectConfigurator - Adding source folder /com.demo/src/main/java
2025-10-31 22:35:08,548 [Worker-30: Updating Maven Project] INFO  o.e.m.j.i.AbstractJavaProjectConfigurator - Adding resource folder /com.demo/src/main/resources
2025-10-31 22:35:08,550 [Worker-30: Updating Maven Project] INFO  o.e.m.j.i.AbstractJavaProjectConfigurator - Adding source folder /com.demo/src/test/java
2025-10-31 22:35:09,071 [Worker-30: Updating Maven Project] INFO  o.e.m.w.i.f.ResourceFilteringBuildParticipant - Cleaning filtered folder for com.demo
2025-10-31 22:35:09,091 [Worker-30: Updating Maven Project] INFO  o.e.m.c.i.p.ProjectConfigurationManager - Update completed: 3 sec
2025-10-31 22:35:09,443 [Worker-29: Building] INFO  o.a.m.s.f.DefaultMavenResourcesFiltering - Copying 1 resource from src\main\resources to target\classes
2025-10-31 22:35:09,500 [Worker-29: Building] INFO  o.a.m.s.f.DefaultMavenResourcesFiltering - skip non existing resourceDirectory C:\Users\VEERESH K C\Servelet-Project-Workspace\com.demo\src\test\resources
2025-10-31 22:35:09,500 [Worker-29: Building] INFO  o.e.m.w.i.f.ResourceFilteringBuildParticipant - Changed resources require a complete clean of filtered resources of com.demo
2025-10-31 22:35:09,501 [Worker-29: Building] INFO  o.e.m.w.i.f.ResourceFilteringBuildParticipant - Executing resource filtering for com.demo
2025-10-31 22:35:32,562 [Worker-30: Building] INFO  o.a.m.s.f.DefaultMavenResourcesFiltering - Copying 0 resource from src\main\resources to target\classes
2025-10-31 22:35:32,568 [Worker-30: Building] INFO  o.a.m.s.f.DefaultMavenResourcesFiltering - skip non existing resourceDirectory C:\Users\VEERESH K C\Servelet-Project-Workspace\com.demo\src\test\resources
2025-10-31 22:36:57,988 [Worker-20: Building] INFO  o.a.m.s.f.DefaultMavenResourcesFiltering - Copying 1 resource from src\main\resources to target\classes
2025-10-31 22:36:57,995 [Worker-20: Building] INFO  o.a.m.s.f.DefaultMavenResourcesFiltering - skip non existing resourceDirectory C:\Users\VEERESH K C\Servelet-Project-Workspace\com.demo\src\test\resources
2025-10-31 22:37:13,340 [Worker-31: Updating Maven Project] INFO  o.e.m.c.i.p.ProjectConfigurationManager - Update started
2025-10-31 22:37:13,650 [Worker-31: Updating Maven Project] INFO  o.e.m.c.i.l.LifecycleMappingFactory - Using org.maven.ide.eclipse.wtp.WarLifecycleMapping lifecycle mapping for MavenProject: EmployeeCRUD:com.demo:0.0.1-SNAPSHOT @ C:\Users\VEERESH K C\Servelet-Project-Workspace\com.demo\pom.xml.
2025-10-31 22:37:14,736 [Worker-31: Updating Maven Project] INFO  o.e.m.c.i.e.AbstractTransferListenerAdapter - Downloading https://central.sonatype.com/repository/maven-snapshots/org/eclipse/ee4j/project/2.0.0-SNAPSHOT/maven-metadata.xml
2025-10-31 22:37:15,264 [Worker-31: Updating Maven Project] INFO  o.e.m.c.i.e.AbstractTransferListenerAdapter - Downloaded https://central.sonatype.com/repository/maven-snapshots/org/eclipse/ee4j/project/2.0.0-SNAPSHOT/maven-metadata.xml
2025-10-31 22:37:16,360 [Worker-31: Updating Maven Project] INFO  o.e.m.j.i.AbstractJavaProjectConfigurator - Adding source folder /com.demo/src/main/java
2025-10-31 22:37:16,361 [Worker-31: Updating Maven Project] INFO  o.e.m.j.i.AbstractJavaProjectConfigurator - Adding resource folder /com.demo/src/main/resources
2025-10-31 22:37:16,362 [Worker-31: Updating Maven Project] INFO  o.e.m.j.i.AbstractJavaProjectConfigurator - Adding source folder /com.demo/src/test/java
2025-10-31 22:37:16,788 [Worker-31: Updating Maven Project] INFO  o.e.m.w.i.f.ResourceFilteringBuildParticipant - Cleaning filtered folder for com.demo
2025-10-31 22:37:16,797 [Worker-31: Updating Maven Project] INFO  o.e.m.c.i.p.ProjectConfigurationManager - Update completed: 3 sec
2025-10-31 22:37:17,105 [Worker-20: Building] INFO  o.a.m.s.f.DefaultMavenResourcesFiltering - Copying 1 resource from src\main\resources to target\classes
2025-10-31 22:37:17,128 [Worker-20: Building] INFO  o.a.m.s.f.DefaultMavenResourcesFiltering - skip non existing resourceDirectory C:\Users\VEERESH K C\Servelet-Project-Workspace\com.demo\src\test\resources
2025-10-31 22:37:17,128 [Worker-20: Building] INFO  o.e.m.w.i.f.ResourceFilteringBuildParticipant - Changed resources require a complete clean of filtered resources of com.demo
2025-10-31 22:37:17,129 [Worker-20: Building] INFO  o.e.m.w.i.f.ResourceFilteringBuildParticipant - Executing resource filtering for com.demo
2025-10-31 22:39:10,521 [Worker-31: Building] INFO  o.e.m.c.i.l.LifecycleMappingFactory - Using org.maven.ide.eclipse.wtp.WarLifecycleMapping lifecycle mapping for MavenProject: EmployeeCRUD:com.demo:0.0.1-SNAPSHOT @ C:\Users\VEERESH K C\Servelet-Project-Workspace\com.demo\pom.xml.
2025-10-31 22:39:12,064 [Worker-30: Building] INFO  o.a.m.s.f.DefaultMavenResourcesFiltering - Copying 1 resource from src\main\resources to target\classes
2025-10-31 22:39:12,071 [Worker-30: Building] INFO  o.a.m.s.f.DefaultMavenResourcesFiltering - skip non existing resourceDirectory C:\Users\VEERESH K C\Servelet-Project-Workspace\com.demo\src\test\resources
2025-10-31 22:39:13,206 [Worker-30: Download sources and javadoc] INFO  o.e.m.c.i.e.AbstractTransferListenerAdapter - Downloading https://repo.maven.apache.org/maven2/javax/servlet/jstl/1.2/jstl-1.2-sources.jar
2025-10-31 22:39:13,283 [Worker-31: Building] INFO  o.e.m.c.i.l.LifecycleMappingFactory - Using org.maven.ide.eclipse.wtp.WarLifecycleMapping lifecycle mapping for MavenProject: EmployeeCRUD:com.demo:0.0.1-SNAPSHOT @ C:\Users\VEERESH K C\Servelet-Project-Workspace\com.demo\pom.xml.
2025-10-31 22:39:13,922 [Worker-30: Download sources and javadoc] INFO  o.e.m.c.i.e.AbstractTransferListenerAdapter - Downloaded https://repo.maven.apache.org/maven2/javax/servlet/jstl/1.2/jstl-1.2-sources.jar
2025-10-31 22:39:14,127 [Worker-30: Download sources and javadoc] INFO  o.e.m.j.internal.DownloadSourcesJob - Downloaded sources for javax.servlet:jstl:1.2
2025-10-31 22:39:14,215 [Worker-30: Download sources and javadoc] INFO  o.e.m.c.i.e.AbstractTransferListenerAdapter - Downloaded https://repo.maven.apache.org/maven2/javax/servlet/jstl/1.2/jstl-1.2-javadoc.jar
2025-10-31 22:39:14,231 [Worker-30: Download sources and javadoc] ERROR o.e.m.j.internal.DownloadSourcesJob - Could not download javadoc for javax.servlet:jstl:1.2
org.eclipse.core.runtime.CoreException: Could not resolve artifact javax.servlet:jstl:jar:javadoc:1.2
	at org.eclipse.m2e.core.internal.embedder.MavenImpl.lambda$4(MavenImpl.java:828)
	at org.eclipse.m2e.core.internal.embedder.MavenExecutionContext.executeBare(MavenExecutionContext.java:182)
	at org.eclipse.m2e.core.internal.embedder.MavenExecutionContext.execute(MavenExecutionContext.java:117)
	at org.eclipse.m2e.core.internal.embedder.MavenExecutionContext.execute(MavenExecutionContext.java:103)
	at org.eclipse.m2e.core.internal.embedder.MavenImpl.resolve(MavenImpl.java:796)
	at org.eclipse.m2e.core.internal.embedder.MavenImpl.resolve(MavenImpl.java:773)
	at org.eclipse.m2e.jdt.internal.DownloadSourcesJob.download(DownloadSourcesJob.java:311)
	at org.eclipse.m2e.jdt.internal.DownloadSourcesJob.downloadAttachments(DownloadSourcesJob.java:297)
	at org.eclipse.m2e.jdt.internal.DownloadSourcesJob.downloadMaven(DownloadSourcesJob.java:255)
	at org.eclipse.m2e.jdt.internal.DownloadSourcesJob.downloadFilesAndPopulateToUpdate(DownloadSourcesJob.java:223)
	at org.eclipse.m2e.jdt.internal.DownloadSourcesJob.lambda$0(DownloadSourcesJob.java:152)
	at org.eclipse.m2e.core.internal.embedder.MavenExecutionContext.executeBare(MavenExecutionContext.java:182)
	at org.eclipse.m2e.core.internal.embedder.MavenExecutionContext.execute(MavenExecutionContext.java:156)
	at org.eclipse.m2e.core.internal.embedder.MavenExecutionContext.execute(MavenExecutionContext.java:103)
	at org.eclipse.m2e.core.internal.embedder.MavenImpl.execute(MavenImpl.java:1416)
	at org.eclipse.m2e.jdt.internal.DownloadSourcesJob.run(DownloadSourcesJob.java:152)
	at org.eclipse.core.internal.jobs.Worker.run(Worker.java:63)
2025-10-31 22:39:15,088 [Worker-30: Building] INFO  o.a.m.s.f.DefaultMavenResourcesFiltering - Copying 1 resource from src\main\resources to target\classes
2025-10-31 22:39:15,101 [Worker-30: Building] INFO  o.a.m.s.f.DefaultMavenResourcesFiltering - skip non existing resourceDirectory C:\Users\VEERESH K C\Servelet-Project-Workspace\com.demo\src\test\resources
2025-10-31 22:41:20,901 [Worker-33: Building] INFO  o.e.m.c.i.l.LifecycleMappingFactory - Using org.maven.ide.eclipse.wtp.WarLifecycleMapping lifecycle mapping for MavenProject: EmployeeCRUD:com.demo:0.0.1-SNAPSHOT @ C:\Users\VEERESH K C\Servelet-Project-Workspace\com.demo\pom.xml.
2025-10-31 22:41:21,895 [Worker-30: Building] INFO  o.a.m.s.f.DefaultMavenResourcesFiltering - Copying 1 resource from src\main\resources to target\classes
2025-10-31 22:41:21,901 [Worker-30: Building] INFO  o.a.m.s.f.DefaultMavenResourcesFiltering - skip non existing resourceDirectory C:\Users\VEERESH K C\Servelet-Project-Workspace\com.demo\src\test\resources
2025-10-31 22:41:41,991 [Worker-33: Building] ERROR o.e.m.c.i.p.r.ProjectRegistryManager - Could not read pom.xml
org.eclipse.core.runtime.CoreException: Could not read pom.xml
	at org.eclipse.m2e.core.internal.embedder.MavenImpl.readModel(MavenImpl.java:579)
	at org.eclipse.m2e.core.internal.project.registry.ProjectRegistryManager.refreshPhase2(ProjectRegistryManager.java:547)
	at org.eclipse.m2e.core.internal.project.registry.ProjectRegistryManager.refresh(ProjectRegistryManager.java:503)
	at org.eclipse.m2e.core.internal.project.registry.ProjectRegistryManager.refresh(ProjectRegistryManager.java:349)
	at org.eclipse.m2e.core.internal.project.registry.ProjectRegistryManager.refresh(ProjectRegistryManager.java:303)
	at org.eclipse.m2e.core.internal.builder.MavenBuilder$BuildMethod.getProjectFacade(MavenBuilder.java:151)
	at org.eclipse.m2e.core.internal.builder.MavenBuilder$BuildMethod.lambda$0(MavenBuilder.java:89)
	at org.eclipse.m2e.core.internal.embedder.MavenExecutionContext.executeBare(MavenExecutionContext.java:182)
	at org.eclipse.m2e.core.internal.embedder.MavenExecutionContext.execute(MavenExecutionContext.java:156)
	at org.eclipse.m2e.core.internal.embedder.MavenExecutionContext.execute(MavenExecutionContext.java:103)
	at org.eclipse.m2e.core.internal.builder.MavenBuilder$BuildMethod.execute(MavenBuilder.java:88)
	at org.eclipse.m2e.core.internal.builder.MavenBuilder.build(MavenBuilder.java:198)
	at org.eclipse.core.internal.events.BuildManager$2.run(BuildManager.java:860)
	at org.eclipse.core.runtime.SafeRunner.run(SafeRunner.java:45)
	at org.eclipse.core.internal.events.BuildManager.basicBuild(BuildManager.java:232)
	at org.eclipse.core.internal.events.BuildManager.basicBuild(BuildManager.java:281)
	at org.eclipse.core.internal.events.BuildManager$1.run(BuildManager.java:334)
	at org.eclipse.core.runtime.SafeRunner.run(SafeRunner.java:45)
	at org.eclipse.core.internal.events.BuildManager.basicBuild(BuildManager.java:337)
	at org.eclipse.core.internal.events.BuildManager.basicBuildLoop(BuildManager.java:392)
	at org.eclipse.core.internal.events.BuildManager.build(BuildManager.java:417)
	at org.eclipse.core.internal.events.AutoBuildJob.doBuild(AutoBuildJob.java:161)
	at org.eclipse.core.internal.events.AutoBuildJob.run(AutoBuildJob.java:255)
	at org.eclipse.core.internal.jobs.Worker.run(Worker.java:63)
Caused by: org.apache.maven.model.io.ModelParseException: end tag name </dependencies> must match start tag name <project> from line 3 (position: TEXT seen ...</dependencies>\r\n\r\n\r\n</dependencies>... @55:16) 
	at org.apache.maven.model.io.DefaultModelReader.read(DefaultModelReader.java:117)
	at org.apache.maven.model.io.DefaultModelReader.read(DefaultModelReader.java:85)
	at org.eclipse.m2e.core.internal.embedder.MavenImpl.readModel(MavenImpl.java:577)
	... 23 common frames omitted
Caused by: org.codehaus.plexus.util.xml.pull.XmlPullParserException: end tag name </dependencies> must match start tag name <project> from line 3 (position: TEXT seen ...</dependencies>\r\n\r\n\r\n</dependencies>... @55:16) 
	at org.codehaus.plexus.util.xml.pull.MXParser.parseEndTag(MXParser.java:2090)
	at org.codehaus.plexus.util.xml.pull.MXParser.nextImpl(MXParser.java:1361)
	at org.codehaus.plexus.util.xml.pull.MXParser.next(MXParser.java:1319)
	at org.codehaus.plexus.util.xml.pull.MXParser.nextTag(MXParser.java:1305)
	at org.apache.maven.model.io.xpp3.MavenXpp3Reader.parseModel(MavenXpp3Reader.java:2072)
	at org.apache.maven.model.io.xpp3.MavenXpp3Reader.read(MavenXpp3Reader.java:3872)
	at org.apache.maven.model.io.xpp3.MavenXpp3Reader.read(MavenXpp3Reader.java:595)
	at org.apache.maven.model.io.DefaultModelReader.read(DefaultModelReader.java:112)
	... 25 common frames omitted
2025-10-31 22:41:43,350 [Worker-33: Building] ERROR o.e.m.c.i.p.r.ProjectRegistryManager - Could not read pom.xml
org.eclipse.core.runtime.CoreException: Could not read pom.xml
	at org.eclipse.m2e.core.internal.embedder.MavenImpl.readModel(MavenImpl.java:579)
	at org.eclipse.m2e.core.internal.project.registry.ProjectRegistryManager.refreshPhase2(ProjectRegistryManager.java:547)
	at org.eclipse.m2e.core.internal.project.registry.ProjectRegistryManager.refresh(ProjectRegistryManager.java:503)
	at org.eclipse.m2e.core.internal.project.registry.ProjectRegistryManager.refresh(ProjectRegistryManager.java:349)
	at org.eclipse.m2e.core.internal.project.registry.ProjectRegistryManager.refresh(ProjectRegistryManager.java:303)
	at org.eclipse.m2e.core.internal.builder.MavenBuilder$BuildMethod.getProjectFacade(MavenBuilder.java:151)
	at org.eclipse.m2e.core.internal.builder.MavenBuilder$BuildMethod.lambda$0(MavenBuilder.java:89)
	at org.eclipse.m2e.core.internal.embedder.MavenExecutionContext.executeBare(MavenExecutionContext.java:182)
	at org.eclipse.m2e.core.internal.embedder.MavenExecutionContext.execute(MavenExecutionContext.java:156)
	at org.eclipse.m2e.core.internal.embedder.MavenExecutionContext.execute(MavenExecutionContext.java:103)
	at org.eclipse.m2e.core.internal.builder.MavenBuilder$BuildMethod.execute(MavenBuilder.java:88)
	at org.eclipse.m2e.core.internal.builder.MavenBuilder.build(MavenBuilder.java:198)
	at org.eclipse.core.internal.events.BuildManager$2.run(BuildManager.java:860)
	at org.eclipse.core.runtime.SafeRunner.run(SafeRunner.java:45)
	at org.eclipse.core.internal.events.BuildManager.basicBuild(BuildManager.java:232)
	at org.eclipse.core.internal.events.BuildManager.basicBuild(BuildManager.java:281)
	at org.eclipse.core.internal.events.BuildManager$1.run(BuildManager.java:334)
	at org.eclipse.core.runtime.SafeRunner.run(SafeRunner.java:45)
	at org.eclipse.core.internal.events.BuildManager.basicBuild(BuildManager.java:337)
	at org.eclipse.core.internal.events.BuildManager.basicBuildLoop(BuildManager.java:392)
	at org.eclipse.core.internal.events.BuildManager.build(BuildManager.java:417)
	at org.eclipse.core.internal.events.AutoBuildJob.doBuild(AutoBuildJob.java:161)
	at org.eclipse.core.internal.events.AutoBuildJob.run(AutoBuildJob.java:255)
	at org.eclipse.core.internal.jobs.Worker.run(Worker.java:63)
Caused by: org.apache.maven.model.io.ModelParseException: end tag name </dependencies> must match start tag name <project> from line 3 (position: TEXT seen ...</dependencies>\r\n\r\n\r\n</dependencies>... @55:16) 
	at org.apache.maven.model.io.DefaultModelReader.read(DefaultModelReader.java:117)
	at org.apache.maven.model.io.DefaultModelReader.read(DefaultModelReader.java:85)
	at org.eclipse.m2e.core.internal.embedder.MavenImpl.readModel(MavenImpl.java:577)
	... 23 common frames omitted
Caused by: org.codehaus.plexus.util.xml.pull.XmlPullParserException: end tag name </dependencies> must match start tag name <project> from line 3 (position: TEXT seen ...</dependencies>\r\n\r\n\r\n</dependencies>... @55:16) 
	at org.codehaus.plexus.util.xml.pull.MXParser.parseEndTag(MXParser.java:2090)
	at org.codehaus.plexus.util.xml.pull.MXParser.nextImpl(MXParser.java:1361)
	at org.codehaus.plexus.util.xml.pull.MXParser.next(MXParser.java:1319)
	at org.codehaus.plexus.util.xml.pull.MXParser.nextTag(MXParser.java:1305)
	at org.apache.maven.model.io.xpp3.MavenXpp3Reader.parseModel(MavenXpp3Reader.java:2072)
	at org.apache.maven.model.io.xpp3.MavenXpp3Reader.read(MavenXpp3Reader.java:3872)
	at org.apache.maven.model.io.xpp3.MavenXpp3Reader.read(MavenXpp3Reader.java:595)
	at org.apache.maven.model.io.DefaultModelReader.read(DefaultModelReader.java:112)
	... 25 common frames omitted
2025-10-31 22:42:02,841 [Worker-31: Building] INFO  o.e.m.c.i.l.LifecycleMappingFactory - Using org.maven.ide.eclipse.wtp.WarLifecycleMapping lifecycle mapping for MavenProject: EmployeeCRUD:com.demo:0.0.1-SNAPSHOT @ C:\Users\VEERESH K C\Servelet-Project-Workspace\com.demo\pom.xml.
2025-10-31 22:42:03,007 [Worker-33: reload maven project] INFO  o.e.m.c.i.e.AbstractTransferListenerAdapter - Downloaded https://repo.maven.apache.org/maven2/javax/servlet/jsp/javax.servlet.jsp-api/2.3.3/javax.servlet.jsp-api-2.3.3.pom
2025-10-31 22:42:03,111 [Worker-33: reload maven project] INFO  o.e.m.c.i.e.AbstractTransferListenerAdapter - Downloading https://repo.maven.apache.org/maven2/javax/servlet/jsp/javax.servlet.jsp-api/2.3.3/javax.servlet.jsp-api-2.3.3.jar
2025-10-31 22:42:03,320 [Worker-31: Building] INFO  o.e.m.c.i.e.AbstractTransferListenerAdapter - Downloaded https://repo.maven.apache.org/maven2/javax/servlet/jsp/javax.servlet.jsp-api/2.3.3/javax.servlet.jsp-api-2.3.3.pom
2025-10-31 22:42:03,380 [Worker-31: Building] INFO  o.e.m.c.i.e.AbstractTransferListenerAdapter - Downloading https://repo.maven.apache.org/maven2/javax/servlet/jsp/javax.servlet.jsp-api/2.3.3/javax.servlet.jsp-api-2.3.3.jar
2025-10-31 22:42:03,389 [Worker-31: Building] INFO  o.e.m.c.i.e.AbstractTransferListenerAdapter - Downloaded https://repo.maven.apache.org/maven2/javax/servlet/jsp/javax.servlet.jsp-api/2.3.3/javax.servlet.jsp-api-2.3.3.jar
2025-10-31 22:42:03,686 [Worker-33: reload maven project] INFO  o.e.m.c.i.e.AbstractTransferListenerAdapter - Downloaded https://repo.maven.apache.org/maven2/javax/servlet/jsp/javax.servlet.jsp-api/2.3.3/javax.servlet.jsp-api-2.3.3.jar
2025-10-31 22:42:04,613 [Worker-33: Building] INFO  o.a.m.s.f.DefaultMavenResourcesFiltering - Copying 1 resource from src\main\resources to target\classes
2025-10-31 22:42:04,625 [Worker-33: Building] INFO  o.a.m.s.f.DefaultMavenResourcesFiltering - skip non existing resourceDirectory C:\Users\VEERESH K C\Servelet-Project-Workspace\com.demo\src\test\resources
2025-10-31 22:42:05,624 [Worker-36: Download sources and javadoc] INFO  o.e.m.c.i.e.AbstractTransferListenerAdapter - Downloading https://repo.maven.apache.org/maven2/javax/servlet/javax.servlet-api/4.0.1/javax.servlet-api-4.0.1-javadoc.jar
2025-10-31 22:42:05,916 [Worker-36: Download sources and javadoc] INFO  o.e.m.c.i.e.AbstractTransferListenerAdapter - Downloaded https://repo.maven.apache.org/maven2/javax/servlet/javax.servlet-api/4.0.1/javax.servlet-api-4.0.1-javadoc.jar
2025-10-31 22:42:06,150 [Worker-36: Download sources and javadoc] INFO  o.e.m.j.internal.DownloadSourcesJob - Downloaded javadoc for javax.servlet:javax.servlet-api:4.0.1
2025-10-31 22:42:06,220 [Worker-36: Download sources and javadoc] INFO  o.e.m.c.i.e.AbstractTransferListenerAdapter - Downloading https://repo.maven.apache.org/maven2/javax/servlet/jsp/javax.servlet.jsp-api/2.3.3/javax.servlet.jsp-api-2.3.3-sources.jar
2025-10-31 22:42:06,981 [Worker-36: Download sources and javadoc] INFO  o.e.m.c.i.e.AbstractTransferListenerAdapter - Downloaded https://repo.maven.apache.org/maven2/javax/servlet/jsp/javax.servlet.jsp-api/2.3.3/javax.servlet.jsp-api-2.3.3-sources.jar
2025-10-31 22:42:07,076 [Worker-36: Download sources and javadoc] INFO  o.e.m.j.internal.DownloadSourcesJob - Downloaded sources for javax.servlet.jsp:javax.servlet.jsp-api:2.3.3
2025-10-31 22:42:07,229 [Worker-36: Download sources and javadoc] INFO  o.e.m.c.i.e.AbstractTransferListenerAdapter - Downloading https://repo.maven.apache.org/maven2/javax/servlet/jsp/javax.servlet.jsp-api/2.3.3/javax.servlet.jsp-api-2.3.3-javadoc.jar
2025-10-31 22:42:07,583 [Worker-36: Download sources and javadoc] INFO  o.e.m.c.i.e.AbstractTransferListenerAdapter - Downloaded https://repo.maven.apache.org/maven2/javax/servlet/jsp/javax.servlet.jsp-api/2.3.3/javax.servlet.jsp-api-2.3.3-javadoc.jar
2025-10-31 22:42:07,676 [Worker-36: Download sources and javadoc] INFO  o.e.m.j.internal.DownloadSourcesJob - Downloaded javadoc for javax.servlet.jsp:javax.servlet.jsp-api:2.3.3
2025-10-31 22:42:07,999 [Worker-36: Building] INFO  o.a.m.s.f.DefaultMavenResourcesFiltering - Copying 1 resource from src\main\resources to target\classes
2025-10-31 22:42:08,008 [Worker-36: Building] INFO  o.a.m.s.f.DefaultMavenResourcesFiltering - skip non existing resourceDirectory C:\Users\VEERESH K C\Servelet-Project-Workspace\com.demo\src\test\resources
2025-10-31 22:42:24,438 [Worker-30: Building] INFO  o.e.m.c.i.l.LifecycleMappingFactory - Using org.maven.ide.eclipse.wtp.WarLifecycleMapping lifecycle mapping for MavenProject: EmployeeCRUD:com.demo:0.0.1-SNAPSHOT @ C:\Users\VEERESH K C\Servelet-Project-Workspace\com.demo\pom.xml.
2025-10-31 22:42:25,408 [Worker-35: Building] INFO  o.a.m.s.f.DefaultMavenResourcesFiltering - Copying 1 resource from src\main\resources to target\classes
2025-10-31 22:42:25,415 [Worker-35: Building] INFO  o.a.m.s.f.DefaultMavenResourcesFiltering - skip non existing resourceDirectory C:\Users\VEERESH K C\Servelet-Project-Workspace\com.demo\src\test\resources
2025-10-31 22:42:56,243 [Worker-37: Building] INFO  o.e.m.c.i.l.LifecycleMappingFactory - Using org.maven.ide.eclipse.wtp.WarLifecycleMapping lifecycle mapping for MavenProject: EmployeeCRUD:com.demo:0.0.1-SNAPSHOT @ C:\Users\VEERESH K C\Servelet-Project-Workspace\com.demo\pom.xml.
2025-10-31 22:42:57,125 [Worker-37: Building] INFO  o.a.m.s.f.DefaultMavenResourcesFiltering - Copying 1 resource from src\main\resources to target\classes
2025-10-31 22:42:57,134 [Worker-37: Building] INFO  o.a.m.s.f.DefaultMavenResourcesFiltering - skip non existing resourceDirectory C:\Users\VEERESH K C\Servelet-Project-Workspace\com.demo\src\test\resources
2025-10-31 22:43:05,681 [Worker-36: Building] INFO  o.e.m.c.i.l.LifecycleMappingFactory - Using org.maven.ide.eclipse.wtp.WarLifecycleMapping lifecycle mapping for MavenProject: EmployeeCRUD:com.demo:0.0.1-SNAPSHOT @ C:\Users\VEERESH K C\Servelet-Project-Workspace\com.demo\pom.xml.
2025-10-31 22:43:06,781 [Worker-30: Building] INFO  o.a.m.s.f.DefaultMavenResourcesFiltering - Copying 1 resource from src\main\resources to target\classes
2025-10-31 22:43:06,788 [Worker-30: Building] INFO  o.a.m.s.f.DefaultMavenResourcesFiltering - skip non existing resourceDirectory C:\Users\VEERESH K C\Servelet-Project-Workspace\com.demo\src\test\resources
2025-10-31 22:43:27,788 [Worker-33: Building] INFO  o.e.m.c.i.l.LifecycleMappingFactory - Using org.maven.ide.eclipse.wtp.WarLifecycleMapping lifecycle mapping for MavenProject: EmployeeCRUD:com.demo:0.0.1-SNAPSHOT @ C:\Users\VEERESH K C\Servelet-Project-Workspace\com.demo\pom.xml.
2025-10-31 22:43:28,770 [Worker-31: Building] INFO  o.a.m.s.f.DefaultMavenResourcesFiltering - Copying 1 resource from src\main\resources to target\classes
2025-10-31 22:43:28,779 [Worker-31: Building] INFO  o.a.m.s.f.DefaultMavenResourcesFiltering - skip non existing resourceDirectory C:\Users\VEERESH K C\Servelet-Project-Workspace\com.demo\src\test\resources
2025-10-31 22:44:04,842 [Worker-36: Building] ERROR o.e.m.c.i.p.r.ProjectRegistryManager - Could not read pom.xml
org.eclipse.core.runtime.CoreException: Could not read pom.xml
	at org.eclipse.m2e.core.internal.embedder.MavenImpl.readModel(MavenImpl.java:579)
	at org.eclipse.m2e.core.internal.project.registry.ProjectRegistryManager.refreshPhase2(ProjectRegistryManager.java:547)
	at org.eclipse.m2e.core.internal.project.registry.ProjectRegistryManager.refresh(ProjectRegistryManager.java:503)
	at org.eclipse.m2e.core.internal.project.registry.ProjectRegistryManager.refresh(ProjectRegistryManager.java:349)
	at org.eclipse.m2e.core.internal.project.registry.ProjectRegistryManager.refresh(ProjectRegistryManager.java:303)
	at org.eclipse.m2e.core.internal.builder.MavenBuilder$BuildMethod.getProjectFacade(MavenBuilder.java:151)
	at org.eclipse.m2e.core.internal.builder.MavenBuilder$BuildMethod.lambda$0(MavenBuilder.java:89)
	at org.eclipse.m2e.core.internal.embedder.MavenExecutionContext.executeBare(MavenExecutionContext.java:182)
	at org.eclipse.m2e.core.internal.embedder.MavenExecutionContext.execute(MavenExecutionContext.java:156)
	at org.eclipse.m2e.core.internal.embedder.MavenExecutionContext.execute(MavenExecutionContext.java:103)
	at org.eclipse.m2e.core.internal.builder.MavenBuilder$BuildMethod.execute(MavenBuilder.java:88)
	at org.eclipse.m2e.core.internal.builder.MavenBuilder.build(MavenBuilder.java:198)
	at org.eclipse.core.internal.events.BuildManager$2.run(BuildManager.java:860)
	at org.eclipse.core.runtime.SafeRunner.run(SafeRunner.java:45)
	at org.eclipse.core.internal.events.BuildManager.basicBuild(BuildManager.java:232)
	at org.eclipse.core.internal.events.BuildManager.basicBuild(BuildManager.java:281)
	at org.eclipse.core.internal.events.BuildManager$1.run(BuildManager.java:334)
	at org.eclipse.core.runtime.SafeRunner.run(SafeRunner.java:45)
	at org.eclipse.core.internal.events.BuildManager.basicBuild(BuildManager.java:337)
	at org.eclipse.core.internal.events.BuildManager.basicBuildLoop(BuildManager.java:392)
	at org.eclipse.core.internal.events.BuildManager.build(BuildManager.java:417)
	at org.eclipse.core.internal.events.AutoBuildJob.doBuild(AutoBuildJob.java:161)
	at org.eclipse.core.internal.events.AutoBuildJob.run(AutoBuildJob.java:255)
	at org.eclipse.core.internal.jobs.Worker.run(Worker.java:63)
Caused by: org.apache.maven.model.io.ModelParseException: Unrecognised tag: 'dependency' (position: START_TAG seen ...</scope>\r\n    <dependency>... @44:17) 
	at org.apache.maven.model.io.DefaultModelReader.read(DefaultModelReader.java:117)
	at org.apache.maven.model.io.DefaultModelReader.read(DefaultModelReader.java:85)
	at org.eclipse.m2e.core.internal.embedder.MavenImpl.readModel(MavenImpl.java:577)
	... 23 common frames omitted
Caused by: org.codehaus.plexus.util.xml.pull.XmlPullParserException: Unrecognised tag: 'dependency' (position: START_TAG seen ...</scope>\r\n    <dependency>... @44:17) 
	at org.apache.maven.model.io.xpp3.MavenXpp3Reader.checkUnknownElement(MavenXpp3Reader.java:178)
	at org.apache.maven.model.io.xpp3.MavenXpp3Reader.parseDependency(MavenXpp3Reader.java:1402)
	at org.apache.maven.model.io.xpp3.MavenXpp3Reader.parseModel(MavenXpp3Reader.java:2239)
	at org.apache.maven.model.io.xpp3.MavenXpp3Reader.read(MavenXpp3Reader.java:3872)
	at org.apache.maven.model.io.xpp3.MavenXpp3Reader.read(MavenXpp3Reader.java:595)
	at org.apache.maven.model.io.DefaultModelReader.read(DefaultModelReader.java:112)
	... 25 common frames omitted
2025-10-31 22:44:06,039 [Worker-37: Building] ERROR o.e.m.c.i.p.r.ProjectRegistryManager - Could not read pom.xml
org.eclipse.core.runtime.CoreException: Could not read pom.xml
	at org.eclipse.m2e.core.internal.embedder.MavenImpl.readModel(MavenImpl.java:579)
	at org.eclipse.m2e.core.internal.project.registry.ProjectRegistryManager.refreshPhase2(ProjectRegistryManager.java:547)
	at org.eclipse.m2e.core.internal.project.registry.ProjectRegistryManager.refresh(ProjectRegistryManager.java:503)
	at org.eclipse.m2e.core.internal.project.registry.ProjectRegistryManager.refresh(ProjectRegistryManager.java:349)
	at org.eclipse.m2e.core.internal.project.registry.ProjectRegistryManager.refresh(ProjectRegistryManager.java:303)
	at org.eclipse.m2e.core.internal.builder.MavenBuilder$BuildMethod.getProjectFacade(MavenBuilder.java:151)
	at org.eclipse.m2e.core.internal.builder.MavenBuilder$BuildMethod.lambda$0(MavenBuilder.java:89)
	at org.eclipse.m2e.core.internal.embedder.MavenExecutionContext.executeBare(MavenExecutionContext.java:182)
	at org.eclipse.m2e.core.internal.embedder.MavenExecutionContext.execute(MavenExecutionContext.java:156)
	at org.eclipse.m2e.core.internal.embedder.MavenExecutionContext.execute(MavenExecutionContext.java:103)
	at org.eclipse.m2e.core.internal.builder.MavenBuilder$BuildMethod.execute(MavenBuilder.java:88)
	at org.eclipse.m2e.core.internal.builder.MavenBuilder.build(MavenBuilder.java:198)
	at org.eclipse.core.internal.events.BuildManager$2.run(BuildManager.java:860)
	at org.eclipse.core.runtime.SafeRunner.run(SafeRunner.java:45)
	at org.eclipse.core.internal.events.BuildManager.basicBuild(BuildManager.java:232)
	at org.eclipse.core.internal.events.BuildManager.basicBuild(BuildManager.java:281)
	at org.eclipse.core.internal.events.BuildManager$1.run(BuildManager.java:334)
	at org.eclipse.core.runtime.SafeRunner.run(SafeRunner.java:45)
	at org.eclipse.core.internal.events.BuildManager.basicBuild(BuildManager.java:337)
	at org.eclipse.core.internal.events.BuildManager.basicBuildLoop(BuildManager.java:392)
	at org.eclipse.core.internal.events.BuildManager.build(BuildManager.java:417)
	at org.eclipse.core.internal.events.AutoBuildJob.doBuild(AutoBuildJob.java:161)
	at org.eclipse.core.internal.events.AutoBuildJob.run(AutoBuildJob.java:255)
	at org.eclipse.core.internal.jobs.Worker.run(Worker.java:63)
Caused by: org.apache.maven.model.io.ModelParseException: Unrecognised tag: 'dependency' (position: START_TAG seen ...</scope>\r\n    <dependency>... @44:17) 
	at org.apache.maven.model.io.DefaultModelReader.read(DefaultModelReader.java:117)
	at org.apache.maven.model.io.DefaultModelReader.read(DefaultModelReader.java:85)
	at org.eclipse.m2e.core.internal.embedder.MavenImpl.readModel(MavenImpl.java:577)
	... 23 common frames omitted
Caused by: org.codehaus.plexus.util.xml.pull.XmlPullParserException: Unrecognised tag: 'dependency' (position: START_TAG seen ...</scope>\r\n    <dependency>... @44:17) 
	at org.apache.maven.model.io.xpp3.MavenXpp3Reader.checkUnknownElement(MavenXpp3Reader.java:178)
	at org.apache.maven.model.io.xpp3.MavenXpp3Reader.parseDependency(MavenXpp3Reader.java:1402)
	at org.apache.maven.model.io.xpp3.MavenXpp3Reader.parseModel(MavenXpp3Reader.java:2239)
	at org.apache.maven.model.io.xpp3.MavenXpp3Reader.read(MavenXpp3Reader.java:3872)
	at org.apache.maven.model.io.xpp3.MavenXpp3Reader.read(MavenXpp3Reader.java:595)
	at org.apache.maven.model.io.DefaultModelReader.read(DefaultModelReader.java:112)
	... 25 common frames omitted
2025-10-31 22:44:12,465 [Worker-30: reload maven project] ERROR o.e.m.c.i.p.r.ProjectRegistryManager - Failed to read Maven project: Some problems were encountered while processing the POMs:
[FATAL] Non-parseable POM C:\Users\VEERESH K C\Servelet-Project-Workspace\com.demo\pom.xml: end tag name </dependency> must match start tag name <project> from line 3 (position: TEXT seen ...</dependencies>\r\n\t\t\t\r\n\t\t</dependency>... @69:16)  @ line 69, column 16

org.apache.maven.project.ProjectBuildingException: Some problems were encountered while processing the POMs:
[FATAL] Non-parseable POM C:\Users\VEERESH K C\Servelet-Project-Workspace\com.demo\pom.xml: end tag name </dependency> must match start tag name <project> from line 3 (position: TEXT seen ...</dependencies>\r\n\t\t\t\r\n\t\t</dependency>... @69:16)  @ line 69, column 16

	at org.eclipse.m2e.core.internal.embedder.MavenImpl.readMavenProjects(MavenImpl.java:696)
	at org.eclipse.m2e.core.internal.project.registry.ProjectRegistryManager.lambda$16(ProjectRegistryManager.java:851)
	at org.eclipse.m2e.core.internal.embedder.MavenExecutionContext.executeBare(MavenExecutionContext.java:182)
	at org.eclipse.m2e.core.internal.embedder.MavenExecutionContext.execute(MavenExecutionContext.java:156)
	at org.eclipse.m2e.core.internal.embedder.MavenExecutionContext.execute(MavenExecutionContext.java:103)
	at org.eclipse.m2e.core.internal.project.registry.ProjectRegistryManager.execute(ProjectRegistryManager.java:1009)
	at org.eclipse.m2e.core.internal.project.registry.ProjectRegistryManager.readProjectsWithDependencies(ProjectRegistryManager.java:847)
	at org.eclipse.m2e.core.internal.project.registry.ProjectRegistryManager.create(ProjectRegistryManager.java:201)
	at org.eclipse.m2e.core.internal.project.registry.MavenProjectManager.create(MavenProjectManager.java:87)
	at org.eclipse.m2e.core.ui.internal.actions.SelectionUtil.getMavenProject(SelectionUtil.java:255)
	at org.eclipse.m2e.editor.pom.MavenPomEditor.readMavenProject(MavenPomEditor.java:659)
	at org.eclipse.m2e.editor.pom.MavenPomEditor$3.run(MavenPomEditor.java:979)
	at org.eclipse.core.internal.jobs.Worker.run(Worker.java:63)
2025-10-31 22:44:13,430 [Worker-33: Building] ERROR o.e.m.c.i.p.r.ProjectRegistryManager - Could not read pom.xml
org.eclipse.core.runtime.CoreException: Could not read pom.xml
	at org.eclipse.m2e.core.internal.embedder.MavenImpl.readModel(MavenImpl.java:579)
	at org.eclipse.m2e.core.internal.project.registry.ProjectRegistryManager.refreshPhase2(ProjectRegistryManager.java:547)
	at org.eclipse.m2e.core.internal.project.registry.ProjectRegistryManager.refresh(ProjectRegistryManager.java:503)
	at org.eclipse.m2e.core.internal.project.registry.ProjectRegistryManager.refresh(ProjectRegistryManager.java:349)
	at org.eclipse.m2e.core.internal.project.registry.ProjectRegistryManager.refresh(ProjectRegistryManager.java:303)
	at org.eclipse.m2e.core.internal.builder.MavenBuilder$BuildMethod.getProjectFacade(MavenBuilder.java:151)
	at org.eclipse.m2e.core.internal.builder.MavenBuilder$BuildMethod.lambda$0(MavenBuilder.java:89)
	at org.eclipse.m2e.core.internal.embedder.MavenExecutionContext.executeBare(MavenExecutionContext.java:182)
	at org.eclipse.m2e.core.internal.embedder.MavenExecutionContext.execute(MavenExecutionContext.java:156)
	at org.eclipse.m2e.core.internal.embedder.MavenExecutionContext.execute(MavenExecutionContext.java:103)
	at org.eclipse.m2e.core.internal.builder.MavenBuilder$BuildMethod.execute(MavenBuilder.java:88)
	at org.eclipse.m2e.core.internal.builder.MavenBuilder.build(MavenBuilder.java:198)
	at org.eclipse.core.internal.events.BuildManager$2.run(BuildManager.java:860)
	at org.eclipse.core.runtime.SafeRunner.run(SafeRunner.java:45)
	at org.eclipse.core.internal.events.BuildManager.basicBuild(BuildManager.java:232)
	at org.eclipse.core.internal.events.BuildManager.basicBuild(BuildManager.java:281)
	at org.eclipse.core.internal.events.BuildManager$1.run(BuildManager.java:334)
	at org.eclipse.core.runtime.SafeRunner.run(SafeRunner.java:45)
	at org.eclipse.core.internal.events.BuildManager.basicBuild(BuildManager.java:337)
	at org.eclipse.core.internal.events.BuildManager.basicBuildLoop(BuildManager.java:392)
	at org.eclipse.core.internal.events.BuildManager.build(BuildManager.java:417)
	at org.eclipse.core.internal.events.AutoBuildJob.doBuild(AutoBuildJob.java:161)
	at org.eclipse.core.internal.events.AutoBuildJob.run(AutoBuildJob.java:255)
	at org.eclipse.core.internal.jobs.Worker.run(Worker.java:63)
Caused by: org.apache.maven.model.io.ModelParseException: end tag name </dependency> must match start tag name <project> from line 3 (position: TEXT seen ...</dependencies>\r\n\t\t\t\r\n\t\t</dependency>... @69:16) 
	at org.apache.maven.model.io.DefaultModelReader.read(DefaultModelReader.java:117)
	at org.apache.maven.model.io.DefaultModelReader.read(DefaultModelReader.java:85)
	at org.eclipse.m2e.core.internal.embedder.MavenImpl.readModel(MavenImpl.java:577)
	... 23 common frames omitted
Caused by: org.codehaus.plexus.util.xml.pull.XmlPullParserException: end tag name </dependency> must match start tag name <project> from line 3 (position: TEXT seen ...</dependencies>\r\n\t\t\t\r\n\t\t</dependency>... @69:16) 
	at org.codehaus.plexus.util.xml.pull.MXParser.parseEndTag(MXParser.java:2090)
	at org.codehaus.plexus.util.xml.pull.MXParser.nextImpl(MXParser.java:1361)
	at org.codehaus.plexus.util.xml.pull.MXParser.next(MXParser.java:1319)
	at org.codehaus.plexus.util.xml.pull.MXParser.nextTag(MXParser.java:1305)
	at org.apache.maven.model.io.xpp3.MavenXpp3Reader.parseModel(MavenXpp3Reader.java:2072)
	at org.apache.maven.model.io.xpp3.MavenXpp3Reader.read(MavenXpp3Reader.java:3872)
	at org.apache.maven.model.io.xpp3.MavenXpp3Reader.read(MavenXpp3Reader.java:595)
	at org.apache.maven.model.io.DefaultModelReader.read(DefaultModelReader.java:112)
	... 25 common frames omitted
2025-10-31 22:46:21,494 [Worker-30: reload maven project] ERROR o.e.m.c.i.p.r.ProjectRegistryManager - Failed to read Maven project: Some problems were encountered while processing the POMs:
[FATAL] Non-parseable POM C:\Users\VEERESH K C\Servelet-Project-Workspace\com.demo\pom.xml: end tag name </dependency> must match start tag name <project> from line 3 (position: TEXT seen ...</dependencies>\r\n\t\t\t\r\n\t\t</dependency>... @63:16)  @ line 63, column 16

org.apache.maven.project.ProjectBuildingException: Some problems were encountered while processing the POMs:
[FATAL] Non-parseable POM C:\Users\VEERESH K C\Servelet-Project-Workspace\com.demo\pom.xml: end tag name </dependency> must match start tag name <project> from line 3 (position: TEXT seen ...</dependencies>\r\n\t\t\t\r\n\t\t</dependency>... @63:16)  @ line 63, column 16

	at org.eclipse.m2e.core.internal.embedder.MavenImpl.readMavenProjects(MavenImpl.java:696)
	at org.eclipse.m2e.core.internal.project.registry.ProjectRegistryManager.lambda$16(ProjectRegistryManager.java:851)
	at org.eclipse.m2e.core.internal.embedder.MavenExecutionContext.executeBare(MavenExecutionContext.java:182)
	at org.eclipse.m2e.core.internal.embedder.MavenExecutionContext.execute(MavenExecutionContext.java:156)
	at org.eclipse.m2e.core.internal.embedder.MavenExecutionContext.execute(MavenExecutionContext.java:103)
	at org.eclipse.m2e.core.internal.project.registry.ProjectRegistryManager.execute(ProjectRegistryManager.java:1009)
	at org.eclipse.m2e.core.internal.project.registry.ProjectRegistryManager.readProjectsWithDependencies(ProjectRegistryManager.java:847)
	at org.eclipse.m2e.core.internal.project.registry.ProjectRegistryManager.create(ProjectRegistryManager.java:201)
	at org.eclipse.m2e.core.internal.project.registry.MavenProjectManager.create(MavenProjectManager.java:87)
	at org.eclipse.m2e.core.ui.internal.actions.SelectionUtil.getMavenProject(SelectionUtil.java:255)
	at org.eclipse.m2e.editor.pom.MavenPomEditor.readMavenProject(MavenPomEditor.java:659)
	at org.eclipse.m2e.editor.pom.MavenPomEditor$3.run(MavenPomEditor.java:979)
	at org.eclipse.core.internal.jobs.Worker.run(Worker.java:63)
2025-10-31 22:46:21,675 [Worker-30: Building] ERROR o.e.m.c.i.p.r.ProjectRegistryManager - Could not read pom.xml
org.eclipse.core.runtime.CoreException: Could not read pom.xml
	at org.eclipse.m2e.core.internal.embedder.MavenImpl.readModel(MavenImpl.java:579)
	at org.eclipse.m2e.core.internal.project.registry.ProjectRegistryManager.refreshPhase2(ProjectRegistryManager.java:547)
	at org.eclipse.m2e.core.internal.project.registry.ProjectRegistryManager.refresh(ProjectRegistryManager.java:503)
	at org.eclipse.m2e.core.internal.project.registry.ProjectRegistryManager.refresh(ProjectRegistryManager.java:349)
	at org.eclipse.m2e.core.internal.project.registry.ProjectRegistryManager.refresh(ProjectRegistryManager.java:303)
	at org.eclipse.m2e.core.internal.builder.MavenBuilder$BuildMethod.getProjectFacade(MavenBuilder.java:151)
	at org.eclipse.m2e.core.internal.builder.MavenBuilder$BuildMethod.lambda$0(MavenBuilder.java:89)
	at org.eclipse.m2e.core.internal.embedder.MavenExecutionContext.executeBare(MavenExecutionContext.java:182)
	at org.eclipse.m2e.core.internal.embedder.MavenExecutionContext.execute(MavenExecutionContext.java:156)
	at org.eclipse.m2e.core.internal.embedder.MavenExecutionContext.execute(MavenExecutionContext.java:103)
	at org.eclipse.m2e.core.internal.builder.MavenBuilder$BuildMethod.execute(MavenBuilder.java:88)
	at org.eclipse.m2e.core.internal.builder.MavenBuilder.build(MavenBuilder.java:198)
	at org.eclipse.core.internal.events.BuildManager$2.run(BuildManager.java:860)
	at org.eclipse.core.runtime.SafeRunner.run(SafeRunner.java:45)
	at org.eclipse.core.internal.events.BuildManager.basicBuild(BuildManager.java:232)
	at org.eclipse.core.internal.events.BuildManager.basicBuild(BuildManager.java:281)
	at org.eclipse.core.internal.events.BuildManager$1.run(BuildManager.java:334)
	at org.eclipse.core.runtime.SafeRunner.run(SafeRunner.java:45)
	at org.eclipse.core.internal.events.BuildManager.basicBuild(BuildManager.java:337)
	at org.eclipse.core.internal.events.BuildManager.basicBuildLoop(BuildManager.java:392)
	at org.eclipse.core.internal.events.BuildManager.build(BuildManager.java:417)
	at org.eclipse.core.internal.events.AutoBuildJob.doBuild(AutoBuildJob.java:161)
	at org.eclipse.core.internal.events.AutoBuildJob.run(AutoBuildJob.java:255)
	at org.eclipse.core.internal.jobs.Worker.run(Worker.java:63)
Caused by: org.apache.maven.model.io.ModelParseException: end tag name </dependency> must match start tag name <project> from line 3 (position: TEXT seen ...</dependencies>\r\n\t\t\t\r\n\t\t</dependency>... @63:16) 
	at org.apache.maven.model.io.DefaultModelReader.read(DefaultModelReader.java:117)
	at org.apache.maven.model.io.DefaultModelReader.read(DefaultModelReader.java:85)
	at org.eclipse.m2e.core.internal.embedder.MavenImpl.readModel(MavenImpl.java:577)
	... 23 common frames omitted
Caused by: org.codehaus.plexus.util.xml.pull.XmlPullParserException: end tag name </dependency> must match start tag name <project> from line 3 (position: TEXT seen ...</dependencies>\r\n\t\t\t\r\n\t\t</dependency>... @63:16) 
	at org.codehaus.plexus.util.xml.pull.MXParser.parseEndTag(MXParser.java:2090)
	at org.codehaus.plexus.util.xml.pull.MXParser.nextImpl(MXParser.java:1361)
	at org.codehaus.plexus.util.xml.pull.MXParser.next(MXParser.java:1319)
	at org.codehaus.plexus.util.xml.pull.MXParser.nextTag(MXParser.java:1305)
	at org.apache.maven.model.io.xpp3.MavenXpp3Reader.parseModel(MavenXpp3Reader.java:2072)
	at org.apache.maven.model.io.xpp3.MavenXpp3Reader.read(MavenXpp3Reader.java:3872)
	at org.apache.maven.model.io.xpp3.MavenXpp3Reader.read(MavenXpp3Reader.java:595)
	at org.apache.maven.model.io.DefaultModelReader.read(DefaultModelReader.java:112)
	... 25 common frames omitted
2025-10-31 22:47:57,167 [Worker-38: Building] INFO  o.e.m.c.i.l.LifecycleMappingFactory - Using org.maven.ide.eclipse.wtp.WarLifecycleMapping lifecycle mapping for MavenProject: EmployeeCRUD:com.demo:0.0.1-SNAPSHOT @ C:\Users\VEERESH K C\Servelet-Project-Workspace\com.demo\pom.xml.
2025-10-31 22:47:58,182 [Worker-39: Building] INFO  o.a.m.s.f.DefaultMavenResourcesFiltering - Copying 1 resource from src\main\resources to target\classes
2025-10-31 22:47:58,189 [Worker-39: Building] INFO  o.a.m.s.f.DefaultMavenResourcesFiltering - skip non existing resourceDirectory C:\Users\VEERESH K C\Servelet-Project-Workspace\com.demo\src\test\resources
2025-10-31 22:49:27,955 [Worker-31: Building] INFO  o.e.m.c.i.l.LifecycleMappingFactory - Using org.maven.ide.eclipse.wtp.WarLifecycleMapping lifecycle mapping for MavenProject: EmployeeCRUD:com.demo:0.0.1-SNAPSHOT @ C:\Users\VEERESH K C\Servelet-Project-Workspace\com.demo\pom.xml.
2025-10-31 22:49:28,788 [Worker-30: Building] INFO  o.a.m.s.f.DefaultMavenResourcesFiltering - Copying 1 resource from src\main\resources to target\classes
2025-10-31 22:49:28,795 [Worker-30: Building] INFO  o.a.m.s.f.DefaultMavenResourcesFiltering - skip non existing resourceDirectory C:\Users\VEERESH K C\Servelet-Project-Workspace\com.demo\src\test\resources
2025-10-31 22:54:17,073 [Worker-41: Building] INFO  o.a.m.s.f.DefaultMavenResourcesFiltering - Copying 0 resource from src\main\resources to target\classes
2025-10-31 22:54:17,075 [Worker-41: Building] INFO  o.a.m.s.f.DefaultMavenResourcesFiltering - skip non existing resourceDirectory C:\Users\VEERESH K C\Servelet-Project-Workspace\com.demo\src\test\resources
2025-10-31 22:55:06,622 [Worker-39: Building] INFO  o.a.m.s.f.DefaultMavenResourcesFiltering - Copying 1 resource from src\main\resources to target\classes
2025-10-31 22:55:06,629 [Worker-39: Building] INFO  o.a.m.s.f.DefaultMavenResourcesFiltering - skip non existing resourceDirectory C:\Users\VEERESH K C\Servelet-Project-Workspace\com.demo\src\test\resources
2025-10-31 22:55:34,293 [Worker-38: Building] INFO  o.a.m.s.f.DefaultMavenResourcesFiltering - Copying 1 resource from src\main\resources to target\classes
2025-10-31 22:55:34,300 [Worker-38: Building] INFO  o.a.m.s.f.DefaultMavenResourcesFiltering - skip non existing resourceDirectory C:\Users\VEERESH K C\Servelet-Project-Workspace\com.demo\src\test\resources
2025-10-31 22:56:16,322 [Worker-41: Building] INFO  o.a.m.s.f.DefaultMavenResourcesFiltering - Copying 1 resource from src\main\resources to target\classes
2025-10-31 22:56:16,327 [Worker-41: Building] INFO  o.a.m.s.f.DefaultMavenResourcesFiltering - skip non existing resourceDirectory C:\Users\VEERESH K C\Servelet-Project-Workspace\com.demo\src\test\resources
2025-10-31 22:58:45,063 [Worker-42: Building] INFO  o.a.m.s.f.DefaultMavenResourcesFiltering - Copying 0 resource from src\main\resources to target\classes
2025-10-31 22:58:45,065 [Worker-42: Building] INFO  o.a.m.s.f.DefaultMavenResourcesFiltering - skip non existing resourceDirectory C:\Users\VEERESH K C\Servelet-Project-Workspace\com.demo\src\test\resources
2025-10-31 22:59:06,786 [Worker-41: Updating Maven Project] INFO  o.e.m.c.i.p.ProjectConfigurationManager - Update started
2025-10-31 22:59:06,975 [Worker-41: Updating Maven Project] INFO  o.e.m.c.i.l.LifecycleMappingFactory - Using org.maven.ide.eclipse.wtp.WarLifecycleMapping lifecycle mapping for MavenProject: EmployeeCRUD:com.demo:0.0.1-SNAPSHOT @ C:\Users\VEERESH K C\Servelet-Project-Workspace\com.demo\pom.xml.
2025-10-31 22:59:07,595 [Worker-41: Updating Maven Project] INFO  o.e.m.j.i.AbstractJavaProjectConfigurator - Adding source folder /com.demo/src/main/java
2025-10-31 22:59:07,595 [Worker-41: Updating Maven Project] INFO  o.e.m.j.i.AbstractJavaProjectConfigurator - Adding resource folder /com.demo/src/main/resources
2025-10-31 22:59:07,596 [Worker-41: Updating Maven Project] INFO  o.e.m.j.i.AbstractJavaProjectConfigurator - Adding source folder /com.demo/src/test/java
2025-10-31 22:59:08,017 [Worker-41: Updating Maven Project] INFO  o.e.m.w.i.f.ResourceFilteringBuildParticipant - Cleaning filtered folder for com.demo
2025-10-31 22:59:08,033 [Worker-41: Updating Maven Project] INFO  o.e.m.c.i.p.ProjectConfigurationManager - Update completed: 1 sec
2025-10-31 22:59:08,553 [Worker-43: Building] INFO  o.a.m.s.f.DefaultMavenResourcesFiltering - Copying 1 resource from src\main\resources to target\classes
2025-10-31 22:59:08,629 [Worker-43: Building] INFO  o.a.m.s.f.DefaultMavenResourcesFiltering - skip non existing resourceDirectory C:\Users\VEERESH K C\Servelet-Project-Workspace\com.demo\src\test\resources
2025-10-31 22:59:08,630 [Worker-43: Building] INFO  o.e.m.w.i.f.ResourceFilteringBuildParticipant - Changed resources require a complete clean of filtered resources of com.demo
2025-10-31 22:59:08,630 [Worker-43: Building] INFO  o.e.m.w.i.f.ResourceFilteringBuildParticipant - Executing resource filtering for com.demo
2025-10-31 23:01:15,333 [Worker-42: Building] INFO  o.a.m.s.f.DefaultMavenResourcesFiltering - Copying 1 resource from src\main\resources to target\classes
2025-10-31 23:01:15,337 [Worker-42: Building] INFO  o.a.m.s.f.DefaultMavenResourcesFiltering - skip non existing resourceDirectory C:\Users\VEERESH K C\Servelet-Project-Workspace\com.demo\src\test\resources
2025-10-31 23:13:56,756 [Worker-53: https://www.caucho.com/eclipse/site.xml] INFO  o.a.h.c.h.i.c.HttpRequestRetryExec - Recoverable I/O exception (java.net.SocketException) caught when processing request to {s}->https://www.caucho.com:443
2025-10-31 23:13:59,901 [Worker-51: https://www.caucho.com/eclipse/p2.index] INFO  o.a.h.c.h.i.c.HttpRequestRetryExec - Recoverable I/O exception (java.net.SocketException) caught when processing request to {s}->https://www.caucho.com:443
2025-10-31 23:14:00,984 [Worker-60: https://www.caucho.com/eclipse/content.jar] INFO  o.a.h.c.h.i.c.HttpRequestRetryExec - Recoverable I/O exception (java.net.SocketException) caught when processing request to {s}->https://www.caucho.com:443
2025-10-31 23:14:20,505 [Worker-59: https://download.eclipse.org/jetty/updates/jetty-wtp/1.0.0.201203011137/content.jar] INFO  o.a.h.c.h.i.c.HttpRequestRetryExec - Recoverable I/O exception (java.net.SocketException) caught when processing request to {s}->https://archive.eclipse.org:443
2025-10-31 23:14:20,794 [Stop Help Server] INFO  org.eclipse.jetty.server.Server - Stopped Server@232efd7d{STOPPING}[10.0.6,sto=0]
2025-10-31 23:14:20,859 [Stop Help Server] INFO  o.e.jetty.server.AbstractConnector - Stopped ServerConnector@9251afd{HTTP/1.1, (http/1.1)}{127.0.0.1:0}
2025-10-31 23:14:20,962 [Stop Help Server] INFO  o.e.j.server.handler.ContextHandler - Stopped o.e.j.s.ServletContextHandler@641da393{/help,null,STOPPED}
2025-10-31 23:16:20,427 [Worker-9: Loading available Gradle versions] INFO  o.e.b.c.i.u.g.PublishedGradleVersions - Gradle version information cache is up-to-date. Trying to read.
2025-10-31 23:16:24,292 [Worker-10: Updating Maven Dependencies] INFO  o.e.m.c.i.l.LifecycleMappingFactory - Using org.maven.ide.eclipse.wtp.WarLifecycleMapping lifecycle mapping for MavenProject: EmployeeCRUD:com.demo:0.0.1-SNAPSHOT @ C:\Users\VEERESH K C\Servelet-Project-Workspace\com.demo\pom.xml.
2025-10-31 23:16:24,445 [Worker-9: Updating indexes] INFO  o.e.m.c.i.i.nexus.NexusIndexManager - Updating index for repository: central|https://repo.maven.apache.org/maven2
2025-10-31 23:16:36,352 [Worker-2: Building] INFO  o.a.m.s.f.DefaultMavenResourcesFiltering - Copying 1 resource from src\main\resources to target\classes
2025-10-31 23:16:36,471 [Worker-2: Building] INFO  o.a.m.s.f.DefaultMavenResourcesFiltering - skip non existing resourceDirectory C:\Users\VEERESH K C\Servelet-Project-Workspace\com.demo\src\test\resources
2025-10-31 23:16:40,119 [Worker-4: https://www.caucho.com/eclipse/site.xml] INFO  o.a.h.c.h.i.c.HttpRequestRetryExec - Recoverable I/O exception (java.net.SocketException) caught when processing request to {s}->https://www.caucho.com:443
2025-10-31 23:16:54,811 [Worker-19: Building] INFO  o.a.m.s.f.DefaultMavenResourcesFiltering - Copying 0 resource from src\main\resources to target\classes
2025-10-31 23:16:54,815 [Worker-19: Building] INFO  o.a.m.s.f.DefaultMavenResourcesFiltering - skip non existing resourceDirectory C:\Users\VEERESH K C\Servelet-Project-Workspace\com.demo\src\test\resources
2025-10-31 23:18:30,365 [Worker-6: Loading available Gradle versions] INFO  o.e.b.c.i.u.g.PublishedGradleVersions - Gradle version information cache is up-to-date. Trying to read.
2025-10-31 23:18:33,775 [Worker-2: Updating indexes] INFO  o.e.m.c.i.i.nexus.NexusIndexManager - Updating index for repository: central|https://repo.maven.apache.org/maven2
2025-10-31 23:18:34,250 [Worker-12: Updating Maven Dependencies] INFO  o.e.m.c.i.l.LifecycleMappingFactory - Using org.maven.ide.eclipse.wtp.WarLifecycleMapping lifecycle mapping for MavenProject: EmployeeCRUD:com.demo:0.0.1-SNAPSHOT @ C:\Users\VEERESH K C\Servelet-Project-Workspace\com.demo\pom.xml.
2025-10-31 23:18:42,959 [Worker-15: Building] INFO  o.a.m.s.f.DefaultMavenResourcesFiltering - Copying 1 resource from src\main\resources to target\classes
2025-10-31 23:18:43,015 [Worker-15: Building] INFO  o.a.m.s.f.DefaultMavenResourcesFiltering - skip non existing resourceDirectory C:\Users\VEERESH K C\Servelet-Project-Workspace\com.demo\src\test\resources
2025-10-31 23:39:34,536 [Start Help Server] INFO  org.eclipse.jetty.server.Server - jetty-10.0.6; built: 2021-06-29T15:28:56.259Z; git: 37e7731b4b142a882d73974ff3bec78d621bd674; jvm 17.0.2+8
2025-10-31 23:39:34,615 [Start Help Server] INFO  o.e.j.s.s.DefaultSessionIdManager - Session workerName=node0
2025-10-31 23:39:34,816 [Start Help Server] INFO  o.e.j.server.handler.ContextHandler - Started o.e.j.s.ServletContextHandler@6e300cb2{/help,null,AVAILABLE}
2025-10-31 23:39:34,896 [Start Help Server] INFO  o.e.jetty.server.AbstractConnector - Started ServerConnector@72ace0a3{HTTP/1.1, (http/1.1)}{127.0.0.1:50827}
2025-10-31 23:39:34,904 [Start Help Server] INFO  org.eclipse.jetty.server.Server - Started Server@231af018{STARTING}[10.0.6,sto=0] @1295454ms
2025-10-31 23:41:47,769 [Worker-16: Building] INFO  o.e.m.c.i.l.LifecycleMappingFactory - Using org.maven.ide.eclipse.wtp.WarLifecycleMapping lifecycle mapping for MavenProject: EmployeeCRUD:com.demo:0.0.1-SNAPSHOT @ C:\Users\VEERESH K C\Servelet-Project-Workspace\com.demo\pom.xml.
2025-10-31 23:41:50,429 [Worker-16: Building] INFO  o.a.m.s.f.DefaultMavenResourcesFiltering - Copying 0 resource from src\main\resources to target\classes
2025-10-31 23:41:50,448 [Worker-16: Building] INFO  o.a.m.s.f.DefaultMavenResourcesFiltering - skip non existing resourceDirectory C:\Users\VEERESH K C\Servelet-Project-Workspace\com.demo\src\test\resources
2025-10-31 23:41:50,450 [Worker-16: Building] INFO  o.e.m.w.i.f.ResourceFilteringBuildParticipant - Changed resources require a complete clean of filtered resources of com.demo
2025-10-31 23:41:50,453 [Worker-16: Building] INFO  o.e.m.w.i.f.ResourceFilteringBuildParticipant - Executing resource filtering for com.demo
2025-10-31 23:41:51,186 [Worker-30: Download sources and javadoc] INFO  o.e.m.c.i.e.AbstractTransferListenerAdapter - Downloading https://repo.maven.apache.org/maven2/jakarta/servlet/jsp/jstl/jakarta.servlet.jsp.jstl-api/3.0.1/jakarta.servlet.jsp.jstl-api-3.0.1-sources.jar
2025-10-31 23:41:51,558 [Worker-30: Download sources and javadoc] INFO  o.e.m.c.i.e.AbstractTransferListenerAdapter - Downloaded https://repo.maven.apache.org/maven2/jakarta/servlet/jsp/jstl/jakarta.servlet.jsp.jstl-api/3.0.1/jakarta.servlet.jsp.jstl-api-3.0.1-sources.jar
2025-10-31 23:41:52,210 [Worker-30: Download sources and javadoc] INFO  o.e.m.j.internal.DownloadSourcesJob - Downloaded sources for jakarta.servlet.jsp.jstl:jakarta.servlet.jsp.jstl-api:3.0.1
2025-10-31 23:41:52,358 [Worker-30: Download sources and javadoc] INFO  o.e.m.c.i.e.AbstractTransferListenerAdapter - Downloading https://repo.maven.apache.org/maven2/jakarta/servlet/jsp/jstl/jakarta.servlet.jsp.jstl-api/3.0.1/jakarta.servlet.jsp.jstl-api-3.0.1-javadoc.jar
2025-10-31 23:41:52,897 [Worker-30: Download sources and javadoc] INFO  o.e.m.c.i.e.AbstractTransferListenerAdapter - Downloaded https://repo.maven.apache.org/maven2/jakarta/servlet/jsp/jstl/jakarta.servlet.jsp.jstl-api/3.0.1/jakarta.servlet.jsp.jstl-api-3.0.1-javadoc.jar
2025-10-31 23:41:53,209 [Worker-30: Download sources and javadoc] INFO  o.e.m.j.internal.DownloadSourcesJob - Downloaded javadoc for jakarta.servlet.jsp.jstl:jakarta.servlet.jsp.jstl-api:3.0.1
2025-10-31 23:41:54,687 [Worker-28: Building] INFO  o.a.m.s.f.DefaultMavenResourcesFiltering - Copying 1 resource from src\main\resources to target\classes
2025-10-31 23:41:55,004 [Worker-28: Building] INFO  o.a.m.s.f.DefaultMavenResourcesFiltering - skip non existing resourceDirectory C:\Users\VEERESH K C\Servelet-Project-Workspace\com.demo\src\test\resources
2025-10-31 23:43:08,400 [Worker-31: Updating Maven Project] INFO  o.e.m.c.i.p.ProjectConfigurationManager - Update started
2025-10-31 23:43:10,455 [Worker-31: Updating Maven Project] INFO  o.e.m.c.i.l.LifecycleMappingFactory - Using org.maven.ide.eclipse.wtp.WarLifecycleMapping lifecycle mapping for MavenProject: EmployeeCRUD:com.demo:0.0.1-SNAPSHOT @ C:\Users\VEERESH K C\Servelet-Project-Workspace\com.demo\pom.xml.
2025-10-31 23:43:16,563 [Worker-31: Updating Maven Project] INFO  o.e.m.j.i.AbstractJavaProjectConfigurator - Adding source folder /com.demo/src/main/java
2025-10-31 23:43:16,582 [Worker-31: Updating Maven Project] INFO  o.e.m.j.i.AbstractJavaProjectConfigurator - Adding resource folder /com.demo/src/main/resources
2025-10-31 23:43:16,592 [Worker-31: Updating Maven Project] INFO  o.e.m.j.i.AbstractJavaProjectConfigurator - Adding source folder /com.demo/src/test/java
2025-10-31 23:43:21,379 [Worker-31: Updating Maven Project] INFO  o.e.m.w.i.f.ResourceFilteringBuildParticipant - Cleaning filtered folder for com.demo
2025-10-31 23:43:21,441 [Worker-31: Updating Maven Project] INFO  o.e.m.c.i.p.ProjectConfigurationManager - Update completed: 13 sec
2025-10-31 23:43:23,089 [Worker-16: Building] INFO  o.a.m.s.f.DefaultMavenResourcesFiltering - Copying 1 resource from src\main\resources to target\classes
2025-10-31 23:43:23,610 [Worker-16: Building] INFO  o.a.m.s.f.DefaultMavenResourcesFiltering - skip non existing resourceDirectory C:\Users\VEERESH K C\Servelet-Project-Workspace\com.demo\src\test\resources
2025-10-31 23:43:23,616 [Worker-16: Building] INFO  o.e.m.w.i.f.ResourceFilteringBuildParticipant - Changed resources require a complete clean of filtered resources of com.demo
2025-10-31 23:43:23,617 [Worker-16: Building] INFO  o.e.m.w.i.f.ResourceFilteringBuildParticipant - Executing resource filtering for com.demo
2025-10-31 23:44:04,435 [Worker-28: Building] INFO  o.a.m.s.f.DefaultMavenResourcesFiltering - Copying 0 resource from src\main\resources to target\classes
2025-10-31 23:44:04,442 [Worker-28: Building] INFO  o.a.m.s.f.DefaultMavenResourcesFiltering - skip non existing resourceDirectory C:\Users\VEERESH K C\Servelet-Project-Workspace\com.demo\src\test\resources
2025-10-31 23:44:34,075 [Worker-32: Building] INFO  o.a.m.s.f.DefaultMavenResourcesFiltering - Copying 0 resource from src\main\resources to target\classes
2025-10-31 23:44:34,078 [Worker-32: Building] INFO  o.a.m.s.f.DefaultMavenResourcesFiltering - skip non existing resourceDirectory C:\Users\VEERESH K C\Servelet-Project-Workspace\com.demo\src\test\resources
2025-10-31 23:48:03,342 [Worker-34: Building] INFO  o.a.m.s.f.DefaultMavenResourcesFiltering - Copying 1 resource from src\main\resources to target\classes
2025-10-31 23:48:03,358 [Worker-34: Building] INFO  o.a.m.s.f.DefaultMavenResourcesFiltering - skip non existing resourceDirectory C:\Users\VEERESH K C\Servelet-Project-Workspace\com.demo\src\test\resources
2025-10-31 23:51:34,224 [Worker-30: Building] INFO  o.a.m.s.f.DefaultMavenResourcesFiltering - Copying 1 resource from src\main\resources to target\classes
2025-10-31 23:51:34,781 [Worker-30: Building] INFO  o.a.m.s.f.DefaultMavenResourcesFiltering - skip non existing resourceDirectory C:\Users\VEERESH K C\Servelet-Project-Workspace\com.demo\src\test\resources
2025-10-31 23:51:57,387 [Worker-30: Updating Maven Project] INFO  o.e.m.c.i.p.ProjectConfigurationManager - Update started
2025-10-31 23:51:58,522 [Worker-30: Updating Maven Project] INFO  o.e.m.c.i.l.LifecycleMappingFactory - Using org.maven.ide.eclipse.wtp.WarLifecycleMapping lifecycle mapping for MavenProject: EmployeeCRUD:com.demo:0.0.1-SNAPSHOT @ C:\Users\VEERESH K C\Servelet-Project-Workspace\com.demo\pom.xml.
2025-10-31 23:51:59,875 [Worker-30: Updating Maven Project] INFO  o.e.m.j.i.AbstractJavaProjectConfigurator - Adding source folder /com.demo/src/main/java
2025-10-31 23:51:59,876 [Worker-30: Updating Maven Project] INFO  o.e.m.j.i.AbstractJavaProjectConfigurator - Adding resource folder /com.demo/src/main/resources
2025-10-31 23:51:59,877 [Worker-30: Updating Maven Project] INFO  o.e.m.j.i.AbstractJavaProjectConfigurator - Adding source folder /com.demo/src/test/java
2025-10-31 23:52:00,577 [Worker-30: Updating Maven Project] INFO  o.e.m.w.i.f.ResourceFilteringBuildParticipant - Cleaning filtered folder for com.demo
2025-10-31 23:52:00,610 [Worker-30: Updating Maven Project] INFO  o.e.m.c.i.p.ProjectConfigurationManager - Update completed: 3 sec
2025-10-31 23:52:01,431 [Worker-40: Building] INFO  o.a.m.s.f.DefaultMavenResourcesFiltering - Copying 1 resource from src\main\resources to target\classes
2025-10-31 23:52:01,462 [Worker-40: Building] INFO  o.a.m.s.f.DefaultMavenResourcesFiltering - skip non existing resourceDirectory C:\Users\VEERESH K C\Servelet-Project-Workspace\com.demo\src\test\resources
2025-10-31 23:52:01,470 [Worker-40: Building] INFO  o.e.m.w.i.f.ResourceFilteringBuildParticipant - Changed resources require a complete clean of filtered resources of com.demo
2025-10-31 23:52:01,473 [Worker-40: Building] INFO  o.e.m.w.i.f.ResourceFilteringBuildParticipant - Executing resource filtering for com.demo
2025-10-31 23:52:09,217 [Stop Help Server] INFO  org.eclipse.jetty.server.Server - Stopped Server@231af018{STOPPING}[10.0.6,sto=0]
2025-10-31 23:52:09,234 [Stop Help Server] INFO  o.e.jetty.server.AbstractConnector - Stopped ServerConnector@72ace0a3{HTTP/1.1, (http/1.1)}{127.0.0.1:0}
2025-10-31 23:52:09,261 [Stop Help Server] INFO  o.e.j.server.handler.ContextHandler - Stopped o.e.j.s.ServletContextHandler@6e300cb2{/help,null,STOPPED}
2025-10-31 23:52:45,873 [Worker-0: Loading available Gradle versions] INFO  o.e.b.c.i.u.g.PublishedGradleVersions - Gradle version information cache is up-to-date. Trying to read.
2025-10-31 23:52:56,288 [Worker-0: Updating indexes] INFO  o.e.m.c.i.i.nexus.NexusIndexManager - Updating index for repository: central|https://repo.maven.apache.org/maven2
2025-10-31 23:52:57,193 [Worker-9: Updating Maven Dependencies] INFO  o.e.m.c.i.l.LifecycleMappingFactory - Using org.maven.ide.eclipse.wtp.WarLifecycleMapping lifecycle mapping for MavenProject: EmployeeCRUD:com.demo:0.0.1-SNAPSHOT @ C:\Users\VEERESH K C\Servelet-Project-Workspace\com.demo\pom.xml.
2025-10-31 23:53:14,901 [Worker-6: Building] INFO  o.a.m.s.f.DefaultMavenResourcesFiltering - Copying 1 resource from src\main\resources to target\classes
2025-10-31 23:53:14,975 [Worker-6: Building] INFO  o.a.m.s.f.DefaultMavenResourcesFiltering - skip non existing resourceDirectory C:\Users\VEERESH K C\Servelet-Project-Workspace\com.demo\src\test\resources
2025-11-01 00:00:22,653 [Worker-17: Building] INFO  o.a.m.s.f.DefaultMavenResourcesFiltering - Copying 0 resource from src\main\resources to target\classes
2025-11-01 00:00:22,662 [Worker-17: Building] INFO  o.a.m.s.f.DefaultMavenResourcesFiltering - skip non existing resourceDirectory C:\Users\VEERESH K C\Servelet-Project-Workspace\com.demo\src\test\resources
2025-11-01 00:02:43,851 [Start Help Server] INFO  org.eclipse.jetty.server.Server - jetty-10.0.6; built: 2021-06-29T15:28:56.259Z; git: 37e7731b4b142a882d73974ff3bec78d621bd674; jvm 17.0.2+8
2025-11-01 00:02:44,274 [Start Help Server] INFO  o.e.j.s.s.DefaultSessionIdManager - Session workerName=node0
2025-11-01 00:02:44,664 [Start Help Server] INFO  o.e.j.server.handler.ContextHandler - Started o.e.j.s.ServletContextHandler@76f64b19{/help,null,AVAILABLE}
2025-11-01 00:02:44,850 [Start Help Server] INFO  o.e.jetty.server.AbstractConnector - Started ServerConnector@636675dd{HTTP/1.1, (http/1.1)}{127.0.0.1:50979}
2025-11-01 00:02:44,908 [Start Help Server] INFO  org.eclipse.jetty.server.Server - Started Server@1bd51552{STARTING}[10.0.6,sto=0] @633839ms
2025-11-01 00:04:22,810 [Worker-20: Building] INFO  o.a.m.s.f.DefaultMavenResourcesFiltering - Copying 1 resource from src\main\resources to target\classes
2025-11-01 00:04:22,824 [Worker-20: Building] INFO  o.a.m.s.f.DefaultMavenResourcesFiltering - skip non existing resourceDirectory C:\Users\VEERESH K C\Servelet-Project-Workspace\com.demo\src\test\resources
2025-11-01 00:13:00,040 [Worker-16: Building] INFO  o.a.m.s.f.DefaultMavenResourcesFiltering - Copying 1 resource from src\main\resources to target\classes
2025-11-01 00:13:00,282 [Worker-16: Building] INFO  o.a.m.s.f.DefaultMavenResourcesFiltering - skip non existing resourceDirectory C:\Users\VEERESH K C\Servelet-Project-Workspace\com.demo\src\test\resources
2025-11-01 00:17:28,810 [Worker-27: Building] INFO  o.a.m.s.f.DefaultMavenResourcesFiltering - Copying 1 resource from src\main\resources to target\classes
2025-11-01 00:17:28,816 [Worker-27: Building] INFO  o.a.m.s.f.DefaultMavenResourcesFiltering - skip non existing resourceDirectory C:\Users\VEERESH K C\Servelet-Project-Workspace\com.demo\src\test\resources
2025-11-01 00:27:04,352 [Worker-33: Building] INFO  o.a.m.s.f.DefaultMavenResourcesFiltering - Copying 1 resource from src\main\resources to target\classes
2025-11-01 00:27:04,363 [Worker-33: Building] INFO  o.a.m.s.f.DefaultMavenResourcesFiltering - skip non existing resourceDirectory C:\Users\VEERESH K C\Servelet-Project-Workspace\com.demo\src\test\resources
2025-11-01 00:33:26,275 [Worker-34: Building] INFO  o.a.m.s.f.DefaultMavenResourcesFiltering - Copying 1 resource from src\main\resources to target\classes
2025-11-01 00:33:26,315 [Worker-34: Building] INFO  o.a.m.s.f.DefaultMavenResourcesFiltering - skip non existing resourceDirectory C:\Users\VEERESH K C\Servelet-Project-Workspace\com.demo\src\test\resources
2025-11-01 00:36:13,328 [Worker-34: Building] INFO  o.a.m.s.f.DefaultMavenResourcesFiltering - Copying 1 resource from src\main\resources to target\classes
2025-11-01 00:36:13,413 [Worker-34: Building] INFO  o.a.m.s.f.DefaultMavenResourcesFiltering - skip non existing resourceDirectory C:\Users\VEERESH K C\Servelet-Project-Workspace\com.demo\src\test\resources
2025-11-01 00:36:45,328 [Stop Help Server] INFO  org.eclipse.jetty.server.Server - Stopped Server@1bd51552{STOPPING}[10.0.6,sto=0]
2025-11-01 00:36:45,508 [Stop Help Server] INFO  o.e.jetty.server.AbstractConnector - Stopped ServerConnector@636675dd{HTTP/1.1, (http/1.1)}{127.0.0.1:0}
2025-11-01 00:36:45,987 [Stop Help Server] INFO  o.e.j.server.handler.ContextHandler - Stopped o.e.j.s.ServletContextHandler@76f64b19{/help,null,STOPPED}
2025-11-01 19:16:30,940 [Worker-0: Loading available Gradle versions] INFO  o.e.b.c.i.u.g.PublishedGradleVersions - Gradle version information cache is up-to-date. Trying to read.
2025-11-01 19:16:39,232 [Worker-5: Updating indexes] INFO  o.e.m.c.i.i.nexus.NexusIndexManager - Updating index for repository: central|https://repo.maven.apache.org/maven2
2025-11-01 19:16:39,732 [Worker-5: Updating indexes] ERROR o.e.m.c.i.i.nexus.NexusIndexManager - Unable to update index for central|https://repo.maven.apache.org/maven2
java.net.UnknownHostException: No such host is known (repo.maven.apache.org)
	at java.base/java.net.Inet6AddressImpl.lookupAllHostAddr(Native Method)
	at java.base/java.net.InetAddress$PlatformNameService.lookupAllHostAddr(InetAddress.java:933)
	at java.base/java.net.InetAddress.getAddressesFromNameService(InetAddress.java:1519)
	at java.base/java.net.InetAddress$NameServiceAddresses.get(InetAddress.java:852)
	at java.base/java.net.InetAddress.getAllByName0(InetAddress.java:1509)
	at java.base/java.net.InetAddress.getAllByName(InetAddress.java:1367)
	at java.base/java.net.InetAddress.getAllByName(InetAddress.java:1301)
	at okhttp3.Dns.lambda$static$0(Dns.java:39)
	at okhttp3.internal.connection.RouteSelector.resetNextInetSocketAddress(RouteSelector.java:171)
	at okhttp3.internal.connection.RouteSelector.nextProxy(RouteSelector.java:135)
	at okhttp3.internal.connection.RouteSelector.next(RouteSelector.java:84)
	at okhttp3.internal.connection.ExchangeFinder.findConnection(ExchangeFinder.java:187)
	at okhttp3.internal.connection.ExchangeFinder.findHealthyConnection(ExchangeFinder.java:107)
	at okhttp3.internal.connection.ExchangeFinder.find(ExchangeFinder.java:87)
	at okhttp3.internal.connection.Transmitter.newExchange(Transmitter.java:169)
	at okhttp3.internal.connection.ConnectInterceptor.intercept(ConnectInterceptor.java:41)
	at okhttp3.internal.http.RealInterceptorChain.proceed(RealInterceptorChain.java:142)
	at okhttp3.internal.http.RealInterceptorChain.proceed(RealInterceptorChain.java:117)
	at okhttp3.internal.cache.CacheInterceptor.intercept(CacheInterceptor.java:94)
	at okhttp3.internal.http.RealInterceptorChain.proceed(RealInterceptorChain.java:142)
	at okhttp3.internal.http.RealInterceptorChain.proceed(RealInterceptorChain.java:117)
	at okhttp3.internal.http.BridgeInterceptor.intercept(BridgeInterceptor.java:93)
	at okhttp3.internal.http.RealInterceptorChain.proceed(RealInterceptorChain.java:142)
	at okhttp3.internal.http.RetryAndFollowUpInterceptor.intercept(RetryAndFollowUpInterceptor.java:88)
	at okhttp3.internal.http.RealInterceptorChain.proceed(RealInterceptorChain.java:142)
	at okhttp3.internal.http.RealInterceptorChain.proceed(RealInterceptorChain.java:117)
	at okhttp3.RealCall.getResponseWithInterceptorChain(RealCall.java:221)
	at okhttp3.RealCall.execute(RealCall.java:81)
	at io.takari.aether.okhttp.OkHttpAetherClient.execute(OkHttpAetherClient.java:215)
	at io.takari.aether.okhttp.OkHttpAetherClient.get(OkHttpAetherClient.java:161)
	at org.eclipse.m2e.core.internal.index.nexus.AetherClientResourceFetcher.retrieve(AetherClientResourceFetcher.java:109)
	at org.apache.maven.index.updater.DefaultIndexUpdater.downloadIndexProperties(DefaultIndexUpdater.java:342)
	at org.apache.maven.index.updater.DefaultIndexUpdater.access$000(DefaultIndexUpdater.java:76)
	at org.apache.maven.index.updater.DefaultIndexUpdater$IndexAdaptor.setProperties(DefaultIndexUpdater.java:465)
	at org.apache.maven.index.updater.DefaultIndexUpdater.fetchAndUpdateIndex(DefaultIndexUpdater.java:681)
	at org.apache.maven.index.updater.DefaultIndexUpdater.fetchAndUpdateIndex(DefaultIndexUpdater.java:138)
	at org.eclipse.m2e.core.internal.index.nexus.NexusIndexManager.updateRemoteIndex(NexusIndexManager.java:1158)
	at org.eclipse.m2e.core.internal.index.nexus.NexusIndexManager.updateIndex(NexusIndexManager.java:1115)
	at org.eclipse.m2e.core.internal.index.nexus.NexusIndexManager.lambda$0(NexusIndexManager.java:680)
	at org.eclipse.m2e.core.internal.index.nexus.IndexUpdaterJob.run(IndexUpdaterJob.java:77)
	at org.eclipse.core.internal.jobs.Worker.run(Worker.java:63)
2025-11-01 19:16:48,963 [Worker-11: Updating Maven Dependencies] INFO  o.e.m.c.i.l.LifecycleMappingFactory - Using org.maven.ide.eclipse.wtp.WarLifecycleMapping lifecycle mapping for MavenProject: EmployeeCRUD:com.demo:0.0.1-SNAPSHOT @ C:\Users\VEERESH K C\Servelet-Project-Workspace\com.demo\pom.xml.
